regNo,name,gender,branch,branchCode,year,batch,admissionYear,email,phone
2301100001,Ashutosh Palei,Male,Computer Science and Engineering,CSE,4th Year,2023-2027,2023,2301100001@gcekjr.ac.in,6336426096
2301100002,Vikram Sahoo,Male,Computer Science and Engineering,CSE,4th Year,2023-2027,2023,2301100002@gcekjr.ac.in,9813653236
2301100003,Debasis Nayak,Male,Computer Science and Engineering,CSE,4th Year,2023-2027,2023,2301100003@gcekjr.ac.in,8389820184
2301100004,Gaurav Jagadev,Male,Computer Science and Engineering,CSE,4th Year,2023-2027,2023,2301100004@gcekjr.ac.in,8469689569
2301100005,Rajesh Mishra,Male,Computer Science and Engineering,CSE,4th Year,2023-2027,2023,2301100005@gcekjr.ac.in,9689857218
2301100006,Trilochan Sahu,Male,Computer Science and Engineering,CSE,4th Year,2023-2027,2023,2301100006@gcekjr.ac.in,8481264160
2301100007,Yash Mohanty,Male,Computer Science and Engineering,CSE,4th Year,2023-2027,2023,2301100007@gcekjr.ac.in,8673077420
2301100008,Madhusmita Jena,Female,Computer Science and Engineering,CSE,4th Year,2023-2027,2023,2301100008@gcekjr.ac.in,8218275361
2301100009,Ujjwal Panda,Male,Computer Science and Engineering,CSE,4th Year,2023-2027,2023,2301100009@gcekjr.ac.in,6097367913
2301100010,Harekrushna Sahu,Male,Computer Science and Engineering,CSE,4th Year,2023-2027,2023,2301100010@gcekjr.ac.in,9637807741
2301100011,Niranjan Hota,Male,Computer Science and Engineering,CSE,4th Year,2023-2027,2023,2301100011@gcekjr.ac.in,6205896470
2301100012,Lokanath Patnaik,Male,Computer Science and Engineering,CSE,4th Year,2023-2027,2023,2301100012@gcekjr.ac.in,6032727028
2301100013,Ipsita Parida,Female,Computer Science and Engineering,CSE,4th Year,2023-2027,2023,2301100013@gcekjr.ac.in,6557225799
2301100014,Manisha Tripathy,Female,Computer Science and Engineering,CSE,4th Year,2023-2027,2023,2301100014@gcekjr.ac.in,7523016414
2301100015,Hemalata Jena,Female,Computer Science and Engineering,CSE,4th Year,2023-2027,2023,2301100015@gcekjr.ac.in,9805212707
2301100016,Deepak Maharana,Male,Computer Science and Engineering,CSE,4th Year,2023-2027,2023,2301100016@gcekjr.ac.in,8705671245
2301100017,Harekrushna Bhoi,Male,Computer Science and Engineering,CSE,4th Year,2023-2027,2023,2301100017@gcekjr.ac.in,8103814789
2301100018,Hemant Subudhi,Male,Computer Science and Engineering,CSE,4th Year,2023-2027,2023,2301100018@gcekjr.ac.in,8250633354
2301100019,Ujjwal Das,Male,Computer Science and Engineering,CSE,4th Year,2023-2027,2023,2301100019@gcekjr.ac.in,7808465168
2301100020,Aryan Majhi,Male,Computer Science and Engineering,CSE,4th Year,2023-2027,2023,2301100020@gcekjr.ac.in,6532154821
2301100021,Yash Pradhan,Male,Computer Science and Engineering,CSE,4th Year,2023-2027,2023,2301100021@gcekjr.ac.in,6308321367
2301100022,Vikram Kar,Male,Computer Science and Engineering,CSE,4th Year,2023-2027,2023,2301100022@gcekjr.ac.in,7636106046
2301100023,Saroj Dalai,Male,Computer Science and Engineering,CSE,4th Year,2023-2027,2023,2301100023@gcekjr.ac.in,6765429877
2301100024,Manas Biswal,Male,Computer Science and Engineering,CSE,4th Year,2023-2027,2023,2301100024@gcekjr.ac.in,6415402525
2301100025,Lopamudra Senapati,Female,Computer Science and Engineering,CSE,4th Year,2023-2027,2023,2301100025@gcekjr.ac.in,7722501718
2301100026,Biswajit Jena,Male,Computer Science and Engineering,CSE,4th Year,2023-2027,2023,2301100026@gcekjr.ac.in,6222296494
2301100027,Pragyan Mishra,Female,Computer Science and Engineering,CSE,4th Year,2023-2027,2023,2301100027@gcekjr.ac.in,7891982775
2301100028,Sarita Muduli,Female,Computer Science and Engineering,CSE,4th Year,2023-2027,2023,2301100028@gcekjr.ac.in,9186099258
2301100029,Debjani Majhi,Female,Computer Science and Engineering,CSE,4th Year,2023-2027,2023,2301100029@gcekjr.ac.in,7912813207
2301100030,Sasmita Mohanty,Female,Computer Science and Engineering,CSE,4th Year,2023-2027,2023,2301100030@gcekjr.ac.in,8529148607
2301100031,Nandini Mallick,Female,Computer Science and Engineering,CSE,4th Year,2023-2027,2023,2301100031@gcekjr.ac.in,7780928346
2301100032,Madhusmita Dalai,Female,Computer Science and Engineering,CSE,4th Year,2023-2027,2023,2301100032@gcekjr.ac.in,7272929060
2301100033,Sarita Pradhan,Female,Computer Science and Engineering,CSE,4th Year,2023-2027,2023,2301100033@gcekjr.ac.in,6091188388
2301100034,Bibhu Swain,Male,Computer Science and Engineering,CSE,4th Year,2023-2027,2023,2301100034@gcekjr.ac.in,7425538368
2301100035,Usharani Jagadev,Female,Computer Science and Engineering,CSE,4th Year,2023-2027,2023,2301100035@gcekjr.ac.in,7181624120
2301100036,Lopamudra Tripathy,Female,Computer Science and Engineering,CSE,4th Year,2023-2027,2023,2301100036@gcekjr.ac.in,7259831826
2301100037,Gayatri Naik,Female,Computer Science and Engineering,CSE,4th Year,2023-2027,2023,2301100037@gcekjr.ac.in,6936203736
2301100038,Lokanath Dash,Male,Computer Science and Engineering,CSE,4th Year,2023-2027,2023,2301100038@gcekjr.ac.in,7376735682
2301100039,Jagruti Senapati,Female,Computer Science and Engineering,CSE,4th Year,2023-2027,2023,2301100039@gcekjr.ac.in,6818455368
2301100040,Elina Pradhan,Female,Computer Science and Engineering,CSE,4th Year,2023-2027,2023,2301100040@gcekjr.ac.in,6538130194
2301100041,Itishree Dey,Female,Computer Science and Engineering,CSE,4th Year,2023-2027,2023,2301100041@gcekjr.ac.in,9977791012
2301100042,Nandini Acharya,Female,Computer Science and Engineering,CSE,4th Year,2023-2027,2023,2301100042@gcekjr.ac.in,9654209067
2301100043,Harekrushna Nayak,Male,Computer Science and Engineering,CSE,4th Year,2023-2027,2023,2301100043@gcekjr.ac.in,7884065624
2301100044,Hemant Subudhi,Male,Computer Science and Engineering,CSE,4th Year,2023-2027,2023,2301100044@gcekjr.ac.in,8912663122
2301100045,Saroj Khuntia,Male,Computer Science and Engineering,CSE,4th Year,2023-2027,2023,2301100045@gcekjr.ac.in,9021388876
2301100046,Sagar Dalai,Male,Computer Science and Engineering,CSE,4th Year,2023-2027,2023,2301100046@gcekjr.ac.in,8235415277
2301100047,Chandan Pati,Male,Computer Science and Engineering,CSE,4th Year,2023-2027,2023,2301100047@gcekjr.ac.in,6708778626
2301100048,Lopamudra Rout,Female,Computer Science and Engineering,CSE,4th Year,2023-2027,2023,2301100048@gcekjr.ac.in,7663526086
2301100049,Ipsita Barik,Female,Computer Science and Engineering,CSE,4th Year,2023-2027,2023,2301100049@gcekjr.ac.in,9731910899
2301100050,Ashutosh Senapati,Male,Computer Science and Engineering,CSE,4th Year,2023-2027,2023,2301100050@gcekjr.ac.in,8742641902
2301100051,Jagannath Kar,Male,Computer Science and Engineering,CSE,4th Year,2023-2027,2023,2301100051@gcekjr.ac.in,9867023302
2301100052,Girish Routray,Male,Computer Science and Engineering,CSE,4th Year,2023-2027,2023,2301100052@gcekjr.ac.in,6576997998
2301100053,Priyanka Parida,Female,Computer Science and Engineering,CSE,4th Year,2023-2027,2023,2301100053@gcekjr.ac.in,9016059012
2301100054,Tapaswini Swain,Female,Computer Science and Engineering,CSE,4th Year,2023-2027,2023,2301100054@gcekjr.ac.in,7573460952
2301100055,Kanchan Routray,Female,Computer Science and Engineering,CSE,4th Year,2023-2027,2023,2301100055@gcekjr.ac.in,6523154903
2301100056,Gitanjali Mishra,Female,Computer Science and Engineering,CSE,4th Year,2023-2027,2023,2301100056@gcekjr.ac.in,6917502320
2301100057,Gyana Routray,Male,Computer Science and Engineering,CSE,4th Year,2023-2027,2023,2301100057@gcekjr.ac.in,6719679915
2301100058,Nabin Giri,Male,Computer Science and Engineering,CSE,4th Year,2023-2027,2023,2301100058@gcekjr.ac.in,7625005379
2301100059,Niranjan Mohanty,Male,Computer Science and Engineering,CSE,4th Year,2023-2027,2023,2301100059@gcekjr.ac.in,6456533981
2301100060,Bijayalaxmi Muduli,Female,Computer Science and Engineering,CSE,4th Year,2023-2027,2023,2301100060@gcekjr.ac.in,7872435704
2301100061,Ankit Muduli,Male,Computer Science and Engineering,CSE,4th Year,2023-2027,2023,2301100061@gcekjr.ac.in,6678408947
2301100062,Debasis Mishra,Male,Computer Science and Engineering,CSE,4th Year,2023-2027,2023,2301100062@gcekjr.ac.in,7313942954
2301100063,Ipsita Muduli,Female,Computer Science and Engineering,CSE,4th Year,2023-2027,2023,2301100063@gcekjr.ac.in,7503899262
2301100064,Jitendra Dey,Male,Computer Science and Engineering,CSE,4th Year,2023-2027,2023,2301100064@gcekjr.ac.in,9797948676
2301100065,Nibedita Tripathy,Female,Computer Science and Engineering,CSE,4th Year,2023-2027,2023,2301100065@gcekjr.ac.in,9509849373
2301100066,Itish Tripathy,Male,Computer Science and Engineering,CSE,4th Year,2023-2027,2023,2301100066@gcekjr.ac.in,8302906087
2301100067,Gitanjali Giri,Female,Computer Science and Engineering,CSE,4th Year,2023-2027,2023,2301100067@gcekjr.ac.in,8920998526
2301100068,Chinmay Majhi,Male,Computer Science and Engineering,CSE,4th Year,2023-2027,2023,2301100068@gcekjr.ac.in,6561936677
2301100069,Kanchan Naik,Female,Computer Science and Engineering,CSE,4th Year,2023-2027,2023,2301100069@gcekjr.ac.in,7902126374
2301100070,Lokanath Mishra,Male,Computer Science and Engineering,CSE,4th Year,2023-2027,2023,2301100070@gcekjr.ac.in,9830465792
2301100071,Himanshu Maharana,Male,Computer Science and Engineering,CSE,4th Year,2023-2027,2023,2301100071@gcekjr.ac.in,6071962560
2301100072,Dibyajyoti Pradhan,Male,Computer Science and Engineering,CSE,4th Year,2023-2027,2023,2301100072@gcekjr.ac.in,7368458186
2301100073,Gaurav Sahoo,Male,Computer Science and Engineering,CSE,4th Year,2023-2027,2023,2301100073@gcekjr.ac.in,8862820303
2301100074,Girish Tripathy,Male,Computer Science and Engineering,CSE,4th Year,2023-2027,2023,2301100074@gcekjr.ac.in,9182791146
2301100075,Pradyumna Swain,Male,Computer Science and Engineering,CSE,4th Year,2023-2027,2023,2301100075@gcekjr.ac.in,7705755308
2301100076,Sasmita Mishra,Female,Computer Science and Engineering,CSE,4th Year,2023-2027,2023,2301100076@gcekjr.ac.in,6191842575
2301100077,Utkarsh Rout,Male,Computer Science and Engineering,CSE,4th Year,2023-2027,2023,2301100077@gcekjr.ac.in,7268238948
2301100078,Rajesh Behera,Male,Computer Science and Engineering,CSE,4th Year,2023-2027,2023,2301100078@gcekjr.ac.in,6953031008
2301100079,Gaurav Das,Male,Computer Science and Engineering,CSE,4th Year,2023-2027,2023,2301100079@gcekjr.ac.in,7908713298
2301100080,Lokanath Pradhan,Male,Computer Science and Engineering,CSE,4th Year,2023-2027,2023,2301100080@gcekjr.ac.in,6132429737
2301100081,Lopamudra Sahu,Female,Computer Science and Engineering,CSE,4th Year,2023-2027,2023,2301100081@gcekjr.ac.in,7993002422
2301100082,Ipsita Panda,Female,Computer Science and Engineering,CSE,4th Year,2023-2027,2023,2301100082@gcekjr.ac.in,7521204567
2301100083,Vikram Barik,Male,Computer Science and Engineering,CSE,4th Year,2023-2027,2023,2301100083@gcekjr.ac.in,6407679326
2301100084,Ipsit Sahu,Male,Computer Science and Engineering,CSE,4th Year,2023-2027,2023,2301100084@gcekjr.ac.in,6441053303
2301100085,Vandana Giri,Female,Computer Science and Engineering,CSE,4th Year,2023-2027,2023,2301100085@gcekjr.ac.in,7594720071
2301100086,Utkarsh Rout,Male,Computer Science and Engineering,CSE,4th Year,2023-2027,2023,2301100086@gcekjr.ac.in,8566004016
2301100087,Gitanjali Senapati,Female,Computer Science and Engineering,CSE,4th Year,2023-2027,2023,2301100087@gcekjr.ac.in,9487636498
2301100088,Hemant Bhoi,Male,Computer Science and Engineering,CSE,4th Year,2023-2027,2023,2301100088@gcekjr.ac.in,6020584883
2301100089,Ankit Sahu,Male,Computer Science and Engineering,CSE,4th Year,2023-2027,2023,2301100089@gcekjr.ac.in,9889980653
2301100090,Deepak Mohanty,Male,Computer Science and Engineering,CSE,4th Year,2023-2027,2023,2301100090@gcekjr.ac.in,7117630614
2301100091,Saroj Naik,Male,Computer Science and Engineering,CSE,4th Year,2023-2027,2023,2301100091@gcekjr.ac.in,8451431402
2301100092,Esha Sahu,Female,Computer Science and Engineering,CSE,4th Year,2023-2027,2023,2301100092@gcekjr.ac.in,8590278749
2301100093,Kartik Das,Male,Computer Science and Engineering,CSE,4th Year,2023-2027,2023,2301100093@gcekjr.ac.in,9953874305
2301100094,Vikram Bhoi,Male,Computer Science and Engineering,CSE,4th Year,2023-2027,2023,2301100094@gcekjr.ac.in,8611134994
2301100095,Girish Khuntia,Male,Computer Science and Engineering,CSE,4th Year,2023-2027,2023,2301100095@gcekjr.ac.in,8728937079
2301100096,Niranjan Swain,Male,Computer Science and Engineering,CSE,4th Year,2023-2027,2023,2301100096@gcekjr.ac.in,6922955345
2301100097,Lalatendu Naik,Male,Computer Science and Engineering,CSE,4th Year,2023-2027,2023,2301100097@gcekjr.ac.in,8284246632
2301100098,Namrata Bhoi,Female,Computer Science and Engineering,CSE,4th Year,2023-2027,2023,2301100098@gcekjr.ac.in,6303444823
2301100099,Nandini Dash,Female,Computer Science and Engineering,CSE,4th Year,2023-2027,2023,2301100099@gcekjr.ac.in,7478626452
2301100100,Ujjwal Mishra,Male,Computer Science and Engineering,CSE,4th Year,2023-2027,2023,2301100100@gcekjr.ac.in,9619765946
2301100101,Ashutosh Jagadev,Male,Computer Science and Engineering,CSE,4th Year,2023-2027,2023,2301100101@gcekjr.ac.in,7972514251
2301100102,Kartik Dey,Male,Computer Science and Engineering,CSE,4th Year,2023-2027,2023,2301100102@gcekjr.ac.in,8546139907
2301100103,Utkarsh Nayak,Male,Computer Science and Engineering,CSE,4th Year,2023-2027,2023,2301100103@gcekjr.ac.in,8940760969
2301100104,Kartik Palei,Male,Computer Science and Engineering,CSE,4th Year,2023-2027,2023,2301100104@gcekjr.ac.in,8776204982
2301100105,Trilochan Subudhi,Male,Computer Science and Engineering,CSE,4th Year,2023-2027,2023,2301100105@gcekjr.ac.in,6332067446
2301100106,Trupti Bhoi,Female,Computer Science and Engineering,CSE,4th Year,2023-2027,2023,2301100106@gcekjr.ac.in,9148431400
2301100107,Jitendra Behera,Male,Computer Science and Engineering,CSE,4th Year,2023-2027,2023,2301100107@gcekjr.ac.in,6246136394
2301100108,Nandini Parida,Female,Computer Science and Engineering,CSE,4th Year,2023-2027,2023,2301100108@gcekjr.ac.in,8083268093
2301100109,Deepak Tripathy,Male,Computer Science and Engineering,CSE,4th Year,2023-2027,2023,2301100109@gcekjr.ac.in,9952232265
2301100110,Chinmay Sethi,Male,Computer Science and Engineering,CSE,4th Year,2023-2027,2023,2301100110@gcekjr.ac.in,7676607268
2301100111,Hemant Pati,Male,Computer Science and Engineering,CSE,4th Year,2023-2027,2023,2301100111@gcekjr.ac.in,9101417256
2301100112,Subham Biswal,Male,Computer Science and Engineering,CSE,4th Year,2023-2027,2023,2301100112@gcekjr.ac.in,8450484683
2301100113,Om Sethi,Male,Computer Science and Engineering,CSE,4th Year,2023-2027,2023,2301100113@gcekjr.ac.in,9176928682
2301100114,Biswajit Kar,Male,Computer Science and Engineering,CSE,4th Year,2023-2027,2023,2301100114@gcekjr.ac.in,7744357649
2301100115,Chandan Rout,Male,Computer Science and Engineering,CSE,4th Year,2023-2027,2023,2301100115@gcekjr.ac.in,9062502060
2301100116,Lalatendu Bhoi,Male,Computer Science and Engineering,CSE,4th Year,2023-2027,2023,2301100116@gcekjr.ac.in,8566020226
2301100117,Bijayalaxmi Pradhan,Female,Computer Science and Engineering,CSE,4th Year,2023-2027,2023,2301100117@gcekjr.ac.in,6206997989
2301100118,Rohit Samal,Male,Computer Science and Engineering,CSE,4th Year,2023-2027,2023,2301100118@gcekjr.ac.in,6361210320
2301100119,Esha Palei,Female,Computer Science and Engineering,CSE,4th Year,2023-2027,2023,2301100119@gcekjr.ac.in,9212809949
2301100120,Debasis Senapati,Male,Computer Science and Engineering,CSE,4th Year,2023-2027,2023,2301100120@gcekjr.ac.in,6782422351
2301100121,Rajesh Dash,Male,Computer Science and Engineering,CSE,4th Year,2023-2027,2023,2301100121@gcekjr.ac.in,9237026212
2301100122,Elina Samal,Female,Computer Science and Engineering,CSE,4th Year,2023-2027,2023,2301100122@gcekjr.ac.in,6647287246
2301100123,Chinmay Mohanty,Male,Computer Science and Engineering,CSE,4th Year,2023-2027,2023,2301100123@gcekjr.ac.in,9569552765
2301100124,Monalisa Dalai,Female,Computer Science and Engineering,CSE,4th Year,2023-2027,2023,2301100124@gcekjr.ac.in,8215238846
2301100125,Ipsit Barik,Male,Computer Science and Engineering,CSE,4th Year,2023-2027,2023,2301100125@gcekjr.ac.in,7015109712
2301100126,Ujjwal Rout,Male,Computer Science and Engineering,CSE,4th Year,2023-2027,2023,2301100126@gcekjr.ac.in,8335313076
2301100127,Mantu Giri,Male,Computer Science and Engineering,CSE,4th Year,2023-2027,2023,2301100127@gcekjr.ac.in,7546488611
2301100128,Priyanka Bhoi,Female,Computer Science and Engineering,CSE,4th Year,2023-2027,2023,2301100128@gcekjr.ac.in,7025556369
2301100129,Nandini Senapati,Female,Computer Science and Engineering,CSE,4th Year,2023-2027,2023,2301100129@gcekjr.ac.in,9055589489
2301100130,Ashutosh Nayak,Male,Computer Science and Engineering,CSE,4th Year,2023-2027,2023,2301100130@gcekjr.ac.in,9551403311
2301100131,Usharani Subudhi,Female,Computer Science and Engineering,CSE,4th Year,2023-2027,2023,2301100131@gcekjr.ac.in,9180466325
2301100132,Jitendra Das,Male,Computer Science and Engineering,CSE,4th Year,2023-2027,2023,2301100132@gcekjr.ac.in,9995450446
2301100133,Biswajit Tripathy,Male,Computer Science and Engineering,CSE,4th Year,2023-2027,2023,2301100133@gcekjr.ac.in,6438238146
2301100134,Lokanath Behera,Male,Computer Science and Engineering,CSE,4th Year,2023-2027,2023,2301100134@gcekjr.ac.in,7839689869
2301100135,Ankita Palei,Female,Computer Science and Engineering,CSE,4th Year,2023-2027,2023,2301100135@gcekjr.ac.in,8716536246
2301100136,Ipsit Patnaik,Male,Computer Science and Engineering,CSE,4th Year,2023-2027,2023,2301100136@gcekjr.ac.in,8323275451
2301100137,Jyotsna Jagadev,Female,Computer Science and Engineering,CSE,4th Year,2023-2027,2023,2301100137@gcekjr.ac.in,6163200592
2301100138,Pratap Barik,Male,Computer Science and Engineering,CSE,4th Year,2023-2027,2023,2301100138@gcekjr.ac.in,7353831834
2301100139,Debendra Dey,Male,Computer Science and Engineering,CSE,4th Year,2023-2027,2023,2301100139@gcekjr.ac.in,6006126193
2301100140,Nandini Maharana,Female,Computer Science and Engineering,CSE,4th Year,2023-2027,2023,2301100140@gcekjr.ac.in,7713360320
2301100141,Rohit Samal,Male,Computer Science and Engineering,CSE,4th Year,2023-2027,2023,2301100141@gcekjr.ac.in,7883021492
2301100142,Vivekananda Sahu,Male,Computer Science and Engineering,CSE,4th Year,2023-2027,2023,2301100142@gcekjr.ac.in,7720319606
2301100143,Itish Nayak,Male,Computer Science and Engineering,CSE,4th Year,2023-2027,2023,2301100143@gcekjr.ac.in,6594145248
2301100144,Lipsa Sahoo,Female,Computer Science and Engineering,CSE,4th Year,2023-2027,2023,2301100144@gcekjr.ac.in,7320090097
2301100145,Nandini Biswal,Female,Computer Science and Engineering,CSE,4th Year,2023-2027,2023,2301100145@gcekjr.ac.in,7345343035
2301100146,Alina Tripathy,Female,Computer Science and Engineering,CSE,4th Year,2023-2027,2023,2301100146@gcekjr.ac.in,9868833811
2301100147,Pradyumna Bhoi,Male,Computer Science and Engineering,CSE,4th Year,2023-2027,2023,2301100147@gcekjr.ac.in,6625358831
2301100148,Om Dalai,Male,Computer Science and Engineering,CSE,4th Year,2023-2027,2023,2301100148@gcekjr.ac.in,8129386501
2301100149,Deepak Bhoi,Male,Computer Science and Engineering,CSE,4th Year,2023-2027,2023,2301100149@gcekjr.ac.in,9678032084
2301100150,Biswajit Samal,Male,Computer Science and Engineering,CSE,4th Year,2023-2027,2023,2301100150@gcekjr.ac.in,8651756727
2301100151,Yash Behera,Male,Computer Science and Engineering,CSE,4th Year,2023-2027,2023,2301100151@gcekjr.ac.in,8292523968
2301100152,Namrata Dey,Female,Computer Science and Engineering,CSE,4th Year,2023-2027,2023,2301100152@gcekjr.ac.in,6022103826
2301100153,Bibhu Behera,Male,Computer Science and Engineering,CSE,4th Year,2023-2027,2023,2301100153@gcekjr.ac.in,8019362003
2301100154,Anita Acharya,Female,Computer Science and Engineering,CSE,4th Year,2023-2027,2023,2301100154@gcekjr.ac.in,8437166455
2301100155,Kartik Hota,Male,Computer Science and Engineering,CSE,4th Year,2023-2027,2023,2301100155@gcekjr.ac.in,7358684406
2301100156,Himanshu Dey,Male,Computer Science and Engineering,CSE,4th Year,2023-2027,2023,2301100156@gcekjr.ac.in,6846964317
2301100157,Vivekananda Pradhan,Male,Computer Science and Engineering,CSE,4th Year,2023-2027,2023,2301100157@gcekjr.ac.in,6038168960
2301100158,Bhagyashree Acharya,Female,Computer Science and Engineering,CSE,4th Year,2023-2027,2023,2301100158@gcekjr.ac.in,6531069165
2301100159,Ipsita Khuntia,Female,Computer Science and Engineering,CSE,4th Year,2023-2027,2023,2301100159@gcekjr.ac.in,7275760394
2301100160,Pratap Maharana,Male,Computer Science and Engineering,CSE,4th Year,2023-2027,2023,2301100160@gcekjr.ac.in,8734316450
2301100161,Debjani Mohanty,Female,Computer Science and Engineering,CSE,4th Year,2023-2027,2023,2301100161@gcekjr.ac.in,6942487396
2301100162,Ankita Acharya,Female,Computer Science and Engineering,CSE,4th Year,2023-2027,2023,2301100162@gcekjr.ac.in,6449767255
2301100163,Alina Subudhi,Female,Computer Science and Engineering,CSE,4th Year,2023-2027,2023,2301100163@gcekjr.ac.in,7024838006
2301100164,Ipsit Kar,Male,Computer Science and Engineering,CSE,4th Year,2023-2027,2023,2301100164@gcekjr.ac.in,9739891563
2301100165,Harekrushna Samal,Male,Computer Science and Engineering,CSE,4th Year,2023-2027,2023,2301100165@gcekjr.ac.in,8867236228
2301100166,Lopamudra Mishra,Female,Computer Science and Engineering,CSE,4th Year,2023-2027,2023,2301100166@gcekjr.ac.in,6396077384
2301100167,Chandan Muduli,Male,Computer Science and Engineering,CSE,4th Year,2023-2027,2023,2301100167@gcekjr.ac.in,7219566994
2301100168,Gyana Sahu,Male,Computer Science and Engineering,CSE,4th Year,2023-2027,2023,2301100168@gcekjr.ac.in,6247901593
2301100169,Pragyan Routray,Female,Computer Science and Engineering,CSE,4th Year,2023-2027,2023,2301100169@gcekjr.ac.in,8506875838
2301100170,Om Prava Biswal,Female,Computer Science and Engineering,CSE,4th Year,2023-2027,2023,2301100170@gcekjr.ac.in,9509167256
2301100171,Abhishek Dey,Male,Computer Science and Engineering,CSE,4th Year,2023-2027,2023,2301100171@gcekjr.ac.in,9688226368
2301100172,Om Subudhi,Male,Computer Science and Engineering,CSE,4th Year,2023-2027,2023,2301100172@gcekjr.ac.in,6803019403
2301100173,Tanmayee Sahoo,Female,Computer Science and Engineering,CSE,4th Year,2023-2027,2023,2301100173@gcekjr.ac.in,8871422941
2301100174,Pragyan Maharana,Female,Computer Science and Engineering,CSE,4th Year,2023-2027,2023,2301100174@gcekjr.ac.in,8727569959
2301100175,Monalisa Muduli,Female,Computer Science and Engineering,CSE,4th Year,2023-2027,2023,2301100175@gcekjr.ac.in,7578652688
2301100176,Debjani Majhi,Female,Computer Science and Engineering,CSE,4th Year,2023-2027,2023,2301100176@gcekjr.ac.in,6254076549
2301100177,Rakesh Biswal,Male,Computer Science and Engineering,CSE,4th Year,2023-2027,2023,2301100177@gcekjr.ac.in,9222877560
2301100178,Ashutosh Sethi,Male,Computer Science and Engineering,CSE,4th Year,2023-2027,2023,2301100178@gcekjr.ac.in,9631853745
2301100179,Debendra Dalai,Male,Computer Science and Engineering,CSE,4th Year,2023-2027,2023,2301100179@gcekjr.ac.in,9243971876
2301100180,Jyotiranjan Rout,Male,Computer Science and Engineering,CSE,4th Year,2023-2027,2023,2301100180@gcekjr.ac.in,8864037273
2301100181,Sagar Das,Male,Computer Science and Engineering,CSE,4th Year,2023-2027,2023,2301100181@gcekjr.ac.in,7977444409
2301100182,Subham Panda,Male,Computer Science and Engineering,CSE,4th Year,2023-2027,2023,2301100182@gcekjr.ac.in,8752120666
2301100183,Harapriya Palei,Female,Computer Science and Engineering,CSE,4th Year,2023-2027,2023,2301100183@gcekjr.ac.in,7717620170
2301100184,Amit Sahu,Male,Computer Science and Engineering,CSE,4th Year,2023-2027,2023,2301100184@gcekjr.ac.in,9463927551
2301100185,Abhishek Mishra,Male,Computer Science and Engineering,CSE,4th Year,2023-2027,2023,2301100185@gcekjr.ac.in,6861894755
2301100186,Nandini Mohanty,Female,Computer Science and Engineering,CSE,4th Year,2023-2027,2023,2301100186@gcekjr.ac.in,8121854152
2301100187,Bikash Acharya,Male,Computer Science and Engineering,CSE,4th Year,2023-2027,2023,2301100187@gcekjr.ac.in,6723799943
2301100188,Namrata Majhi,Female,Computer Science and Engineering,CSE,4th Year,2023-2027,2023,2301100188@gcekjr.ac.in,7516882859
2301100189,Eshan Sahu,Male,Computer Science and Engineering,CSE,4th Year,2023-2027,2023,2301100189@gcekjr.ac.in,9502532015
2301100190,Priyanka Muduli,Female,Computer Science and Engineering,CSE,4th Year,2023-2027,2023,2301100190@gcekjr.ac.in,9769583167
2301100191,Snigdha Hota,Female,Computer Science and Engineering,CSE,4th Year,2023-2027,2023,2301100191@gcekjr.ac.in,9435352347
2301100192,Om Prava Swain,Female,Computer Science and Engineering,CSE,4th Year,2023-2027,2023,2301100192@gcekjr.ac.in,9106891464
2301100193,Sasmita Sahoo,Female,Computer Science and Engineering,CSE,4th Year,2023-2027,2023,2301100193@gcekjr.ac.in,6370676007
2301100194,Alina Jena,Female,Computer Science and Engineering,CSE,4th Year,2023-2027,2023,2301100194@gcekjr.ac.in,6509211882
2301100195,Ujjwal Dash,Male,Computer Science and Engineering,CSE,4th Year,2023-2027,2023,2301100195@gcekjr.ac.in,8489861606
2301100196,Ipsita Pradhan,Female,Computer Science and Engineering,CSE,4th Year,2023-2027,2023,2301100196@gcekjr.ac.in,8808156890
2301100197,Niranjan Samal,Male,Computer Science and Engineering,CSE,4th Year,2023-2027,2023,2301100197@gcekjr.ac.in,7468854530
2301100198,Varsha Jagadev,Female,Computer Science and Engineering,CSE,4th Year,2023-2027,2023,2301100198@gcekjr.ac.in,7484395201
2301100199,Gitanjali Pati,Female,Computer Science and Engineering,CSE,4th Year,2023-2027,2023,2301100199@gcekjr.ac.in,8123602510
2301100200,Hemant Routray,Male,Computer Science and Engineering,CSE,4th Year,2023-2027,2023,2301100200@gcekjr.ac.in,8574380246
2301100201,Himanshu Mishra,Male,Computer Science and Engineering,CSE,4th Year,2023-2027,2023,2301100201@gcekjr.ac.in,9896330405
2301100202,Sarita Hota,Female,Computer Science and Engineering,CSE,4th Year,2023-2027,2023,2301100202@gcekjr.ac.in,9033043954
2301100203,Kajal Barik,Female,Computer Science and Engineering,CSE,4th Year,2023-2027,2023,2301100203@gcekjr.ac.in,9245483843
2301100204,Jagannath Swain,Male,Computer Science and Engineering,CSE,4th Year,2023-2027,2023,2301100204@gcekjr.ac.in,7261273514
2301100205,Chinmay Jagadev,Male,Computer Science and Engineering,CSE,4th Year,2023-2027,2023,2301100205@gcekjr.ac.in,9913096720
2301100206,Himanshu Biswal,Male,Computer Science and Engineering,CSE,4th Year,2023-2027,2023,2301100206@gcekjr.ac.in,8187840979
2301100207,Nabin Tripathy,Male,Computer Science and Engineering,CSE,4th Year,2023-2027,2023,2301100207@gcekjr.ac.in,8966919603
2301100208,Vivekananda Tripathy,Male,Computer Science and Engineering,CSE,4th Year,2023-2027,2023,2301100208@gcekjr.ac.in,8138088484
2301100209,Pratap Rout,Male,Computer Science and Engineering,CSE,4th Year,2023-2027,2023,2301100209@gcekjr.ac.in,7915313269
2301100210,Kanchan Acharya,Female,Computer Science and Engineering,CSE,4th Year,2023-2027,2023,2301100210@gcekjr.ac.in,6812922922
2301100211,Yash Mallick,Male,Computer Science and Engineering,CSE,4th Year,2023-2027,2023,2301100211@gcekjr.ac.in,9362760035
2301100212,Gaurav Mishra,Male,Computer Science and Engineering,CSE,4th Year,2023-2027,2023,2301100212@gcekjr.ac.in,8029123848
2301100213,Aryan Panda,Male,Computer Science and Engineering,CSE,4th Year,2023-2027,2023,2301100213@gcekjr.ac.in,6750929479
2301100214,Itishree Patnaik,Female,Computer Science and Engineering,CSE,4th Year,2023-2027,2023,2301100214@gcekjr.ac.in,9533162548
2301100215,Swagatika Pati,Female,Computer Science and Engineering,CSE,4th Year,2023-2027,2023,2301100215@gcekjr.ac.in,9476646368
2301100216,Deepak Pati,Male,Computer Science and Engineering,CSE,4th Year,2023-2027,2023,2301100216@gcekjr.ac.in,6132287940
2301100217,Gyana Nayak,Male,Computer Science and Engineering,CSE,4th Year,2023-2027,2023,2301100217@gcekjr.ac.in,6297514552
2301100218,Gitanjali Muduli,Female,Computer Science and Engineering,CSE,4th Year,2023-2027,2023,2301100218@gcekjr.ac.in,7082561605
2301100219,Pratap Nayak,Male,Computer Science and Engineering,CSE,4th Year,2023-2027,2023,2301100219@gcekjr.ac.in,9366418587
2301100220,Chandrika Biswal,Female,Computer Science and Engineering,CSE,4th Year,2023-2027,2023,2301100220@gcekjr.ac.in,9086509316
2301100221,Rajesh Majhi,Male,Computer Science and Engineering,CSE,4th Year,2023-2027,2023,2301100221@gcekjr.ac.in,9055167159
2301100222,Ankita Samal,Female,Computer Science and Engineering,CSE,4th Year,2023-2027,2023,2301100222@gcekjr.ac.in,8094070837
2301100223,Yash Sahu,Male,Computer Science and Engineering,CSE,4th Year,2023-2027,2023,2301100223@gcekjr.ac.in,7686281060
2301100224,Pradyumna Nayak,Male,Computer Science and Engineering,CSE,4th Year,2023-2027,2023,2301100224@gcekjr.ac.in,9688694303
2301100225,Kanchan Jena,Female,Computer Science and Engineering,CSE,4th Year,2023-2027,2023,2301100225@gcekjr.ac.in,7170365911
2301100226,Debasis Behera,Male,Computer Science and Engineering,CSE,4th Year,2023-2027,2023,2301100226@gcekjr.ac.in,9661582683
2301100227,Utkarsh Biswal,Male,Computer Science and Engineering,CSE,4th Year,2023-2027,2023,2301100227@gcekjr.ac.in,6002097772
2301100228,Subham Swain,Male,Computer Science and Engineering,CSE,4th Year,2023-2027,2023,2301100228@gcekjr.ac.in,6013203428
2301100229,Lalatendu Pradhan,Male,Computer Science and Engineering,CSE,4th Year,2023-2027,2023,2301100229@gcekjr.ac.in,9507382630
2301100230,Biswajit Swain,Male,Computer Science and Engineering,CSE,4th Year,2023-2027,2023,2301100230@gcekjr.ac.in,6892164910
2301100231,Chandan Sahoo,Male,Computer Science and Engineering,CSE,4th Year,2023-2027,2023,2301100231@gcekjr.ac.in,7552196871
2301100232,Utkarsh Patnaik,Male,Computer Science and Engineering,CSE,4th Year,2023-2027,2023,2301100232@gcekjr.ac.in,6719016835
2301100233,Kanchan Sahu,Female,Computer Science and Engineering,CSE,4th Year,2023-2027,2023,2301100233@gcekjr.ac.in,7504959304
2301100234,Bikash Palei,Male,Computer Science and Engineering,CSE,4th Year,2023-2027,2023,2301100234@gcekjr.ac.in,9047072288
2301100235,Rakesh Barik,Male,Computer Science and Engineering,CSE,4th Year,2023-2027,2023,2301100235@gcekjr.ac.in,7118126049
2301100236,Manisha Tripathy,Female,Computer Science and Engineering,CSE,4th Year,2023-2027,2023,2301100236@gcekjr.ac.in,6587057334
2301100237,Bibhu Behera,Male,Computer Science and Engineering,CSE,4th Year,2023-2027,2023,2301100237@gcekjr.ac.in,7897477243
2301100238,Ashutosh Jagadev,Male,Computer Science and Engineering,CSE,4th Year,2023-2027,2023,2301100238@gcekjr.ac.in,9838294662
2301100239,Sagar Maharana,Male,Computer Science and Engineering,CSE,4th Year,2023-2027,2023,2301100239@gcekjr.ac.in,8068333985
2301100240,Vandana Acharya,Female,Computer Science and Engineering,CSE,4th Year,2023-2027,2023,2301100240@gcekjr.ac.in,9145754057
2301100241,Gaurav Samal,Male,Computer Science and Engineering,CSE,4th Year,2023-2027,2023,2301100241@gcekjr.ac.in,6758285068
2301100242,Ankita Sethi,Female,Computer Science and Engineering,CSE,4th Year,2023-2027,2023,2301100242@gcekjr.ac.in,7018372471
2301100243,Aryan Jagadev,Male,Computer Science and Engineering,CSE,4th Year,2023-2027,2023,2301100243@gcekjr.ac.in,9622405862
2301100244,Snigdha Dash,Female,Computer Science and Engineering,CSE,4th Year,2023-2027,2023,2301100244@gcekjr.ac.in,9782116422
2301100245,Om Prava Senapati,Female,Computer Science and Engineering,CSE,4th Year,2023-2027,2023,2301100245@gcekjr.ac.in,7070468123
2301100246,Manisha Nayak,Female,Computer Science and Engineering,CSE,4th Year,2023-2027,2023,2301100246@gcekjr.ac.in,6969918687
2301100247,Utkarsh Kar,Male,Computer Science and Engineering,CSE,4th Year,2023-2027,2023,2301100247@gcekjr.ac.in,8276605775
2301100248,Vikram Das,Male,Computer Science and Engineering,CSE,4th Year,2023-2027,2023,2301100248@gcekjr.ac.in,7676974684
2301100249,Rakesh Patnaik,Male,Computer Science and Engineering,CSE,4th Year,2023-2027,2023,2301100249@gcekjr.ac.in,6753191218
2301100250,Hemalata Jena,Female,Computer Science and Engineering,CSE,4th Year,2023-2027,2023,2301100250@gcekjr.ac.in,7148907184
2301100251,Lokanath Routray,Male,Electrical Engineering,EE,4th Year,2023-2027,2023,2301100251@gcekjr.ac.in,7699368050
2301100252,Rajesh Majhi,Male,Electrical Engineering,EE,4th Year,2023-2027,2023,2301100252@gcekjr.ac.in,7479744686
2301100253,Ankit Behera,Male,Electrical Engineering,EE,4th Year,2023-2027,2023,2301100253@gcekjr.ac.in,6649554911
2301100254,Ankit Senapati,Male,Electrical Engineering,EE,4th Year,2023-2027,2023,2301100254@gcekjr.ac.in,6746383988
2301100255,Gitanjali Parida,Female,Electrical Engineering,EE,4th Year,2023-2027,2023,2301100255@gcekjr.ac.in,6699780560
2301100256,Usharani Pradhan,Female,Electrical Engineering,EE,4th Year,2023-2027,2023,2301100256@gcekjr.ac.in,6653610299
2301100257,Lokanath Barik,Male,Electrical Engineering,EE,4th Year,2023-2027,2023,2301100257@gcekjr.ac.in,8495165667
2301100258,Pradyumna Acharya,Male,Electrical Engineering,EE,4th Year,2023-2027,2023,2301100258@gcekjr.ac.in,6321931956
2301100259,Ipsita Das,Female,Electrical Engineering,EE,4th Year,2023-2027,2023,2301100259@gcekjr.ac.in,8472170749
2301100260,Ankit Nayak,Male,Electrical Engineering,EE,4th Year,2023-2027,2023,2301100260@gcekjr.ac.in,6937118730
2301100261,Nibedita Mishra,Female,Electrical Engineering,EE,4th Year,2023-2027,2023,2301100261@gcekjr.ac.in,8985470640
2301100262,Priyanka Pati,Female,Electrical Engineering,EE,4th Year,2023-2027,2023,2301100262@gcekjr.ac.in,9295664125
2301100263,Girish Jagadev,Male,Electrical Engineering,EE,4th Year,2023-2027,2023,2301100263@gcekjr.ac.in,6826084742
2301100264,Biswajit Bhoi,Male,Electrical Engineering,EE,4th Year,2023-2027,2023,2301100264@gcekjr.ac.in,7998990995
2301100265,Hemant Parida,Male,Electrical Engineering,EE,4th Year,2023-2027,2023,2301100265@gcekjr.ac.in,6939169859
2301100266,Jagruti Muduli,Female,Electrical Engineering,EE,4th Year,2023-2027,2023,2301100266@gcekjr.ac.in,6080948962
2301100267,Sagar Mallick,Male,Electrical Engineering,EE,4th Year,2023-2027,2023,2301100267@gcekjr.ac.in,9024661183
2301100268,Subham Subudhi,Male,Electrical Engineering,EE,4th Year,2023-2027,2023,2301100268@gcekjr.ac.in,6109003307
2301100269,Varsha Mohanty,Female,Electrical Engineering,EE,4th Year,2023-2027,2023,2301100269@gcekjr.ac.in,6804143213
2301100270,Kedar Palei,Male,Electrical Engineering,EE,4th Year,2023-2027,2023,2301100270@gcekjr.ac.in,6077780716
2301100271,Sagar Acharya,Male,Electrical Engineering,EE,4th Year,2023-2027,2023,2301100271@gcekjr.ac.in,9003838442
2301100272,Biswajit Mallick,Male,Electrical Engineering,EE,4th Year,2023-2027,2023,2301100272@gcekjr.ac.in,7280762979
2301100273,Niranjan Jena,Male,Electrical Engineering,EE,4th Year,2023-2027,2023,2301100273@gcekjr.ac.in,8878205462
2301100274,Vikram Hota,Male,Electrical Engineering,EE,4th Year,2023-2027,2023,2301100274@gcekjr.ac.in,6234728832
2301100275,Pratyusha Parida,Female,Electrical Engineering,EE,4th Year,2023-2027,2023,2301100275@gcekjr.ac.in,8763450807
2301100276,Ankit Pati,Male,Electrical Engineering,EE,4th Year,2023-2027,2023,2301100276@gcekjr.ac.in,6321719377
2301100277,Om Sahoo,Male,Electrical Engineering,EE,4th Year,2023-2027,2023,2301100277@gcekjr.ac.in,9292718769
2301100278,Ankit Hota,Male,Electrical Engineering,EE,4th Year,2023-2027,2023,2301100278@gcekjr.ac.in,6962328491
2301100279,Pratyusha Dalai,Female,Electrical Engineering,EE,4th Year,2023-2027,2023,2301100279@gcekjr.ac.in,8491860316
2301100280,Pradyumna Hota,Male,Electrical Engineering,EE,4th Year,2023-2027,2023,2301100280@gcekjr.ac.in,8187268522
2301100281,Sasmita Mishra,Female,Electrical Engineering,EE,4th Year,2023-2027,2023,2301100281@gcekjr.ac.in,6944618207
2301100282,Nibedita Bhoi,Female,Electrical Engineering,EE,4th Year,2023-2027,2023,2301100282@gcekjr.ac.in,6137518234
2301100283,Chandrika Naik,Female,Electrical Engineering,EE,4th Year,2023-2027,2023,2301100283@gcekjr.ac.in,7407491688
2301100284,Eshan Palei,Male,Electrical Engineering,EE,4th Year,2023-2027,2023,2301100284@gcekjr.ac.in,6745548872
2301100285,Snigdha Jagadev,Female,Electrical Engineering,EE,4th Year,2023-2027,2023,2301100285@gcekjr.ac.in,6781916635
2301100286,Alina Biswal,Female,Electrical Engineering,EE,4th Year,2023-2027,2023,2301100286@gcekjr.ac.in,9189323045
2301100287,Kartik Parida,Male,Electrical Engineering,EE,4th Year,2023-2027,2023,2301100287@gcekjr.ac.in,8924231605
2301100288,Utkarsh Patnaik,Male,Electrical Engineering,EE,4th Year,2023-2027,2023,2301100288@gcekjr.ac.in,9494235337
2301100289,Girish Mallick,Male,Electrical Engineering,EE,4th Year,2023-2027,2023,2301100289@gcekjr.ac.in,7032738729
2301100290,Rakesh Das,Male,Electrical Engineering,EE,4th Year,2023-2027,2023,2301100290@gcekjr.ac.in,6249934902
2301100291,Deepak Sethi,Male,Electrical Engineering,EE,4th Year,2023-2027,2023,2301100291@gcekjr.ac.in,9133491574
2301100292,Lalatendu Mallick,Male,Electrical Engineering,EE,4th Year,2023-2027,2023,2301100292@gcekjr.ac.in,6351177443
2301100293,Nandini Rout,Female,Electrical Engineering,EE,4th Year,2023-2027,2023,2301100293@gcekjr.ac.in,6536319631
2301100294,Utkarsh Dey,Male,Electrical Engineering,EE,4th Year,2023-2027,2023,2301100294@gcekjr.ac.in,8277866750
2301100295,Harekrushna Palei,Male,Electrical Engineering,EE,4th Year,2023-2027,2023,2301100295@gcekjr.ac.in,8064298255
2301100296,Alina Subudhi,Female,Electrical Engineering,EE,4th Year,2023-2027,2023,2301100296@gcekjr.ac.in,6544950107
2301100297,Kartik Sahu,Male,Electrical Engineering,EE,4th Year,2023-2027,2023,2301100297@gcekjr.ac.in,9585284354
2301100298,Rajesh Majhi,Male,Electrical Engineering,EE,4th Year,2023-2027,2023,2301100298@gcekjr.ac.in,8166529204
2301100299,Eshan Dash,Male,Electrical Engineering,EE,4th Year,2023-2027,2023,2301100299@gcekjr.ac.in,8918313149
2301100300,Rohit Routray,Male,Electrical Engineering,EE,4th Year,2023-2027,2023,2301100300@gcekjr.ac.in,8525421426
2301100301,Pradyumna Subudhi,Male,Electrical Engineering,EE,4th Year,2023-2027,2023,2301100301@gcekjr.ac.in,6163740768
2301100302,Bibhu Jagadev,Male,Electrical Engineering,EE,4th Year,2023-2027,2023,2301100302@gcekjr.ac.in,8460310564
2301100303,Harekrushna Kar,Male,Electrical Engineering,EE,4th Year,2023-2027,2023,2301100303@gcekjr.ac.in,7284242763
2301100304,Tapan Biswal,Male,Electrical Engineering,EE,4th Year,2023-2027,2023,2301100304@gcekjr.ac.in,8024812789
2301100305,Hemalata Pradhan,Female,Electrical Engineering,EE,4th Year,2023-2027,2023,2301100305@gcekjr.ac.in,7916723705
2301100306,Deepak Dalai,Male,Electrical Engineering,EE,4th Year,2023-2027,2023,2301100306@gcekjr.ac.in,9570810997
2301100307,Om Prava Mishra,Female,Electrical Engineering,EE,4th Year,2023-2027,2023,2301100307@gcekjr.ac.in,8159204836
2301100308,Hemant Rout,Male,Electrical Engineering,EE,4th Year,2023-2027,2023,2301100308@gcekjr.ac.in,9138702979
2301100309,Debasis Biswal,Male,Electrical Engineering,EE,4th Year,2023-2027,2023,2301100309@gcekjr.ac.in,9613147239
2301100310,Snigdha Parida,Female,Electrical Engineering,EE,4th Year,2023-2027,2023,2301100310@gcekjr.ac.in,7416725450
2301100311,Bibhu Nayak,Male,Electrical Engineering,EE,4th Year,2023-2027,2023,2301100311@gcekjr.ac.in,9705705331
2301100312,Chinmayee Pradhan,Female,Electrical Engineering,EE,4th Year,2023-2027,2023,2301100312@gcekjr.ac.in,6330690180
2301100313,Ashutosh Dalai,Male,Electrical Engineering,EE,4th Year,2023-2027,2023,2301100313@gcekjr.ac.in,6242924234
2301100314,Chandrika Sahu,Female,Electrical Engineering,EE,4th Year,2023-2027,2023,2301100314@gcekjr.ac.in,7657875678
2301100315,Lopamudra Senapati,Female,Electrical Engineering,EE,4th Year,2023-2027,2023,2301100315@gcekjr.ac.in,8761725377
2301100316,Namrata Kar,Female,Electrical Engineering,EE,4th Year,2023-2027,2023,2301100316@gcekjr.ac.in,8185080611
2301100317,Madhusmita Biswal,Female,Electrical Engineering,EE,4th Year,2023-2027,2023,2301100317@gcekjr.ac.in,6381816585
2301100318,Lalatendu Maharana,Male,Electrical Engineering,EE,4th Year,2023-2027,2023,2301100318@gcekjr.ac.in,7841278468
2301100319,Deepak Patnaik,Male,Electrical Engineering,EE,4th Year,2023-2027,2023,2301100319@gcekjr.ac.in,8621515319
2301100320,Monalisa Dey,Female,Electrical Engineering,EE,4th Year,2023-2027,2023,2301100320@gcekjr.ac.in,6736129430
2301100321,Ipsit Rout,Male,Electrical Engineering,EE,4th Year,2023-2027,2023,2301100321@gcekjr.ac.in,9814423504
2301100322,Manas Samal,Male,Electrical Engineering,EE,4th Year,2023-2027,2023,2301100322@gcekjr.ac.in,7269264513
2301100323,Yash Dalai,Male,Electrical Engineering,EE,4th Year,2023-2027,2023,2301100323@gcekjr.ac.in,6321208474
2301100324,Hemant Behera,Male,Electrical Engineering,EE,4th Year,2023-2027,2023,2301100324@gcekjr.ac.in,8190080664
2301100325,Esha Behera,Female,Electrical Engineering,EE,4th Year,2023-2027,2023,2301100325@gcekjr.ac.in,6884573477
2301100326,Eshan Panda,Male,Electrical Engineering,EE,4th Year,2023-2027,2023,2301100326@gcekjr.ac.in,8745092610
2301100327,Sasmita Swain,Female,Electrical Engineering,EE,4th Year,2023-2027,2023,2301100327@gcekjr.ac.in,6540714611
2301100328,Subham Sethi,Male,Electrical Engineering,EE,4th Year,2023-2027,2023,2301100328@gcekjr.ac.in,6052246656
2301100329,Mantu Subudhi,Male,Electrical Engineering,EE,4th Year,2023-2027,2023,2301100329@gcekjr.ac.in,7401262259
2301100330,Sasmita Palei,Female,Electrical Engineering,EE,4th Year,2023-2027,2023,2301100330@gcekjr.ac.in,6306556679
2301100331,Kartik Jagadev,Male,Electrical Engineering,EE,4th Year,2023-2027,2023,2301100331@gcekjr.ac.in,7207092499
2301100332,Rakesh Nayak,Male,Electrical Engineering,EE,4th Year,2023-2027,2023,2301100332@gcekjr.ac.in,8940713560
2301100333,Om Giri,Male,Electrical Engineering,EE,4th Year,2023-2027,2023,2301100333@gcekjr.ac.in,8965362243
2301100334,Nandini Panda,Female,Electrical Engineering,EE,4th Year,2023-2027,2023,2301100334@gcekjr.ac.in,6038855617
2301100335,Gyana Majhi,Male,Electrical Engineering,EE,4th Year,2023-2027,2023,2301100335@gcekjr.ac.in,6564504583
2301100336,Gayatri Bhoi,Female,Electrical Engineering,EE,4th Year,2023-2027,2023,2301100336@gcekjr.ac.in,8889667669
2301100337,Trilochan Mohanty,Male,Electrical Engineering,EE,4th Year,2023-2027,2023,2301100337@gcekjr.ac.in,7568589259
2301100338,Pratyusha Pradhan,Female,Electrical Engineering,EE,4th Year,2023-2027,2023,2301100338@gcekjr.ac.in,6969948807
2301100339,Biswajit Kar,Male,Electrical Engineering,EE,4th Year,2023-2027,2023,2301100339@gcekjr.ac.in,6458607930
2301100340,Namrata Sethi,Female,Electrical Engineering,EE,4th Year,2023-2027,2023,2301100340@gcekjr.ac.in,7852190459
2301100341,Mantu Patnaik,Male,Electrical Engineering,EE,4th Year,2023-2027,2023,2301100341@gcekjr.ac.in,8428705301
2301100342,Jagruti Senapati,Female,Electrical Engineering,EE,4th Year,2023-2027,2023,2301100342@gcekjr.ac.in,9845179385
2301100343,Nabin Subudhi,Male,Electrical Engineering,EE,4th Year,2023-2027,2023,2301100343@gcekjr.ac.in,7396309757
2301100344,Lipsa Biswal,Female,Electrical Engineering,EE,4th Year,2023-2027,2023,2301100344@gcekjr.ac.in,7041948615
2301100345,Chinmayee Dash,Female,Electrical Engineering,EE,4th Year,2023-2027,2023,2301100345@gcekjr.ac.in,9484251501
2301100346,Monalisa Barik,Female,Electrical Engineering,EE,4th Year,2023-2027,2023,2301100346@gcekjr.ac.in,9460466639
2301100347,Priyanka Pradhan,Female,Electrical Engineering,EE,4th Year,2023-2027,2023,2301100347@gcekjr.ac.in,6922748361
2301100348,Jyotsna Dalai,Female,Electrical Engineering,EE,4th Year,2023-2027,2023,2301100348@gcekjr.ac.in,8389515985
2301100349,Bikash Routray,Male,Electrical Engineering,EE,4th Year,2023-2027,2023,2301100349@gcekjr.ac.in,6488560298
2301100350,Pratyusha Biswal,Female,Electrical Engineering,EE,4th Year,2023-2027,2023,2301100350@gcekjr.ac.in,7925597223
2301100351,Lokanath Hota,Male,Electrical Engineering,EE,4th Year,2023-2027,2023,2301100351@gcekjr.ac.in,9622984679
2301100352,Trilochan Kar,Male,Electrical Engineering,EE,4th Year,2023-2027,2023,2301100352@gcekjr.ac.in,6520979599
2301100353,Himanshu Panda,Male,Electrical Engineering,EE,4th Year,2023-2027,2023,2301100353@gcekjr.ac.in,8011431657
2301100354,Chandan Sahoo,Male,Electrical Engineering,EE,4th Year,2023-2027,2023,2301100354@gcekjr.ac.in,9525220172
2301100355,Jitendra Rout,Male,Electrical Engineering,EE,4th Year,2023-2027,2023,2301100355@gcekjr.ac.in,9420542705
2301100356,Biswajit Patnaik,Male,Electrical Engineering,EE,4th Year,2023-2027,2023,2301100356@gcekjr.ac.in,7365891603
2301100357,Rashmita Naik,Female,Electrical Engineering,EE,4th Year,2023-2027,2023,2301100357@gcekjr.ac.in,8399811937
2301100358,Snigdha Pradhan,Female,Electrical Engineering,EE,4th Year,2023-2027,2023,2301100358@gcekjr.ac.in,7623130568
2301100359,Lopamudra Mishra,Female,Electrical Engineering,EE,4th Year,2023-2027,2023,2301100359@gcekjr.ac.in,6333102467
2301100360,Priyanka Tripathy,Female,Electrical Engineering,EE,4th Year,2023-2027,2023,2301100360@gcekjr.ac.in,8694020713
2301100361,Nandini Muduli,Female,Electrical Engineering,EE,4th Year,2023-2027,2023,2301100361@gcekjr.ac.in,7526016235
2301100362,Tapan Bhoi,Male,Electrical Engineering,EE,4th Year,2023-2027,2023,2301100362@gcekjr.ac.in,8974225092
2301100363,Hemalata Sahu,Female,Electrical Engineering,EE,4th Year,2023-2027,2023,2301100363@gcekjr.ac.in,9845240502
2301100364,Harekrushna Rout,Male,Electrical Engineering,EE,4th Year,2023-2027,2023,2301100364@gcekjr.ac.in,7779727278
2301100365,Pratap Nayak,Male,Electrical Engineering,EE,4th Year,2023-2027,2023,2301100365@gcekjr.ac.in,8671797043
2301100366,Jitendra Senapati,Male,Electrical Engineering,EE,4th Year,2023-2027,2023,2301100366@gcekjr.ac.in,6560517569
2301100367,Bikash Behera,Male,Electrical Engineering,EE,4th Year,2023-2027,2023,2301100367@gcekjr.ac.in,8471940045
2301100368,Vivekananda Nayak,Male,Electrical Engineering,EE,4th Year,2023-2027,2023,2301100368@gcekjr.ac.in,8520297514
2301100369,Hemant Mallick,Male,Electrical Engineering,EE,4th Year,2023-2027,2023,2301100369@gcekjr.ac.in,7610667633
2301100370,Sagar Khuntia,Male,Electrical Engineering,EE,4th Year,2023-2027,2023,2301100370@gcekjr.ac.in,7986873183
2301100371,Pratap Sahu,Male,Electrical Engineering,EE,4th Year,2023-2027,2023,2301100371@gcekjr.ac.in,9319656154
2301100372,Subham Maharana,Male,Electrical Engineering,EE,4th Year,2023-2027,2023,2301100372@gcekjr.ac.in,8057391594
2301100373,Bijayalaxmi Dalai,Female,Electrical Engineering,EE,4th Year,2023-2027,2023,2301100373@gcekjr.ac.in,9253409381
2301100374,Harekrushna Maharana,Male,Electrical Engineering,EE,4th Year,2023-2027,2023,2301100374@gcekjr.ac.in,9050245011
2301100375,Bibhu Tripathy,Male,Electrical Engineering,EE,4th Year,2023-2027,2023,2301100375@gcekjr.ac.in,7916420166
2301100376,Yash Barik,Male,Electrical Engineering,EE,4th Year,2023-2027,2023,2301100376@gcekjr.ac.in,8652664669
2301100377,Trupti Jena,Female,Electrical Engineering,EE,4th Year,2023-2027,2023,2301100377@gcekjr.ac.in,7049403213
2301100378,Vivekananda Khuntia,Male,Electrical Engineering,EE,4th Year,2023-2027,2023,2301100378@gcekjr.ac.in,7951190833
2301100379,Debasmita Majhi,Female,Electrical Engineering,EE,4th Year,2023-2027,2023,2301100379@gcekjr.ac.in,9081837496
2301100380,Bijayalaxmi Sethi,Female,Electrical Engineering,EE,4th Year,2023-2027,2023,2301100380@gcekjr.ac.in,7502024357
2301100381,Harekrushna Routray,Male,Electrical Engineering,EE,4th Year,2023-2027,2023,2301100381@gcekjr.ac.in,8368234933
2301100382,Harekrushna Barik,Male,Electrical Engineering,EE,4th Year,2023-2027,2023,2301100382@gcekjr.ac.in,9709193024
2301100383,Debasis Acharya,Male,Electrical Engineering,EE,4th Year,2023-2027,2023,2301100383@gcekjr.ac.in,8474750138
2301100384,Sagar Parida,Male,Electrical Engineering,EE,4th Year,2023-2027,2023,2301100384@gcekjr.ac.in,9436129070
2301100385,Kajal Majhi,Female,Electrical Engineering,EE,4th Year,2023-2027,2023,2301100385@gcekjr.ac.in,6958842178
2301100386,Chinmayee Muduli,Female,Electrical Engineering,EE,4th Year,2023-2027,2023,2301100386@gcekjr.ac.in,6610263530
2301100387,Jitendra Subudhi,Male,Electrical Engineering,EE,4th Year,2023-2027,2023,2301100387@gcekjr.ac.in,6703044545
2301100388,Sagar Parida,Male,Electrical Engineering,EE,4th Year,2023-2027,2023,2301100388@gcekjr.ac.in,8452298837
2301100389,Hemant Naik,Male,Electrical Engineering,EE,4th Year,2023-2027,2023,2301100389@gcekjr.ac.in,8295612535
2301100390,Itishree Palei,Female,Electrical Engineering,EE,4th Year,2023-2027,2023,2301100390@gcekjr.ac.in,9302603505
2301100391,Rajashree Mohanty,Female,Electrical Engineering,EE,4th Year,2023-2027,2023,2301100391@gcekjr.ac.in,6104214298
2301100392,Kedar Dalai,Male,Electrical Engineering,EE,4th Year,2023-2027,2023,2301100392@gcekjr.ac.in,9303895959
2301100393,Trilochan Patnaik,Male,Electrical Engineering,EE,4th Year,2023-2027,2023,2301100393@gcekjr.ac.in,7266245623
2301100394,Hemalata Khuntia,Female,Electrical Engineering,EE,4th Year,2023-2027,2023,2301100394@gcekjr.ac.in,7371307014
2301100395,Vandana Kar,Female,Electrical Engineering,EE,4th Year,2023-2027,2023,2301100395@gcekjr.ac.in,6319395735
2301100396,Madhusmita Khuntia,Female,Electrical Engineering,EE,4th Year,2023-2027,2023,2301100396@gcekjr.ac.in,8388804318
2301100397,Saroj Jagadev,Male,Electrical Engineering,EE,4th Year,2023-2027,2023,2301100397@gcekjr.ac.in,8248821998
2301100398,Rajesh Acharya,Male,Electrical Engineering,EE,4th Year,2023-2027,2023,2301100398@gcekjr.ac.in,6016550287
2301100399,Ipsita Jagadev,Female,Electrical Engineering,EE,4th Year,2023-2027,2023,2301100399@gcekjr.ac.in,6894466685
2301100400,Jitendra Khuntia,Male,Electrical Engineering,EE,4th Year,2023-2027,2023,2301100400@gcekjr.ac.in,6134056504
2301100401,Jyotiranjan Sethi,Male,Electrical Engineering,EE,4th Year,2023-2027,2023,2301100401@gcekjr.ac.in,6383448937
2301100402,Ujjwal Bhoi,Male,Electrical Engineering,EE,4th Year,2023-2027,2023,2301100402@gcekjr.ac.in,9417250948
2301100403,Nandini Kar,Female,Electrical Engineering,EE,4th Year,2023-2027,2023,2301100403@gcekjr.ac.in,6780382184
2301100404,Itish Pati,Male,Electrical Engineering,EE,4th Year,2023-2027,2023,2301100404@gcekjr.ac.in,6373440001
2301100405,Kedar Dash,Male,Electrical Engineering,EE,4th Year,2023-2027,2023,2301100405@gcekjr.ac.in,7254432459
2301100406,Biswajit Das,Male,Electrical Engineering,EE,4th Year,2023-2027,2023,2301100406@gcekjr.ac.in,8308868879
2301100407,Abhishek Senapati,Male,Electrical Engineering,EE,4th Year,2023-2027,2023,2301100407@gcekjr.ac.in,7953361819
2301100408,Rohit Mohanty,Male,Electrical Engineering,EE,4th Year,2023-2027,2023,2301100408@gcekjr.ac.in,7063462835
2301100409,Harekrushna Sahoo,Male,Electrical Engineering,EE,4th Year,2023-2027,2023,2301100409@gcekjr.ac.in,8859326844
2301100410,Aryan Tripathy,Male,Electrical Engineering,EE,4th Year,2023-2027,2023,2301100410@gcekjr.ac.in,9927338588
2301100411,Lipsa Hota,Female,Electrical Engineering,EE,4th Year,2023-2027,2023,2301100411@gcekjr.ac.in,6508807427
2301100412,Lipsa Pradhan,Female,Electrical Engineering,EE,4th Year,2023-2027,2023,2301100412@gcekjr.ac.in,7663020442
2301100413,Bikash Parida,Male,Electrical Engineering,EE,4th Year,2023-2027,2023,2301100413@gcekjr.ac.in,8440690982
2301100414,Vikram Barik,Male,Electrical Engineering,EE,4th Year,2023-2027,2023,2301100414@gcekjr.ac.in,9465501883
2301100415,Gaurav Behera,Male,Electrical Engineering,EE,4th Year,2023-2027,2023,2301100415@gcekjr.ac.in,6818121403
2301100416,Elina Panda,Female,Electrical Engineering,EE,4th Year,2023-2027,2023,2301100416@gcekjr.ac.in,7009410821
2301100417,Monalisa Routray,Female,Electrical Engineering,EE,4th Year,2023-2027,2023,2301100417@gcekjr.ac.in,9953241192
2301100418,Bibhu Dalai,Male,Electrical Engineering,EE,4th Year,2023-2027,2023,2301100418@gcekjr.ac.in,7139952394
2301100419,Snigdha Palei,Female,Electrical Engineering,EE,4th Year,2023-2027,2023,2301100419@gcekjr.ac.in,9536831411
2301100420,Rakesh Mallick,Male,Electrical Engineering,EE,4th Year,2023-2027,2023,2301100420@gcekjr.ac.in,9589527095
2301100421,Om Prava Hota,Female,Electrical Engineering,EE,4th Year,2023-2027,2023,2301100421@gcekjr.ac.in,7514266977
2301100422,Kartik Acharya,Male,Electrical Engineering,EE,4th Year,2023-2027,2023,2301100422@gcekjr.ac.in,9383686670
2301100423,Jitendra Dash,Male,Electrical Engineering,EE,4th Year,2023-2027,2023,2301100423@gcekjr.ac.in,7639306638
2301100424,Pragyan Tripathy,Female,Electrical Engineering,EE,4th Year,2023-2027,2023,2301100424@gcekjr.ac.in,6152750331
2301100425,Sushmita Patnaik,Female,Electrical Engineering,EE,4th Year,2023-2027,2023,2301100425@gcekjr.ac.in,7631617001
2301100426,Harekrushna Hota,Male,Electrical Engineering,EE,4th Year,2023-2027,2023,2301100426@gcekjr.ac.in,8602263591
2301100427,Lalatendu Maharana,Male,Electrical Engineering,EE,4th Year,2023-2027,2023,2301100427@gcekjr.ac.in,8979716899
2301100428,Jagannath Khuntia,Male,Electrical Engineering,EE,4th Year,2023-2027,2023,2301100428@gcekjr.ac.in,6238367650
2301100429,Rakesh Palei,Male,Electrical Engineering,EE,4th Year,2023-2027,2023,2301100429@gcekjr.ac.in,9303338713
2301100430,Chinmay Majhi,Male,Electrical Engineering,EE,4th Year,2023-2027,2023,2301100430@gcekjr.ac.in,6064581833
2301100431,Manisha Pradhan,Female,Electrical Engineering,EE,4th Year,2023-2027,2023,2301100431@gcekjr.ac.in,7452807171
2301100432,Om Prava Samal,Female,Electrical Engineering,EE,4th Year,2023-2027,2023,2301100432@gcekjr.ac.in,9586943737
2301100433,Lokanath Mishra,Male,Electrical Engineering,EE,4th Year,2023-2027,2023,2301100433@gcekjr.ac.in,9597887548
2301100434,Utkarsh Behera,Male,Electrical Engineering,EE,4th Year,2023-2027,2023,2301100434@gcekjr.ac.in,8044261653
2301100435,Vivekananda Swain,Male,Electrical Engineering,EE,4th Year,2023-2027,2023,2301100435@gcekjr.ac.in,6174782262
2301100436,Debasmita Subudhi,Female,Electrical Engineering,EE,4th Year,2023-2027,2023,2301100436@gcekjr.ac.in,9902800164
2301100437,Debasis Samal,Male,Electrical Engineering,EE,4th Year,2023-2027,2023,2301100437@gcekjr.ac.in,6581848147
2301100438,Harapriya Hota,Female,Electrical Engineering,EE,4th Year,2023-2027,2023,2301100438@gcekjr.ac.in,9025225075
2301100439,Gaurav Barik,Male,Electrical Engineering,EE,4th Year,2023-2027,2023,2301100439@gcekjr.ac.in,6562256944
2301100440,Debasis Nayak,Male,Electrical Engineering,EE,4th Year,2023-2027,2023,2301100440@gcekjr.ac.in,7072743792
2301100441,Usharani Sahoo,Female,Electrical Engineering,EE,4th Year,2023-2027,2023,2301100441@gcekjr.ac.in,7216157240
2301100442,Niranjan Tripathy,Male,Electrical Engineering,EE,4th Year,2023-2027,2023,2301100442@gcekjr.ac.in,8085966306
2301100443,Sasmita Khuntia,Female,Electrical Engineering,EE,4th Year,2023-2027,2023,2301100443@gcekjr.ac.in,8495101293
2301100444,Debendra Panda,Male,Electrical Engineering,EE,4th Year,2023-2027,2023,2301100444@gcekjr.ac.in,9884417564
2301100445,Vandana Nayak,Female,Electrical Engineering,EE,4th Year,2023-2027,2023,2301100445@gcekjr.ac.in,8837638872
2301100446,Chandan Sahu,Male,Electrical Engineering,EE,4th Year,2023-2027,2023,2301100446@gcekjr.ac.in,8055238215
2301100447,Ankit Patnaik,Male,Electrical Engineering,EE,4th Year,2023-2027,2023,2301100447@gcekjr.ac.in,7066452849
2301100448,Upasana Das,Female,Electrical Engineering,EE,4th Year,2023-2027,2023,2301100448@gcekjr.ac.in,7207170424
2301100449,Jyotsna Dey,Female,Electrical Engineering,EE,4th Year,2023-2027,2023,2301100449@gcekjr.ac.in,8191991264
2301100450,Lalatendu Kar,Male,Electrical Engineering,EE,4th Year,2023-2027,2023,2301100450@gcekjr.ac.in,9950294366
2301100451,Pratap Dey,Male,Electrical Engineering,EE,4th Year,2023-2027,2023,2301100451@gcekjr.ac.in,7781611801
2301100452,Ashutosh Hota,Male,Electrical Engineering,EE,4th Year,2023-2027,2023,2301100452@gcekjr.ac.in,6836176590
2301100453,Pragyan Dash,Female,Electrical Engineering,EE,4th Year,2023-2027,2023,2301100453@gcekjr.ac.in,6678319707
2301100454,Gaurav Jena,Male,Electrical Engineering,EE,4th Year,2023-2027,2023,2301100454@gcekjr.ac.in,8328522627
2301100455,Lipsa Sahoo,Female,Electrical Engineering,EE,4th Year,2023-2027,2023,2301100455@gcekjr.ac.in,7818083373
2301100456,Tanmayee Jena,Female,Electrical Engineering,EE,4th Year,2023-2027,2023,2301100456@gcekjr.ac.in,7225630270
2301100457,Kedar Barik,Male,Electrical Engineering,EE,4th Year,2023-2027,2023,2301100457@gcekjr.ac.in,7252589139
2301100458,Subham Pati,Male,Electrical Engineering,EE,4th Year,2023-2027,2023,2301100458@gcekjr.ac.in,9382803050
2301100459,Sagar Sethi,Male,Electrical Engineering,EE,4th Year,2023-2027,2023,2301100459@gcekjr.ac.in,9661794158
2301100460,Ujjwal Muduli,Male,Electrical Engineering,EE,4th Year,2023-2027,2023,2301100460@gcekjr.ac.in,7514144900
2301100461,Sushmita Khuntia,Female,Electrical Engineering,EE,4th Year,2023-2027,2023,2301100461@gcekjr.ac.in,9280762752
2301100462,Gitanjali Giri,Female,Electrical Engineering,EE,4th Year,2023-2027,2023,2301100462@gcekjr.ac.in,8729741607
2301100463,Upasana Subudhi,Female,Electrical Engineering,EE,4th Year,2023-2027,2023,2301100463@gcekjr.ac.in,9501508279
2301100464,Vandana Das,Female,Electrical Engineering,EE,4th Year,2023-2027,2023,2301100464@gcekjr.ac.in,6327871362
2301100465,Lokanath Kar,Male,Electrical Engineering,EE,4th Year,2023-2027,2023,2301100465@gcekjr.ac.in,6572457121
2301100466,Hemant Naik,Male,Electrical Engineering,EE,4th Year,2023-2027,2023,2301100466@gcekjr.ac.in,8861095925
2301100467,Girish Barik,Male,Electrical Engineering,EE,4th Year,2023-2027,2023,2301100467@gcekjr.ac.in,6364021895
2301100468,Itish Naik,Male,Electrical Engineering,EE,4th Year,2023-2027,2023,2301100468@gcekjr.ac.in,8324857121
2301100469,Lopamudra Rout,Female,Electrical Engineering,EE,4th Year,2023-2027,2023,2301100469@gcekjr.ac.in,8272522916
2301100470,Kartik Giri,Male,Electrical Engineering,EE,4th Year,2023-2027,2023,2301100470@gcekjr.ac.in,9744713363
2301100471,Abhishek Majhi,Male,Electrical Engineering,EE,4th Year,2023-2027,2023,2301100471@gcekjr.ac.in,8303918588
2301100472,Ankit Naik,Male,Electrical Engineering,EE,4th Year,2023-2027,2023,2301100472@gcekjr.ac.in,7186484908
2301100473,Hemalata Dalai,Female,Electrical Engineering,EE,4th Year,2023-2027,2023,2301100473@gcekjr.ac.in,7683418213
2301100474,Varsha Nayak,Female,Electrical Engineering,EE,4th Year,2023-2027,2023,2301100474@gcekjr.ac.in,7982792412
2301100475,Amit Sahoo,Male,Electrical Engineering,EE,4th Year,2023-2027,2023,2301100475@gcekjr.ac.in,9065086200
2301100476,Rashmita Acharya,Female,Electrical Engineering,EE,4th Year,2023-2027,2023,2301100476@gcekjr.ac.in,9502560966
2301100477,Harapriya Pradhan,Female,Electrical Engineering,EE,4th Year,2023-2027,2023,2301100477@gcekjr.ac.in,8942612893
2301100478,Madhusmita Subudhi,Female,Electrical Engineering,EE,4th Year,2023-2027,2023,2301100478@gcekjr.ac.in,7585197350
2301100479,Trilochan Rout,Male,Electrical Engineering,EE,4th Year,2023-2027,2023,2301100479@gcekjr.ac.in,7093398112
2301100480,Debendra Sahoo,Male,Electrical Engineering,EE,4th Year,2023-2027,2023,2301100480@gcekjr.ac.in,8434412283
2301100481,Lokanath Mallick,Male,Electrical Engineering,EE,4th Year,2023-2027,2023,2301100481@gcekjr.ac.in,9288156413
2301100482,Manas Senapati,Male,Electrical Engineering,EE,4th Year,2023-2027,2023,2301100482@gcekjr.ac.in,8284920557
2301100483,Madhusmita Dalai,Female,Electrical Engineering,EE,4th Year,2023-2027,2023,2301100483@gcekjr.ac.in,9746029702
2301100484,Priyanka Mallick,Female,Electrical Engineering,EE,4th Year,2023-2027,2023,2301100484@gcekjr.ac.in,6019469143
2301100485,Jagannath Swain,Male,Electrical Engineering,EE,4th Year,2023-2027,2023,2301100485@gcekjr.ac.in,9542413486
2301100486,Chinmay Palei,Male,Electrical Engineering,EE,4th Year,2023-2027,2023,2301100486@gcekjr.ac.in,6461034014
2301100487,Rohit Giri,Male,Electrical Engineering,EE,4th Year,2023-2027,2023,2301100487@gcekjr.ac.in,8330631490
2301100488,Harekrushna Pati,Male,Electrical Engineering,EE,4th Year,2023-2027,2023,2301100488@gcekjr.ac.in,7697205910
2301100489,Vivekananda Dey,Male,Electrical Engineering,EE,4th Year,2023-2027,2023,2301100489@gcekjr.ac.in,8775691118
2301100490,Debjani Swain,Female,Electrical Engineering,EE,4th Year,2023-2027,2023,2301100490@gcekjr.ac.in,7577088208
2301100491,Pradyumna Samal,Male,Electrical Engineering,EE,4th Year,2023-2027,2023,2301100491@gcekjr.ac.in,8327496024
2301100492,Vivekananda Palei,Male,Electrical Engineering,EE,4th Year,2023-2027,2023,2301100492@gcekjr.ac.in,9920709475
2301100493,Tapaswini Senapati,Female,Electrical Engineering,EE,4th Year,2023-2027,2023,2301100493@gcekjr.ac.in,9524747890
2301100494,Pratap Dey,Male,Electrical Engineering,EE,4th Year,2023-2027,2023,2301100494@gcekjr.ac.in,6318929051
2301100495,Chinmayee Muduli,Female,Electrical Engineering,EE,4th Year,2023-2027,2023,2301100495@gcekjr.ac.in,9120524425
2301100496,Gitanjali Kar,Female,Electrical Engineering,EE,4th Year,2023-2027,2023,2301100496@gcekjr.ac.in,9862025260
2301100497,Debasis Barik,Male,Electrical Engineering,EE,4th Year,2023-2027,2023,2301100497@gcekjr.ac.in,7878529033
2301100498,Harekrushna Maharana,Male,Electrical Engineering,EE,4th Year,2023-2027,2023,2301100498@gcekjr.ac.in,6160251366
2301100499,Swagatika Majhi,Female,Electrical Engineering,EE,4th Year,2023-2027,2023,2301100499@gcekjr.ac.in,7847414008
2301100500,Chandan Panda,Male,Electrical Engineering,EE,4th Year,2023-2027,2023,2301100500@gcekjr.ac.in,6956100763
2301100501,Hemant Samal,Male,Mining Engineering,MIN,4th Year,2023-2027,2023,2301100501@gcekjr.ac.in,6508008908
2301100502,Manas Panda,Male,Mining Engineering,MIN,4th Year,2023-2027,2023,2301100502@gcekjr.ac.in,8448592800
2301100503,Abhishek Subudhi,Male,Mining Engineering,MIN,4th Year,2023-2027,2023,2301100503@gcekjr.ac.in,6678213113
2301100504,Deepak Rout,Male,Mining Engineering,MIN,4th Year,2023-2027,2023,2301100504@gcekjr.ac.in,9099788771
2301100505,Trilochan Routray,Male,Mining Engineering,MIN,4th Year,2023-2027,2023,2301100505@gcekjr.ac.in,7647567586
2301100506,Kanchan Samal,Female,Mining Engineering,MIN,4th Year,2023-2027,2023,2301100506@gcekjr.ac.in,7152173126
2301100507,Lopamudra Samal,Female,Mining Engineering,MIN,4th Year,2023-2027,2023,2301100507@gcekjr.ac.in,8234342538
2301100508,Debjani Giri,Female,Mining Engineering,MIN,4th Year,2023-2027,2023,2301100508@gcekjr.ac.in,9151329854
2301100509,Pradyumna Behera,Male,Mining Engineering,MIN,4th Year,2023-2027,2023,2301100509@gcekjr.ac.in,7798034795
2301100510,Pratap Maharana,Male,Mining Engineering,MIN,4th Year,2023-2027,2023,2301100510@gcekjr.ac.in,9534223191
2301100511,Debendra Mallick,Male,Mining Engineering,MIN,4th Year,2023-2027,2023,2301100511@gcekjr.ac.in,8503758074
2301100512,Debjani Hota,Female,Mining Engineering,MIN,4th Year,2023-2027,2023,2301100512@gcekjr.ac.in,6646773532
2301100513,Sagar Patnaik,Male,Mining Engineering,MIN,4th Year,2023-2027,2023,2301100513@gcekjr.ac.in,6705852465
2301100514,Itish Biswal,Male,Mining Engineering,MIN,4th Year,2023-2027,2023,2301100514@gcekjr.ac.in,7677332695
2301100515,Pradyumna Tripathy,Male,Mining Engineering,MIN,4th Year,2023-2027,2023,2301100515@gcekjr.ac.in,9091948558
2301100516,Bikash Jagadev,Male,Mining Engineering,MIN,4th Year,2023-2027,2023,2301100516@gcekjr.ac.in,7916890729
2301100517,Niranjan Mallick,Male,Mining Engineering,MIN,4th Year,2023-2027,2023,2301100517@gcekjr.ac.in,8276373879
2301100518,Lopamudra Muduli,Female,Mining Engineering,MIN,4th Year,2023-2027,2023,2301100518@gcekjr.ac.in,7962114019
2301100519,Jagannath Sahoo,Male,Mining Engineering,MIN,4th Year,2023-2027,2023,2301100519@gcekjr.ac.in,7903344936
2301100520,Lopamudra Barik,Female,Mining Engineering,MIN,4th Year,2023-2027,2023,2301100520@gcekjr.ac.in,7659827530
2301100521,Dibyajyoti Muduli,Male,Mining Engineering,MIN,4th Year,2023-2027,2023,2301100521@gcekjr.ac.in,6178651345
2301100522,Kedar Samal,Male,Mining Engineering,MIN,4th Year,2023-2027,2023,2301100522@gcekjr.ac.in,7709489970
2301100523,Elina Panda,Female,Mining Engineering,MIN,4th Year,2023-2027,2023,2301100523@gcekjr.ac.in,6850674582
2301100524,Jyotiranjan Acharya,Male,Mining Engineering,MIN,4th Year,2023-2027,2023,2301100524@gcekjr.ac.in,7200952480
2301100525,Chandan Swain,Male,Mining Engineering,MIN,4th Year,2023-2027,2023,2301100525@gcekjr.ac.in,8827153329
2301100526,Elina Barik,Female,Mining Engineering,MIN,4th Year,2023-2027,2023,2301100526@gcekjr.ac.in,6511237516
2301100527,Rajashree Routray,Female,Mining Engineering,MIN,4th Year,2023-2027,2023,2301100527@gcekjr.ac.in,9178690558
2301100528,Itish Samal,Male,Mining Engineering,MIN,4th Year,2023-2027,2023,2301100528@gcekjr.ac.in,6149994115
2301100529,Kartik Naik,Male,Mining Engineering,MIN,4th Year,2023-2027,2023,2301100529@gcekjr.ac.in,7054593679
2301100530,Gitanjali Mishra,Female,Mining Engineering,MIN,4th Year,2023-2027,2023,2301100530@gcekjr.ac.in,9091781827
2301100531,Lopamudra Parida,Female,Mining Engineering,MIN,4th Year,2023-2027,2023,2301100531@gcekjr.ac.in,6181698547
2301100532,Jyotiranjan Maharana,Male,Mining Engineering,MIN,4th Year,2023-2027,2023,2301100532@gcekjr.ac.in,8477389761
2301100533,Rakesh Panda,Male,Mining Engineering,MIN,4th Year,2023-2027,2023,2301100533@gcekjr.ac.in,8942503331
2301100534,Rajashree Kar,Female,Mining Engineering,MIN,4th Year,2023-2027,2023,2301100534@gcekjr.ac.in,7426605103
2301100535,Tanmayee Sethi,Female,Mining Engineering,MIN,4th Year,2023-2027,2023,2301100535@gcekjr.ac.in,7835211229
2301100536,Gaurav Dash,Male,Mining Engineering,MIN,4th Year,2023-2027,2023,2301100536@gcekjr.ac.in,8603562640
2301100537,Rohit Acharya,Male,Mining Engineering,MIN,4th Year,2023-2027,2023,2301100537@gcekjr.ac.in,8078348555
2301100538,Amit Samal,Male,Mining Engineering,MIN,4th Year,2023-2027,2023,2301100538@gcekjr.ac.in,9294812840
2301100539,Snigdha Sethi,Female,Mining Engineering,MIN,4th Year,2023-2027,2023,2301100539@gcekjr.ac.in,8336937989
2301100540,Ankita Pati,Female,Mining Engineering,MIN,4th Year,2023-2027,2023,2301100540@gcekjr.ac.in,8599427702
2301100541,Priyanka Jena,Female,Mining Engineering,MIN,4th Year,2023-2027,2023,2301100541@gcekjr.ac.in,9960020888
2301100542,Anita Dey,Female,Mining Engineering,MIN,4th Year,2023-2027,2023,2301100542@gcekjr.ac.in,9322216535
2301100543,Rajesh Pati,Male,Mining Engineering,MIN,4th Year,2023-2027,2023,2301100543@gcekjr.ac.in,6051333526
2301100544,Pragyan Sethi,Female,Mining Engineering,MIN,4th Year,2023-2027,2023,2301100544@gcekjr.ac.in,8772686956
2301100545,Ipsit Palei,Male,Mining Engineering,MIN,4th Year,2023-2027,2023,2301100545@gcekjr.ac.in,7356785705
2301100546,Yash Rout,Male,Mining Engineering,MIN,4th Year,2023-2027,2023,2301100546@gcekjr.ac.in,8041968384
2301100547,Lipsa Routray,Female,Mining Engineering,MIN,4th Year,2023-2027,2023,2301100547@gcekjr.ac.in,9531425283
2301100548,Harapriya Palei,Female,Mining Engineering,MIN,4th Year,2023-2027,2023,2301100548@gcekjr.ac.in,7920621476
2301100549,Itish Acharya,Male,Mining Engineering,MIN,4th Year,2023-2027,2023,2301100549@gcekjr.ac.in,6627819807
2301100550,Pratap Palei,Male,Mining Engineering,MIN,4th Year,2023-2027,2023,2301100550@gcekjr.ac.in,9374329752
2301100551,Gayatri Giri,Female,Mining Engineering,MIN,4th Year,2023-2027,2023,2301100551@gcekjr.ac.in,7524595701
2301100552,Eshan Dey,Male,Mining Engineering,MIN,4th Year,2023-2027,2023,2301100552@gcekjr.ac.in,9891904189
2301100553,Gitanjali Sahoo,Female,Mining Engineering,MIN,4th Year,2023-2027,2023,2301100553@gcekjr.ac.in,8608428640
2301100554,Rohit Routray,Male,Mining Engineering,MIN,4th Year,2023-2027,2023,2301100554@gcekjr.ac.in,9930491214
2301100555,Anita Naik,Female,Mining Engineering,MIN,4th Year,2023-2027,2023,2301100555@gcekjr.ac.in,9142267494
2301100556,Gaurav Hota,Male,Mining Engineering,MIN,4th Year,2023-2027,2023,2301100556@gcekjr.ac.in,8691029401
2301100557,Subham Das,Male,Mining Engineering,MIN,4th Year,2023-2027,2023,2301100557@gcekjr.ac.in,8147575123
2301100558,Itish Jagadev,Male,Mining Engineering,MIN,4th Year,2023-2027,2023,2301100558@gcekjr.ac.in,7115980503
2301100559,Kanchan Rout,Female,Mining Engineering,MIN,4th Year,2023-2027,2023,2301100559@gcekjr.ac.in,9733856185
2301100560,Rakesh Barik,Male,Mining Engineering,MIN,4th Year,2023-2027,2023,2301100560@gcekjr.ac.in,7429796012
2301100561,Eshan Dash,Male,Mining Engineering,MIN,4th Year,2023-2027,2023,2301100561@gcekjr.ac.in,8497067259
2301100562,Sasmita Pati,Female,Mining Engineering,MIN,4th Year,2023-2027,2023,2301100562@gcekjr.ac.in,8328697869
2301100563,Rakesh Muduli,Male,Mining Engineering,MIN,4th Year,2023-2027,2023,2301100563@gcekjr.ac.in,6092384289
2301100564,Kedar Jagadev,Male,Mining Engineering,MIN,4th Year,2023-2027,2023,2301100564@gcekjr.ac.in,8440626952
2301100565,Niranjan Sahoo,Male,Mining Engineering,MIN,4th Year,2023-2027,2023,2301100565@gcekjr.ac.in,9121787337
2301100566,Itish Behera,Male,Mining Engineering,MIN,4th Year,2023-2027,2023,2301100566@gcekjr.ac.in,9133101693
2301100567,Eshan Senapati,Male,Mining Engineering,MIN,4th Year,2023-2027,2023,2301100567@gcekjr.ac.in,7039689349
2301100568,Gitanjali Samal,Female,Mining Engineering,MIN,4th Year,2023-2027,2023,2301100568@gcekjr.ac.in,8885356044
2301100569,Lipsa Das,Female,Mining Engineering,MIN,4th Year,2023-2027,2023,2301100569@gcekjr.ac.in,9748587274
2301100570,Himanshu Mishra,Male,Mining Engineering,MIN,4th Year,2023-2027,2023,2301100570@gcekjr.ac.in,8723252703
2301100571,Aryan Swain,Male,Mining Engineering,MIN,4th Year,2023-2027,2023,2301100571@gcekjr.ac.in,6339148897
2301100572,Alina Muduli,Female,Mining Engineering,MIN,4th Year,2023-2027,2023,2301100572@gcekjr.ac.in,7178062537
2301100573,Snigdha Sahoo,Female,Mining Engineering,MIN,4th Year,2023-2027,2023,2301100573@gcekjr.ac.in,7381585926
2301100574,Chandan Majhi,Male,Mining Engineering,MIN,4th Year,2023-2027,2023,2301100574@gcekjr.ac.in,7972511835
2301100575,Anita Barik,Female,Mining Engineering,MIN,4th Year,2023-2027,2023,2301100575@gcekjr.ac.in,6333359656
2301100576,Debendra Panda,Male,Mining Engineering,MIN,4th Year,2023-2027,2023,2301100576@gcekjr.ac.in,8114300824
2301100577,Rakesh Giri,Male,Mining Engineering,MIN,4th Year,2023-2027,2023,2301100577@gcekjr.ac.in,9290125553
2301100578,Monalisa Mohanty,Female,Mining Engineering,MIN,4th Year,2023-2027,2023,2301100578@gcekjr.ac.in,9462461154
2301100579,Bibhu Pradhan,Male,Mining Engineering,MIN,4th Year,2023-2027,2023,2301100579@gcekjr.ac.in,8515494580
2301100580,Madhusmita Pati,Female,Mining Engineering,MIN,4th Year,2023-2027,2023,2301100580@gcekjr.ac.in,6587957106
2301100581,Yash Bhoi,Male,Mining Engineering,MIN,4th Year,2023-2027,2023,2301100581@gcekjr.ac.in,7166196303
2301100582,Himanshu Parida,Male,Mining Engineering,MIN,4th Year,2023-2027,2023,2301100582@gcekjr.ac.in,8594979423
2301100583,Saroj Majhi,Male,Mining Engineering,MIN,4th Year,2023-2027,2023,2301100583@gcekjr.ac.in,9031380293
2301100584,Nandini Dash,Female,Mining Engineering,MIN,4th Year,2023-2027,2023,2301100584@gcekjr.ac.in,9576084909
2301100585,Ankit Palei,Male,Mining Engineering,MIN,4th Year,2023-2027,2023,2301100585@gcekjr.ac.in,9457757540
2301100586,Varsha Behera,Female,Mining Engineering,MIN,4th Year,2023-2027,2023,2301100586@gcekjr.ac.in,8953582646
2301100587,Sarita Dash,Female,Mining Engineering,MIN,4th Year,2023-2027,2023,2301100587@gcekjr.ac.in,7644921446
2301100588,Pradyumna Mishra,Male,Mining Engineering,MIN,4th Year,2023-2027,2023,2301100588@gcekjr.ac.in,8777812031
2301100589,Monalisa Kar,Female,Mining Engineering,MIN,4th Year,2023-2027,2023,2301100589@gcekjr.ac.in,9665722775
2301100590,Harekrushna Das,Male,Mining Engineering,MIN,4th Year,2023-2027,2023,2301100590@gcekjr.ac.in,9497905130
2301100591,Trilochan Das,Male,Mining Engineering,MIN,4th Year,2023-2027,2023,2301100591@gcekjr.ac.in,9526960246
2301100592,Usharani Bhoi,Female,Mining Engineering,MIN,4th Year,2023-2027,2023,2301100592@gcekjr.ac.in,9509732324
2301100593,Jagannath Giri,Male,Mining Engineering,MIN,4th Year,2023-2027,2023,2301100593@gcekjr.ac.in,6175725686
2301100594,Vivekananda Rout,Male,Mining Engineering,MIN,4th Year,2023-2027,2023,2301100594@gcekjr.ac.in,9444121976
2301100595,Gyana Majhi,Male,Mining Engineering,MIN,4th Year,2023-2027,2023,2301100595@gcekjr.ac.in,9589573369
2301100596,Kajal Jena,Female,Mining Engineering,MIN,4th Year,2023-2027,2023,2301100596@gcekjr.ac.in,9429038010
2301100597,Debjani Mishra,Female,Mining Engineering,MIN,4th Year,2023-2027,2023,2301100597@gcekjr.ac.in,6153404397
2301100598,Gaurav Biswal,Male,Mining Engineering,MIN,4th Year,2023-2027,2023,2301100598@gcekjr.ac.in,9836293451
2301100599,Ankita Routray,Female,Mining Engineering,MIN,4th Year,2023-2027,2023,2301100599@gcekjr.ac.in,8796254247
2301100600,Usharani Parida,Female,Mining Engineering,MIN,4th Year,2023-2027,2023,2301100600@gcekjr.ac.in,7155107310
2301100601,Nandini Parida,Female,Mining Engineering,MIN,4th Year,2023-2027,2023,2301100601@gcekjr.ac.in,9605001708
2301100602,Monalisa Pradhan,Female,Mining Engineering,MIN,4th Year,2023-2027,2023,2301100602@gcekjr.ac.in,7237224621
2301100603,Subham Senapati,Male,Mining Engineering,MIN,4th Year,2023-2027,2023,2301100603@gcekjr.ac.in,7082406458
2301100604,Saroj Jagadev,Male,Mining Engineering,MIN,4th Year,2023-2027,2023,2301100604@gcekjr.ac.in,7416016278
2301100605,Itish Sahu,Male,Mining Engineering,MIN,4th Year,2023-2027,2023,2301100605@gcekjr.ac.in,6090527772
2301100606,Nibedita Dash,Female,Mining Engineering,MIN,4th Year,2023-2027,2023,2301100606@gcekjr.ac.in,7247229868
2301100607,Anita Sahoo,Female,Mining Engineering,MIN,4th Year,2023-2027,2023,2301100607@gcekjr.ac.in,9560983670
2301100608,Gaurav Senapati,Male,Mining Engineering,MIN,4th Year,2023-2027,2023,2301100608@gcekjr.ac.in,8960789913
2301100609,Yashaswini Khuntia,Female,Mining Engineering,MIN,4th Year,2023-2027,2023,2301100609@gcekjr.ac.in,9614761208
2301100610,Eshan Muduli,Male,Mining Engineering,MIN,4th Year,2023-2027,2023,2301100610@gcekjr.ac.in,6002211496
2301100611,Mantu Das,Male,Mining Engineering,MIN,4th Year,2023-2027,2023,2301100611@gcekjr.ac.in,6022263224
2301100612,Subham Biswal,Male,Mining Engineering,MIN,4th Year,2023-2027,2023,2301100612@gcekjr.ac.in,8860091305
2301100613,Amit Pradhan,Male,Mining Engineering,MIN,4th Year,2023-2027,2023,2301100613@gcekjr.ac.in,6618252226
2301100614,Tanmayee Khuntia,Female,Mining Engineering,MIN,4th Year,2023-2027,2023,2301100614@gcekjr.ac.in,9119131028
2301100615,Gitanjali Jagadev,Female,Mining Engineering,MIN,4th Year,2023-2027,2023,2301100615@gcekjr.ac.in,7705453919
2301100616,Monalisa Sethi,Female,Mining Engineering,MIN,4th Year,2023-2027,2023,2301100616@gcekjr.ac.in,9080908992
2301100617,Usharani Mishra,Female,Mining Engineering,MIN,4th Year,2023-2027,2023,2301100617@gcekjr.ac.in,9315597846
2301100618,Abhishek Muduli,Male,Mining Engineering,MIN,4th Year,2023-2027,2023,2301100618@gcekjr.ac.in,8312104506
2301100619,Jagruti Dash,Female,Mining Engineering,MIN,4th Year,2023-2027,2023,2301100619@gcekjr.ac.in,6666638947
2301100620,Ankit Patnaik,Male,Mining Engineering,MIN,4th Year,2023-2027,2023,2301100620@gcekjr.ac.in,7899182426
2301100621,Gitanjali Naik,Female,Mining Engineering,MIN,4th Year,2023-2027,2023,2301100621@gcekjr.ac.in,7930381654
2301100622,Bikash Khuntia,Male,Mining Engineering,MIN,4th Year,2023-2027,2023,2301100622@gcekjr.ac.in,6246042214
2301100623,Pratyusha Nayak,Female,Mining Engineering,MIN,4th Year,2023-2027,2023,2301100623@gcekjr.ac.in,7014823897
2301100624,Ashutosh Kar,Male,Mining Engineering,MIN,4th Year,2023-2027,2023,2301100624@gcekjr.ac.in,7157775686
2301100625,Aryan Das,Male,Mining Engineering,MIN,4th Year,2023-2027,2023,2301100625@gcekjr.ac.in,9145896922
2301100626,Eshan Dey,Male,Mining Engineering,MIN,4th Year,2023-2027,2023,2301100626@gcekjr.ac.in,7122229134
2301100627,Rajashree Muduli,Female,Mining Engineering,MIN,4th Year,2023-2027,2023,2301100627@gcekjr.ac.in,8395242897
2301100628,Dibyajyoti Dash,Male,Mining Engineering,MIN,4th Year,2023-2027,2023,2301100628@gcekjr.ac.in,6381734106
2301100629,Bikash Mohanty,Male,Mining Engineering,MIN,4th Year,2023-2027,2023,2301100629@gcekjr.ac.in,8853832248
2301100630,Tapan Maharana,Male,Mining Engineering,MIN,4th Year,2023-2027,2023,2301100630@gcekjr.ac.in,8742257382
2301100631,Subham Subudhi,Male,Mining Engineering,MIN,4th Year,2023-2027,2023,2301100631@gcekjr.ac.in,8322511082
2301100632,Elina Khuntia,Female,Mining Engineering,MIN,4th Year,2023-2027,2023,2301100632@gcekjr.ac.in,9643896890
2301100633,Saroj Panda,Male,Mining Engineering,MIN,4th Year,2023-2027,2023,2301100633@gcekjr.ac.in,7399529437
2301100634,Ashutosh Mishra,Male,Mining Engineering,MIN,4th Year,2023-2027,2023,2301100634@gcekjr.ac.in,6355449827
2301100635,Kanchan Barik,Female,Mining Engineering,MIN,4th Year,2023-2027,2023,2301100635@gcekjr.ac.in,6009790595
2301100636,Chinmay Nayak,Male,Mining Engineering,MIN,4th Year,2023-2027,2023,2301100636@gcekjr.ac.in,9493589097
2301100637,Snigdha Dalai,Female,Mining Engineering,MIN,4th Year,2023-2027,2023,2301100637@gcekjr.ac.in,8490502665
2301100638,Utkarsh Barik,Male,Mining Engineering,MIN,4th Year,2023-2027,2023,2301100638@gcekjr.ac.in,8239574801
2301100639,Ashutosh Subudhi,Male,Mining Engineering,MIN,4th Year,2023-2027,2023,2301100639@gcekjr.ac.in,8741162308
2301100640,Gyana Panda,Male,Mining Engineering,MIN,4th Year,2023-2027,2023,2301100640@gcekjr.ac.in,8277594369
2301100641,Subham Mohanty,Male,Mining Engineering,MIN,4th Year,2023-2027,2023,2301100641@gcekjr.ac.in,8563582497
2301100642,Sagar Pradhan,Male,Mining Engineering,MIN,4th Year,2023-2027,2023,2301100642@gcekjr.ac.in,6400337980
2301100643,Saroj Nayak,Male,Mining Engineering,MIN,4th Year,2023-2027,2023,2301100643@gcekjr.ac.in,6245409063
2301100644,Lalatendu Routray,Male,Mining Engineering,MIN,4th Year,2023-2027,2023,2301100644@gcekjr.ac.in,6576539626
2301100645,Ipsit Giri,Male,Mining Engineering,MIN,4th Year,2023-2027,2023,2301100645@gcekjr.ac.in,8161111310
2301100646,Tanmayee Palei,Female,Mining Engineering,MIN,4th Year,2023-2027,2023,2301100646@gcekjr.ac.in,7884213862
2301100647,Jyotiranjan Sahoo,Male,Mining Engineering,MIN,4th Year,2023-2027,2023,2301100647@gcekjr.ac.in,8175072770
2301100648,Harapriya Dalai,Female,Mining Engineering,MIN,4th Year,2023-2027,2023,2301100648@gcekjr.ac.in,8915721314
2301100649,Sasmita Panda,Female,Mining Engineering,MIN,4th Year,2023-2027,2023,2301100649@gcekjr.ac.in,7934281533
2301100650,Bijayalaxmi Barik,Female,Mining Engineering,MIN,4th Year,2023-2027,2023,2301100650@gcekjr.ac.in,7397126401
2301100651,Manas Majhi,Male,Mining Engineering,MIN,4th Year,2023-2027,2023,2301100651@gcekjr.ac.in,7960582281
2301100652,Debasis Jena,Male,Mining Engineering,MIN,4th Year,2023-2027,2023,2301100652@gcekjr.ac.in,6598139558
2301100653,Pragyan Muduli,Female,Mining Engineering,MIN,4th Year,2023-2027,2023,2301100653@gcekjr.ac.in,8875787726
2301100654,Jagannath Rout,Male,Mining Engineering,MIN,4th Year,2023-2027,2023,2301100654@gcekjr.ac.in,9575916172
2301100655,Itish Mishra,Male,Mining Engineering,MIN,4th Year,2023-2027,2023,2301100655@gcekjr.ac.in,8617244175
2301100656,Jagruti Sethi,Female,Mining Engineering,MIN,4th Year,2023-2027,2023,2301100656@gcekjr.ac.in,9908711319
2301100657,Debjani Giri,Female,Mining Engineering,MIN,4th Year,2023-2027,2023,2301100657@gcekjr.ac.in,8661517475
2301100658,Debasis Swain,Male,Mining Engineering,MIN,4th Year,2023-2027,2023,2301100658@gcekjr.ac.in,6228778494
2301100659,Lipsa Majhi,Female,Mining Engineering,MIN,4th Year,2023-2027,2023,2301100659@gcekjr.ac.in,9268070580
2301100660,Jagannath Pati,Male,Mining Engineering,MIN,4th Year,2023-2027,2023,2301100660@gcekjr.ac.in,6396523592
2301100661,Ashutosh Dash,Male,Mining Engineering,MIN,4th Year,2023-2027,2023,2301100661@gcekjr.ac.in,8493954832
2301100662,Rakesh Dey,Male,Mining Engineering,MIN,4th Year,2023-2027,2023,2301100662@gcekjr.ac.in,9277249486
2301100663,Biswajit Nayak,Male,Mining Engineering,MIN,4th Year,2023-2027,2023,2301100663@gcekjr.ac.in,7734304770
2301100664,Itishree Mallick,Female,Mining Engineering,MIN,4th Year,2023-2027,2023,2301100664@gcekjr.ac.in,7019232155
2301100665,Gitanjali Giri,Female,Mining Engineering,MIN,4th Year,2023-2027,2023,2301100665@gcekjr.ac.in,9933214401
2301100666,Barsha Patnaik,Female,Mining Engineering,MIN,4th Year,2023-2027,2023,2301100666@gcekjr.ac.in,9726788425
2301100667,Chinmay Dash,Male,Mining Engineering,MIN,4th Year,2023-2027,2023,2301100667@gcekjr.ac.in,8184947855
2301100668,Rashmita Behera,Female,Mining Engineering,MIN,4th Year,2023-2027,2023,2301100668@gcekjr.ac.in,6903582997
2301100669,Niranjan Routray,Male,Mining Engineering,MIN,4th Year,2023-2027,2023,2301100669@gcekjr.ac.in,8747456512
2301100670,Nabin Majhi,Male,Mining Engineering,MIN,4th Year,2023-2027,2023,2301100670@gcekjr.ac.in,9399539232
2301100671,Itish Routray,Male,Mining Engineering,MIN,4th Year,2023-2027,2023,2301100671@gcekjr.ac.in,8997076463
2301100672,Jitendra Dey,Male,Mining Engineering,MIN,4th Year,2023-2027,2023,2301100672@gcekjr.ac.in,7272686471
2301100673,Saroj Patnaik,Male,Mining Engineering,MIN,4th Year,2023-2027,2023,2301100673@gcekjr.ac.in,9484111356
2301100674,Chinmay Nayak,Male,Mining Engineering,MIN,4th Year,2023-2027,2023,2301100674@gcekjr.ac.in,7185989174
2301100675,Itish Mallick,Male,Mining Engineering,MIN,4th Year,2023-2027,2023,2301100675@gcekjr.ac.in,8430263793
2301100676,Madhusmita Muduli,Female,Mining Engineering,MIN,4th Year,2023-2027,2023,2301100676@gcekjr.ac.in,8069356172
2301100677,Nandini Muduli,Female,Mining Engineering,MIN,4th Year,2023-2027,2023,2301100677@gcekjr.ac.in,8455056432
2301100678,Manas Sahoo,Male,Mining Engineering,MIN,4th Year,2023-2027,2023,2301100678@gcekjr.ac.in,7027832445
2301100679,Vikram Nayak,Male,Mining Engineering,MIN,4th Year,2023-2027,2023,2301100679@gcekjr.ac.in,7723380396
2301100680,Trupti Bhoi,Female,Mining Engineering,MIN,4th Year,2023-2027,2023,2301100680@gcekjr.ac.in,7490847349
2301100681,Rohit Acharya,Male,Mining Engineering,MIN,4th Year,2023-2027,2023,2301100681@gcekjr.ac.in,8369177319
2301100682,Debasis Giri,Male,Mining Engineering,MIN,4th Year,2023-2027,2023,2301100682@gcekjr.ac.in,6337025335
2301100683,Mantu Giri,Male,Mining Engineering,MIN,4th Year,2023-2027,2023,2301100683@gcekjr.ac.in,9667443105
2301100684,Pratyusha Sahu,Female,Mining Engineering,MIN,4th Year,2023-2027,2023,2301100684@gcekjr.ac.in,9644990186
2301100685,Deepak Nayak,Male,Mining Engineering,MIN,4th Year,2023-2027,2023,2301100685@gcekjr.ac.in,9668414393
2301100686,Saroj Muduli,Male,Mining Engineering,MIN,4th Year,2023-2027,2023,2301100686@gcekjr.ac.in,7918295469
2301100687,Varsha Pradhan,Female,Mining Engineering,MIN,4th Year,2023-2027,2023,2301100687@gcekjr.ac.in,9030984691
2301100688,Usharani Das,Female,Mining Engineering,MIN,4th Year,2023-2027,2023,2301100688@gcekjr.ac.in,6254466789
2301100689,Barsha Muduli,Female,Mining Engineering,MIN,4th Year,2023-2027,2023,2301100689@gcekjr.ac.in,9758795387
2301100690,Sagar Bhoi,Male,Mining Engineering,MIN,4th Year,2023-2027,2023,2301100690@gcekjr.ac.in,8859757340
2301100691,Jyotiranjan Tripathy,Male,Mining Engineering,MIN,4th Year,2023-2027,2023,2301100691@gcekjr.ac.in,6678857178
2301100692,Debjani Sethi,Female,Mining Engineering,MIN,4th Year,2023-2027,2023,2301100692@gcekjr.ac.in,8491595799
2301100693,Jagruti Sahoo,Female,Mining Engineering,MIN,4th Year,2023-2027,2023,2301100693@gcekjr.ac.in,7113823921
2301100694,Dibyajyoti Majhi,Male,Mining Engineering,MIN,4th Year,2023-2027,2023,2301100694@gcekjr.ac.in,9670873960
2301100695,Nibedita Samal,Female,Mining Engineering,MIN,4th Year,2023-2027,2023,2301100695@gcekjr.ac.in,7414871285
2301100696,Lopamudra Kar,Female,Mining Engineering,MIN,4th Year,2023-2027,2023,2301100696@gcekjr.ac.in,6850350972
2301100697,Pradyumna Behera,Male,Mining Engineering,MIN,4th Year,2023-2027,2023,2301100697@gcekjr.ac.in,8604170475
2301100698,Vikram Acharya,Male,Mining Engineering,MIN,4th Year,2023-2027,2023,2301100698@gcekjr.ac.in,8753356705
2301100699,Hemant Patnaik,Male,Mining Engineering,MIN,4th Year,2023-2027,2023,2301100699@gcekjr.ac.in,9767191103
2301100700,Jitendra Routray,Male,Mining Engineering,MIN,4th Year,2023-2027,2023,2301100700@gcekjr.ac.in,8641956299
2301100701,Harekrushna Naik,Male,Mining Engineering,MIN,4th Year,2023-2027,2023,2301100701@gcekjr.ac.in,7495298712
2301100702,Debasis Routray,Male,Mining Engineering,MIN,4th Year,2023-2027,2023,2301100702@gcekjr.ac.in,6441138359
2301100703,Subham Mallick,Male,Mining Engineering,MIN,4th Year,2023-2027,2023,2301100703@gcekjr.ac.in,6278233326
2301100704,Lipsa Jagadev,Female,Mining Engineering,MIN,4th Year,2023-2027,2023,2301100704@gcekjr.ac.in,6796582131
2301100705,Utkarsh Muduli,Male,Mining Engineering,MIN,4th Year,2023-2027,2023,2301100705@gcekjr.ac.in,7979666027
2301100706,Trilochan Bhoi,Male,Mining Engineering,MIN,4th Year,2023-2027,2023,2301100706@gcekjr.ac.in,7133362963
2301100707,Gitanjali Tripathy,Female,Mining Engineering,MIN,4th Year,2023-2027,2023,2301100707@gcekjr.ac.in,9610586887
2301100708,Debendra Tripathy,Male,Mining Engineering,MIN,4th Year,2023-2027,2023,2301100708@gcekjr.ac.in,7479568810
2301100709,Alina Das,Female,Mining Engineering,MIN,4th Year,2023-2027,2023,2301100709@gcekjr.ac.in,7220481423
2301100710,Vandana Routray,Female,Mining Engineering,MIN,4th Year,2023-2027,2023,2301100710@gcekjr.ac.in,6538716123
2301100711,Himanshu Behera,Male,Mining Engineering,MIN,4th Year,2023-2027,2023,2301100711@gcekjr.ac.in,8430169047
2301100712,Alina Naik,Female,Mining Engineering,MIN,4th Year,2023-2027,2023,2301100712@gcekjr.ac.in,7809647953
2301100713,Debjani Muduli,Female,Mining Engineering,MIN,4th Year,2023-2027,2023,2301100713@gcekjr.ac.in,9562697349
2301100714,Jyotiranjan Biswal,Male,Mining Engineering,MIN,4th Year,2023-2027,2023,2301100714@gcekjr.ac.in,6593344448
2301100715,Elina Pradhan,Female,Mining Engineering,MIN,4th Year,2023-2027,2023,2301100715@gcekjr.ac.in,9015026203
2301100716,Ankita Acharya,Female,Mining Engineering,MIN,4th Year,2023-2027,2023,2301100716@gcekjr.ac.in,7151290501
2301100717,Gyana Palei,Male,Mining Engineering,MIN,4th Year,2023-2027,2023,2301100717@gcekjr.ac.in,7884531580
2301100718,Swagatika Sahu,Female,Mining Engineering,MIN,4th Year,2023-2027,2023,2301100718@gcekjr.ac.in,9613172304
2301100719,Om Palei,Male,Mining Engineering,MIN,4th Year,2023-2027,2023,2301100719@gcekjr.ac.in,8695386665
2301100720,Bhagyashree Dey,Female,Mining Engineering,MIN,4th Year,2023-2027,2023,2301100720@gcekjr.ac.in,9027058940
2301100721,Ankit Mallick,Male,Mining Engineering,MIN,4th Year,2023-2027,2023,2301100721@gcekjr.ac.in,8607272744
2301100722,Om Khuntia,Male,Mining Engineering,MIN,4th Year,2023-2027,2023,2301100722@gcekjr.ac.in,9744216095
2301100723,Alina Dalai,Female,Mining Engineering,MIN,4th Year,2023-2027,2023,2301100723@gcekjr.ac.in,8683143560
2301100724,Girish Behera,Male,Mining Engineering,MIN,4th Year,2023-2027,2023,2301100724@gcekjr.ac.in,6142468718
2301100725,Debasmita Subudhi,Female,Mining Engineering,MIN,4th Year,2023-2027,2023,2301100725@gcekjr.ac.in,7552120250
2301100726,Himanshu Dalai,Male,Mining Engineering,MIN,4th Year,2023-2027,2023,2301100726@gcekjr.ac.in,7278251383
2301100727,Upasana Sahu,Female,Mining Engineering,MIN,4th Year,2023-2027,2023,2301100727@gcekjr.ac.in,9244068509
2301100728,Esha Hota,Female,Mining Engineering,MIN,4th Year,2023-2027,2023,2301100728@gcekjr.ac.in,7699665585
2301100729,Sushmita Dalai,Female,Mining Engineering,MIN,4th Year,2023-2027,2023,2301100729@gcekjr.ac.in,6928666082
2301100730,Jitendra Patnaik,Male,Mining Engineering,MIN,4th Year,2023-2027,2023,2301100730@gcekjr.ac.in,8423119369
2301100731,Nandini Hota,Female,Mining Engineering,MIN,4th Year,2023-2027,2023,2301100731@gcekjr.ac.in,6694451054
2301100732,Sushmita Dash,Female,Mining Engineering,MIN,4th Year,2023-2027,2023,2301100732@gcekjr.ac.in,6431131780
2301100733,Gyana Parida,Male,Mining Engineering,MIN,4th Year,2023-2027,2023,2301100733@gcekjr.ac.in,6732967789
2301100734,Varsha Sethi,Female,Mining Engineering,MIN,4th Year,2023-2027,2023,2301100734@gcekjr.ac.in,7505313415
2301100735,Gitanjali Sethi,Female,Mining Engineering,MIN,4th Year,2023-2027,2023,2301100735@gcekjr.ac.in,6221304843
2301100736,Usharani Mishra,Female,Mining Engineering,MIN,4th Year,2023-2027,2023,2301100736@gcekjr.ac.in,6937353026
2301100737,Alina Senapati,Female,Mining Engineering,MIN,4th Year,2023-2027,2023,2301100737@gcekjr.ac.in,8642403700
2301100738,Monalisa Sahu,Female,Mining Engineering,MIN,4th Year,2023-2027,2023,2301100738@gcekjr.ac.in,8026933932
2301100739,Trilochan Mishra,Male,Mining Engineering,MIN,4th Year,2023-2027,2023,2301100739@gcekjr.ac.in,8668363302
2301100740,Jyotsna Subudhi,Female,Mining Engineering,MIN,4th Year,2023-2027,2023,2301100740@gcekjr.ac.in,9290861110
2301100741,Jagannath Samal,Male,Mining Engineering,MIN,4th Year,2023-2027,2023,2301100741@gcekjr.ac.in,8350689982
2301100742,Esha Tripathy,Female,Mining Engineering,MIN,4th Year,2023-2027,2023,2301100742@gcekjr.ac.in,9853878837
2301100743,Girish Mallick,Male,Mining Engineering,MIN,4th Year,2023-2027,2023,2301100743@gcekjr.ac.in,8572752673
2301100744,Barsha Jagadev,Female,Mining Engineering,MIN,4th Year,2023-2027,2023,2301100744@gcekjr.ac.in,8549244426
2301100745,Nandini Mohanty,Female,Mining Engineering,MIN,4th Year,2023-2027,2023,2301100745@gcekjr.ac.in,9457914188
2301100746,Anita Pradhan,Female,Mining Engineering,MIN,4th Year,2023-2027,2023,2301100746@gcekjr.ac.in,8275937994
2301100747,Rohit Tripathy,Male,Mining Engineering,MIN,4th Year,2023-2027,2023,2301100747@gcekjr.ac.in,7762678183
2301100748,Hemalata Nayak,Female,Mining Engineering,MIN,4th Year,2023-2027,2023,2301100748@gcekjr.ac.in,6937353609
2301100749,Gaurav Bhoi,Male,Mining Engineering,MIN,4th Year,2023-2027,2023,2301100749@gcekjr.ac.in,9862677676
2301100750,Himanshu Dalai,Male,Mining Engineering,MIN,4th Year,2023-2027,2023,2301100750@gcekjr.ac.in,6302558491
2301100751,Gitanjali Dalai,Female,Mineral Engineering,MEX,4th Year,2023-2027,2023,2301100751@gcekjr.ac.in,6817034921
2301100752,Pratyusha Barik,Female,Mineral Engineering,MEX,4th Year,2023-2027,2023,2301100752@gcekjr.ac.in,6360481463
2301100753,Rajesh Pradhan,Male,Mineral Engineering,MEX,4th Year,2023-2027,2023,2301100753@gcekjr.ac.in,8471250759
2301100754,Chinmayee Routray,Female,Mineral Engineering,MEX,4th Year,2023-2027,2023,2301100754@gcekjr.ac.in,6963645389
2301100755,Rohit Kar,Male,Mineral Engineering,MEX,4th Year,2023-2027,2023,2301100755@gcekjr.ac.in,6395754031
2301100756,Rakesh Nayak,Male,Mineral Engineering,MEX,4th Year,2023-2027,2023,2301100756@gcekjr.ac.in,7969292774
2301100757,Debasmita Giri,Female,Mineral Engineering,MEX,4th Year,2023-2027,2023,2301100757@gcekjr.ac.in,8863996962
2301100758,Namrata Subudhi,Female,Mineral Engineering,MEX,4th Year,2023-2027,2023,2301100758@gcekjr.ac.in,9824347245
2301100759,Jagruti Sethi,Female,Mineral Engineering,MEX,4th Year,2023-2027,2023,2301100759@gcekjr.ac.in,9311503709
2301100760,Barsha Parida,Female,Mineral Engineering,MEX,4th Year,2023-2027,2023,2301100760@gcekjr.ac.in,7021506436
2301100761,Lipsa Sethi,Female,Mineral Engineering,MEX,4th Year,2023-2027,2023,2301100761@gcekjr.ac.in,9291144100
2301100762,Nibedita Giri,Female,Mineral Engineering,MEX,4th Year,2023-2027,2023,2301100762@gcekjr.ac.in,9122203281
2301100763,Rajashree Bhoi,Female,Mineral Engineering,MEX,4th Year,2023-2027,2023,2301100763@gcekjr.ac.in,7175080668
2301100764,Jagruti Bhoi,Female,Mineral Engineering,MEX,4th Year,2023-2027,2023,2301100764@gcekjr.ac.in,7723909668
2301100765,Amit Majhi,Male,Mineral Engineering,MEX,4th Year,2023-2027,2023,2301100765@gcekjr.ac.in,6251236010
2301100766,Monalisa Bhoi,Female,Mineral Engineering,MEX,4th Year,2023-2027,2023,2301100766@gcekjr.ac.in,6187979120
2301100767,Rohit Palei,Male,Mineral Engineering,MEX,4th Year,2023-2027,2023,2301100767@gcekjr.ac.in,6552035491
2301100768,Jyotsna Parida,Female,Mineral Engineering,MEX,4th Year,2023-2027,2023,2301100768@gcekjr.ac.in,9160342176
2301100769,Sushmita Kar,Female,Mineral Engineering,MEX,4th Year,2023-2027,2023,2301100769@gcekjr.ac.in,7612910484
2301100770,Amit Muduli,Male,Mineral Engineering,MEX,4th Year,2023-2027,2023,2301100770@gcekjr.ac.in,7378806152
2301100771,Sagar Khuntia,Male,Mineral Engineering,MEX,4th Year,2023-2027,2023,2301100771@gcekjr.ac.in,8359319559
2301100772,Vivekananda Patnaik,Male,Mineral Engineering,MEX,4th Year,2023-2027,2023,2301100772@gcekjr.ac.in,8277609036
2301100773,Ujjwal Dey,Male,Mineral Engineering,MEX,4th Year,2023-2027,2023,2301100773@gcekjr.ac.in,6506150061
2301100774,Harekrushna Biswal,Male,Mineral Engineering,MEX,4th Year,2023-2027,2023,2301100774@gcekjr.ac.in,7756862415
2301100775,Debjani Barik,Female,Mineral Engineering,MEX,4th Year,2023-2027,2023,2301100775@gcekjr.ac.in,7338638133
2301100776,Pragyan Behera,Female,Mineral Engineering,MEX,4th Year,2023-2027,2023,2301100776@gcekjr.ac.in,9288099619
2301100777,Tanmayee Dey,Female,Mineral Engineering,MEX,4th Year,2023-2027,2023,2301100777@gcekjr.ac.in,9628652299
2301100778,Tanmayee Sahoo,Female,Mineral Engineering,MEX,4th Year,2023-2027,2023,2301100778@gcekjr.ac.in,8959131885
2301100779,Nandini Kar,Female,Mineral Engineering,MEX,4th Year,2023-2027,2023,2301100779@gcekjr.ac.in,6924042921
2301100780,Deepak Sethi,Male,Mineral Engineering,MEX,4th Year,2023-2027,2023,2301100780@gcekjr.ac.in,9979448504
2301100781,Lipsa Kar,Female,Mineral Engineering,MEX,4th Year,2023-2027,2023,2301100781@gcekjr.ac.in,6422978147
2301100782,Ipsit Mohanty,Male,Mineral Engineering,MEX,4th Year,2023-2027,2023,2301100782@gcekjr.ac.in,7437065936
2301100783,Amit Mallick,Male,Mineral Engineering,MEX,4th Year,2023-2027,2023,2301100783@gcekjr.ac.in,8069245878
2301100784,Barsha Dalai,Female,Mineral Engineering,MEX,4th Year,2023-2027,2023,2301100784@gcekjr.ac.in,6119906886
2301100785,Bhagyashree Sahu,Female,Mineral Engineering,MEX,4th Year,2023-2027,2023,2301100785@gcekjr.ac.in,6124392601
2301100786,Trilochan Nayak,Male,Mineral Engineering,MEX,4th Year,2023-2027,2023,2301100786@gcekjr.ac.in,8940355153
2301100787,Pradyumna Jagadev,Male,Mineral Engineering,MEX,4th Year,2023-2027,2023,2301100787@gcekjr.ac.in,6384513124
2301100788,Debasmita Sahoo,Female,Mineral Engineering,MEX,4th Year,2023-2027,2023,2301100788@gcekjr.ac.in,9932178894
2301100789,Saroj Dalai,Male,Mineral Engineering,MEX,4th Year,2023-2027,2023,2301100789@gcekjr.ac.in,7656527639
2301100790,Girish Mohanty,Male,Mineral Engineering,MEX,4th Year,2023-2027,2023,2301100790@gcekjr.ac.in,9527256852
2301100791,Harapriya Hota,Female,Mineral Engineering,MEX,4th Year,2023-2027,2023,2301100791@gcekjr.ac.in,9466190418
2301100792,Lalatendu Tripathy,Male,Mineral Engineering,MEX,4th Year,2023-2027,2023,2301100792@gcekjr.ac.in,7726724250
2301100793,Debendra Khuntia,Male,Mineral Engineering,MEX,4th Year,2023-2027,2023,2301100793@gcekjr.ac.in,9992446384
2301100794,Nibedita Sahu,Female,Mineral Engineering,MEX,4th Year,2023-2027,2023,2301100794@gcekjr.ac.in,7351845696
2301100795,Itishree Palei,Female,Mineral Engineering,MEX,4th Year,2023-2027,2023,2301100795@gcekjr.ac.in,6826805590
2301100796,Rakesh Pati,Male,Mineral Engineering,MEX,4th Year,2023-2027,2023,2301100796@gcekjr.ac.in,8523106057
2301100797,Lopamudra Sethi,Female,Mineral Engineering,MEX,4th Year,2023-2027,2023,2301100797@gcekjr.ac.in,8765223156
2301100798,Trilochan Pradhan,Male,Mineral Engineering,MEX,4th Year,2023-2027,2023,2301100798@gcekjr.ac.in,8231421410
2301100799,Kanchan Panda,Female,Mineral Engineering,MEX,4th Year,2023-2027,2023,2301100799@gcekjr.ac.in,9716439375
2301100800,Varsha Senapati,Female,Mineral Engineering,MEX,4th Year,2023-2027,2023,2301100800@gcekjr.ac.in,6034558620
2301100801,Upasana Nayak,Female,Mineral Engineering,MEX,4th Year,2023-2027,2023,2301100801@gcekjr.ac.in,7881566911
2301100802,Bibhu Barik,Male,Mineral Engineering,MEX,4th Year,2023-2027,2023,2301100802@gcekjr.ac.in,7801743504
2301100803,Pragyan Pati,Female,Mineral Engineering,MEX,4th Year,2023-2027,2023,2301100803@gcekjr.ac.in,6394415312
2301100804,Varsha Mallick,Female,Mineral Engineering,MEX,4th Year,2023-2027,2023,2301100804@gcekjr.ac.in,7405199004
2301100805,Chandrika Dey,Female,Mineral Engineering,MEX,4th Year,2023-2027,2023,2301100805@gcekjr.ac.in,8489884793
2301100806,Ankita Biswal,Female,Mineral Engineering,MEX,4th Year,2023-2027,2023,2301100806@gcekjr.ac.in,9632536155
2301100807,Om Prava Jagadev,Female,Mineral Engineering,MEX,4th Year,2023-2027,2023,2301100807@gcekjr.ac.in,6296827159
2301100808,Bijayalaxmi Palei,Female,Mineral Engineering,MEX,4th Year,2023-2027,2023,2301100808@gcekjr.ac.in,8046888737
2301100809,Jyotsna Maharana,Female,Mineral Engineering,MEX,4th Year,2023-2027,2023,2301100809@gcekjr.ac.in,7325762280
2301100810,Debasis Naik,Male,Mineral Engineering,MEX,4th Year,2023-2027,2023,2301100810@gcekjr.ac.in,7496343639
2301100811,Eshan Naik,Male,Mineral Engineering,MEX,4th Year,2023-2027,2023,2301100811@gcekjr.ac.in,6943060036
2301100812,Jagruti Majhi,Female,Mineral Engineering,MEX,4th Year,2023-2027,2023,2301100812@gcekjr.ac.in,6289969450
2301100813,Monalisa Subudhi,Female,Mineral Engineering,MEX,4th Year,2023-2027,2023,2301100813@gcekjr.ac.in,7897003906
2301100814,Hemalata Sethi,Female,Mineral Engineering,MEX,4th Year,2023-2027,2023,2301100814@gcekjr.ac.in,7501084766
2301100815,Rakesh Muduli,Male,Mineral Engineering,MEX,4th Year,2023-2027,2023,2301100815@gcekjr.ac.in,8870396883
2301100816,Gyana Behera,Male,Mineral Engineering,MEX,4th Year,2023-2027,2023,2301100816@gcekjr.ac.in,9604973485
2301100817,Biswajit Nayak,Male,Mineral Engineering,MEX,4th Year,2023-2027,2023,2301100817@gcekjr.ac.in,9970614968
2301100818,Utkarsh Khuntia,Male,Mineral Engineering,MEX,4th Year,2023-2027,2023,2301100818@gcekjr.ac.in,9854665012
2301100819,Hemant Pradhan,Male,Mineral Engineering,MEX,4th Year,2023-2027,2023,2301100819@gcekjr.ac.in,8567482510
2301100820,Alina Majhi,Female,Mineral Engineering,MEX,4th Year,2023-2027,2023,2301100820@gcekjr.ac.in,6794014767
2301100821,Biswajit Rout,Male,Mineral Engineering,MEX,4th Year,2023-2027,2023,2301100821@gcekjr.ac.in,8342475792
2301100822,Hemant Panda,Male,Mineral Engineering,MEX,4th Year,2023-2027,2023,2301100822@gcekjr.ac.in,7396993054
2301100823,Ashutosh Pradhan,Male,Mineral Engineering,MEX,4th Year,2023-2027,2023,2301100823@gcekjr.ac.in,9264294102
2301100824,Biswajit Palei,Male,Mineral Engineering,MEX,4th Year,2023-2027,2023,2301100824@gcekjr.ac.in,7981131553
2301100825,Dibyajyoti Pati,Male,Mineral Engineering,MEX,4th Year,2023-2027,2023,2301100825@gcekjr.ac.in,6286329773
2301100826,Barsha Dey,Female,Mineral Engineering,MEX,4th Year,2023-2027,2023,2301100826@gcekjr.ac.in,9380340114
2301100827,Jyotiranjan Jagadev,Male,Mineral Engineering,MEX,4th Year,2023-2027,2023,2301100827@gcekjr.ac.in,9917255952
2301100828,Snigdha Tripathy,Female,Mineral Engineering,MEX,4th Year,2023-2027,2023,2301100828@gcekjr.ac.in,7164874433
2301100829,Pratyusha Sahu,Female,Mineral Engineering,MEX,4th Year,2023-2027,2023,2301100829@gcekjr.ac.in,6326962334
2301100830,Alina Mohanty,Female,Mineral Engineering,MEX,4th Year,2023-2027,2023,2301100830@gcekjr.ac.in,9502871105
2301100831,Vivekananda Sahoo,Male,Mineral Engineering,MEX,4th Year,2023-2027,2023,2301100831@gcekjr.ac.in,6944921354
2301100832,Hemant Swain,Male,Mineral Engineering,MEX,4th Year,2023-2027,2023,2301100832@gcekjr.ac.in,7669443427
2301100833,Utkarsh Dash,Male,Mineral Engineering,MEX,4th Year,2023-2027,2023,2301100833@gcekjr.ac.in,6821475520
2301100834,Jagannath Patnaik,Male,Mineral Engineering,MEX,4th Year,2023-2027,2023,2301100834@gcekjr.ac.in,7632347395
2301100835,Varsha Bhoi,Female,Mineral Engineering,MEX,4th Year,2023-2027,2023,2301100835@gcekjr.ac.in,8387689456
2301100836,Niranjan Majhi,Male,Mineral Engineering,MEX,4th Year,2023-2027,2023,2301100836@gcekjr.ac.in,8801196563
2301100837,Pragyan Barik,Female,Mineral Engineering,MEX,4th Year,2023-2027,2023,2301100837@gcekjr.ac.in,9647216757
2301100838,Subham Samal,Male,Mineral Engineering,MEX,4th Year,2023-2027,2023,2301100838@gcekjr.ac.in,8038094051
2301100839,Subham Dash,Male,Mineral Engineering,MEX,4th Year,2023-2027,2023,2301100839@gcekjr.ac.in,8029963099
2301100840,Tapan Mallick,Male,Mineral Engineering,MEX,4th Year,2023-2027,2023,2301100840@gcekjr.ac.in,8329115639
2301100841,Jyotsna Swain,Female,Mineral Engineering,MEX,4th Year,2023-2027,2023,2301100841@gcekjr.ac.in,9899437999
2301100842,Madhusmita Patnaik,Female,Mineral Engineering,MEX,4th Year,2023-2027,2023,2301100842@gcekjr.ac.in,9422402883
2301100843,Himanshu Dey,Male,Mineral Engineering,MEX,4th Year,2023-2027,2023,2301100843@gcekjr.ac.in,9101199700
2301100844,Tanmayee Giri,Female,Mineral Engineering,MEX,4th Year,2023-2027,2023,2301100844@gcekjr.ac.in,7216734885
2301100845,Ankita Maharana,Female,Mineral Engineering,MEX,4th Year,2023-2027,2023,2301100845@gcekjr.ac.in,9900467988
2301100846,Usharani Sahoo,Female,Mineral Engineering,MEX,4th Year,2023-2027,2023,2301100846@gcekjr.ac.in,9114150502
2301100847,Nabin Tripathy,Male,Mineral Engineering,MEX,4th Year,2023-2027,2023,2301100847@gcekjr.ac.in,7274378393
2301100848,Abhishek Routray,Male,Mineral Engineering,MEX,4th Year,2023-2027,2023,2301100848@gcekjr.ac.in,8438269103
2301100849,Kedar Routray,Male,Mineral Engineering,MEX,4th Year,2023-2027,2023,2301100849@gcekjr.ac.in,7852163884
2301100850,Saroj Dash,Male,Mineral Engineering,MEX,4th Year,2023-2027,2023,2301100850@gcekjr.ac.in,6275266120
2301100851,Subham Giri,Male,Mineral Engineering,MEX,4th Year,2023-2027,2023,2301100851@gcekjr.ac.in,8643477857
2301100852,Gayatri Khuntia,Female,Mineral Engineering,MEX,4th Year,2023-2027,2023,2301100852@gcekjr.ac.in,8935388660
2301100853,Aryan Samal,Male,Mineral Engineering,MEX,4th Year,2023-2027,2023,2301100853@gcekjr.ac.in,6901705221
2301100854,Jagannath Dash,Male,Mineral Engineering,MEX,4th Year,2023-2027,2023,2301100854@gcekjr.ac.in,9936802750
2301100855,Kedar Maharana,Male,Mineral Engineering,MEX,4th Year,2023-2027,2023,2301100855@gcekjr.ac.in,6912095048
2301100856,Niranjan Hota,Male,Mineral Engineering,MEX,4th Year,2023-2027,2023,2301100856@gcekjr.ac.in,9476036033
2301100857,Subham Routray,Male,Mineral Engineering,MEX,4th Year,2023-2027,2023,2301100857@gcekjr.ac.in,8740523345
2301100858,Itish Majhi,Male,Mineral Engineering,MEX,4th Year,2023-2027,2023,2301100858@gcekjr.ac.in,9806881788
2301100859,Bhagyashree Mallick,Female,Mineral Engineering,MEX,4th Year,2023-2027,2023,2301100859@gcekjr.ac.in,6757225495
2301100860,Pradyumna Senapati,Male,Mineral Engineering,MEX,4th Year,2023-2027,2023,2301100860@gcekjr.ac.in,8188869307
2301100861,Chinmayee Swain,Female,Mineral Engineering,MEX,4th Year,2023-2027,2023,2301100861@gcekjr.ac.in,9995040017
2301100862,Ipsit Parida,Male,Mineral Engineering,MEX,4th Year,2023-2027,2023,2301100862@gcekjr.ac.in,9776161834
2301100863,Namrata Routray,Female,Mineral Engineering,MEX,4th Year,2023-2027,2023,2301100863@gcekjr.ac.in,6620827544
2301100864,Rajesh Behera,Male,Mineral Engineering,MEX,4th Year,2023-2027,2023,2301100864@gcekjr.ac.in,8314091707
2301100865,Bibhu Palei,Male,Mineral Engineering,MEX,4th Year,2023-2027,2023,2301100865@gcekjr.ac.in,7790579493
2301100866,Priyanka Panda,Female,Mineral Engineering,MEX,4th Year,2023-2027,2023,2301100866@gcekjr.ac.in,9091844625
2301100867,Pratyusha Hota,Female,Mineral Engineering,MEX,4th Year,2023-2027,2023,2301100867@gcekjr.ac.in,9373565526
2301100868,Madhusmita Panda,Female,Mineral Engineering,MEX,4th Year,2023-2027,2023,2301100868@gcekjr.ac.in,6204382175
2301100869,Esha Panda,Female,Mineral Engineering,MEX,4th Year,2023-2027,2023,2301100869@gcekjr.ac.in,9667398492
2301100870,Eshan Subudhi,Male,Mineral Engineering,MEX,4th Year,2023-2027,2023,2301100870@gcekjr.ac.in,8829216213
2301100871,Rajashree Rout,Female,Mineral Engineering,MEX,4th Year,2023-2027,2023,2301100871@gcekjr.ac.in,7908540254
2301100872,Aryan Maharana,Male,Mineral Engineering,MEX,4th Year,2023-2027,2023,2301100872@gcekjr.ac.in,8055888402
2301100873,Jagannath Maharana,Male,Mineral Engineering,MEX,4th Year,2023-2027,2023,2301100873@gcekjr.ac.in,7788943463
2301100874,Swagatika Giri,Female,Mineral Engineering,MEX,4th Year,2023-2027,2023,2301100874@gcekjr.ac.in,7278903799
2301100875,Dibyajyoti Sahoo,Male,Mineral Engineering,MEX,4th Year,2023-2027,2023,2301100875@gcekjr.ac.in,8123591607
2301100876,Rajashree Hota,Female,Mineral Engineering,MEX,4th Year,2023-2027,2023,2301100876@gcekjr.ac.in,6770818066
2301100877,Utkarsh Das,Male,Mineral Engineering,MEX,4th Year,2023-2027,2023,2301100877@gcekjr.ac.in,6491798149
2301100878,Snigdha Dey,Female,Mineral Engineering,MEX,4th Year,2023-2027,2023,2301100878@gcekjr.ac.in,7650875615
2301100879,Gaurav Khuntia,Male,Mineral Engineering,MEX,4th Year,2023-2027,2023,2301100879@gcekjr.ac.in,6250324460
2301100880,Nandini Acharya,Female,Mineral Engineering,MEX,4th Year,2023-2027,2023,2301100880@gcekjr.ac.in,9644999117
2301100881,Bhagyashree Mallick,Female,Mineral Engineering,MEX,4th Year,2023-2027,2023,2301100881@gcekjr.ac.in,7701111370
2301100882,Jagruti Maharana,Female,Mineral Engineering,MEX,4th Year,2023-2027,2023,2301100882@gcekjr.ac.in,7724719575
2301100883,Lopamudra Rout,Female,Mineral Engineering,MEX,4th Year,2023-2027,2023,2301100883@gcekjr.ac.in,6550927446
2301100884,Pratap Patnaik,Male,Mineral Engineering,MEX,4th Year,2023-2027,2023,2301100884@gcekjr.ac.in,9231204943
2301100885,Ipsita Bhoi,Female,Mineral Engineering,MEX,4th Year,2023-2027,2023,2301100885@gcekjr.ac.in,6083441934
2301100886,Jitendra Sahoo,Male,Mineral Engineering,MEX,4th Year,2023-2027,2023,2301100886@gcekjr.ac.in,6844815278
2301100887,Bibhu Rout,Male,Mineral Engineering,MEX,4th Year,2023-2027,2023,2301100887@gcekjr.ac.in,7953283011
2301100888,Sagar Khuntia,Male,Mineral Engineering,MEX,4th Year,2023-2027,2023,2301100888@gcekjr.ac.in,6231106618
2301100889,Rajesh Biswal,Male,Mineral Engineering,MEX,4th Year,2023-2027,2023,2301100889@gcekjr.ac.in,7556204961
2301100890,Sushmita Dash,Female,Mineral Engineering,MEX,4th Year,2023-2027,2023,2301100890@gcekjr.ac.in,9184413985
2301100891,Vivekananda Patnaik,Male,Mineral Engineering,MEX,4th Year,2023-2027,2023,2301100891@gcekjr.ac.in,6968582419
2301100892,Lalatendu Naik,Male,Mineral Engineering,MEX,4th Year,2023-2027,2023,2301100892@gcekjr.ac.in,7142597811
2301100893,Lopamudra Naik,Female,Mineral Engineering,MEX,4th Year,2023-2027,2023,2301100893@gcekjr.ac.in,6677327615
2301100894,Subham Mallick,Male,Mineral Engineering,MEX,4th Year,2023-2027,2023,2301100894@gcekjr.ac.in,7644520239
2301100895,Barsha Hota,Female,Mineral Engineering,MEX,4th Year,2023-2027,2023,2301100895@gcekjr.ac.in,6164703389
2301100896,Pratap Samal,Male,Mineral Engineering,MEX,4th Year,2023-2027,2023,2301100896@gcekjr.ac.in,8739425232
2301100897,Jagruti Pradhan,Female,Mineral Engineering,MEX,4th Year,2023-2027,2023,2301100897@gcekjr.ac.in,6069885071
2301100898,Chinmay Pati,Male,Mineral Engineering,MEX,4th Year,2023-2027,2023,2301100898@gcekjr.ac.in,7019281656
2301100899,Hemalata Jena,Female,Mineral Engineering,MEX,4th Year,2023-2027,2023,2301100899@gcekjr.ac.in,7799435895
2301100900,Kedar Sahu,Male,Mineral Engineering,MEX,4th Year,2023-2027,2023,2301100900@gcekjr.ac.in,9165778355
2301100901,Itish Sahu,Male,Mineral Engineering,MEX,4th Year,2023-2027,2023,2301100901@gcekjr.ac.in,7212246903
2301100902,Kanchan Panda,Female,Mineral Engineering,MEX,4th Year,2023-2027,2023,2301100902@gcekjr.ac.in,7546026162
2301100903,Madhusmita Jena,Female,Mineral Engineering,MEX,4th Year,2023-2027,2023,2301100903@gcekjr.ac.in,7631095840
2301100904,Bijayalaxmi Nayak,Female,Mineral Engineering,MEX,4th Year,2023-2027,2023,2301100904@gcekjr.ac.in,9034210507
2301100905,Subham Sethi,Male,Mineral Engineering,MEX,4th Year,2023-2027,2023,2301100905@gcekjr.ac.in,8315229271
2301100906,Gitanjali Tripathy,Female,Mineral Engineering,MEX,4th Year,2023-2027,2023,2301100906@gcekjr.ac.in,6138726185
2301100907,Amit Routray,Male,Mineral Engineering,MEX,4th Year,2023-2027,2023,2301100907@gcekjr.ac.in,7530495456
2301100908,Lopamudra Samal,Female,Mineral Engineering,MEX,4th Year,2023-2027,2023,2301100908@gcekjr.ac.in,8655701246
2301100909,Chandrika Sahoo,Female,Mineral Engineering,MEX,4th Year,2023-2027,2023,2301100909@gcekjr.ac.in,6013991695
2301100910,Abhishek Majhi,Male,Mineral Engineering,MEX,4th Year,2023-2027,2023,2301100910@gcekjr.ac.in,6604199977
2301100911,Rajashree Sahu,Female,Mineral Engineering,MEX,4th Year,2023-2027,2023,2301100911@gcekjr.ac.in,7658210341
2301100912,Ankit Dash,Male,Mineral Engineering,MEX,4th Year,2023-2027,2023,2301100912@gcekjr.ac.in,9696662132
2301100913,Ankit Khuntia,Male,Mineral Engineering,MEX,4th Year,2023-2027,2023,2301100913@gcekjr.ac.in,6013062361
2301100914,Hemant Giri,Male,Mineral Engineering,MEX,4th Year,2023-2027,2023,2301100914@gcekjr.ac.in,8219753503
2301100915,Chandrika Pati,Female,Mineral Engineering,MEX,4th Year,2023-2027,2023,2301100915@gcekjr.ac.in,9204405725
2301100916,Debendra Kar,Male,Mineral Engineering,MEX,4th Year,2023-2027,2023,2301100916@gcekjr.ac.in,6308457534
2301100917,Trupti Pati,Female,Mineral Engineering,MEX,4th Year,2023-2027,2023,2301100917@gcekjr.ac.in,9497621205
2301100918,Hemalata Dalai,Female,Mineral Engineering,MEX,4th Year,2023-2027,2023,2301100918@gcekjr.ac.in,7705809359
2301100919,Varsha Maharana,Female,Mineral Engineering,MEX,4th Year,2023-2027,2023,2301100919@gcekjr.ac.in,9315681800
2301100920,Varsha Bhoi,Female,Mineral Engineering,MEX,4th Year,2023-2027,2023,2301100920@gcekjr.ac.in,7948307273
2301100921,Tapan Acharya,Male,Mineral Engineering,MEX,4th Year,2023-2027,2023,2301100921@gcekjr.ac.in,6104968727
2301100922,Priyanka Jagadev,Female,Mineral Engineering,MEX,4th Year,2023-2027,2023,2301100922@gcekjr.ac.in,6116061733
2301100923,Chandrika Jena,Female,Mineral Engineering,MEX,4th Year,2023-2027,2023,2301100923@gcekjr.ac.in,9509902050
2301100924,Pratyusha Mohanty,Female,Mineral Engineering,MEX,4th Year,2023-2027,2023,2301100924@gcekjr.ac.in,9933950241
2301100925,Harapriya Nayak,Female,Mineral Engineering,MEX,4th Year,2023-2027,2023,2301100925@gcekjr.ac.in,8282036112
2301100926,Rakesh Majhi,Male,Mineral Engineering,MEX,4th Year,2023-2027,2023,2301100926@gcekjr.ac.in,8031454528
2301100927,Bijayalaxmi Mohanty,Female,Mineral Engineering,MEX,4th Year,2023-2027,2023,2301100927@gcekjr.ac.in,8041407579
2301100928,Mantu Das,Male,Mineral Engineering,MEX,4th Year,2023-2027,2023,2301100928@gcekjr.ac.in,6612532713
2301100929,Biswajit Mishra,Male,Mineral Engineering,MEX,4th Year,2023-2027,2023,2301100929@gcekjr.ac.in,7091180258
2301100930,Jyotsna Bhoi,Female,Mineral Engineering,MEX,4th Year,2023-2027,2023,2301100930@gcekjr.ac.in,8024004767
2301100931,Aryan Acharya,Male,Mineral Engineering,MEX,4th Year,2023-2027,2023,2301100931@gcekjr.ac.in,6815415808
2301100932,Kanchan Khuntia,Female,Mineral Engineering,MEX,4th Year,2023-2027,2023,2301100932@gcekjr.ac.in,9658117754
2301100933,Debjani Kar,Female,Mineral Engineering,MEX,4th Year,2023-2027,2023,2301100933@gcekjr.ac.in,7100427436
2301100934,Jagannath Das,Male,Mineral Engineering,MEX,4th Year,2023-2027,2023,2301100934@gcekjr.ac.in,8021299355
2301100935,Nabin Rout,Male,Mineral Engineering,MEX,4th Year,2023-2027,2023,2301100935@gcekjr.ac.in,7963167755
2301100936,Vivekananda Acharya,Male,Mineral Engineering,MEX,4th Year,2023-2027,2023,2301100936@gcekjr.ac.in,8441779300
2301100937,Harekrushna Tripathy,Male,Mineral Engineering,MEX,4th Year,2023-2027,2023,2301100937@gcekjr.ac.in,7455935913
2301100938,Gaurav Biswal,Male,Mineral Engineering,MEX,4th Year,2023-2027,2023,2301100938@gcekjr.ac.in,9239904514
2301100939,Saroj Pradhan,Male,Mineral Engineering,MEX,4th Year,2023-2027,2023,2301100939@gcekjr.ac.in,9568338037
2301100940,Rakesh Senapati,Male,Mineral Engineering,MEX,4th Year,2023-2027,2023,2301100940@gcekjr.ac.in,7779331742
2301100941,Jagruti Barik,Female,Mineral Engineering,MEX,4th Year,2023-2027,2023,2301100941@gcekjr.ac.in,6639613582
2301100942,Rakesh Panda,Male,Mineral Engineering,MEX,4th Year,2023-2027,2023,2301100942@gcekjr.ac.in,9704418811
2301100943,Kanchan Mohanty,Female,Mineral Engineering,MEX,4th Year,2023-2027,2023,2301100943@gcekjr.ac.in,9653645955
2301100944,Hemant Dey,Male,Mineral Engineering,MEX,4th Year,2023-2027,2023,2301100944@gcekjr.ac.in,6791657874
2301100945,Yash Senapati,Male,Mineral Engineering,MEX,4th Year,2023-2027,2023,2301100945@gcekjr.ac.in,9561258480
2301100946,Ankita Bhoi,Female,Mineral Engineering,MEX,4th Year,2023-2027,2023,2301100946@gcekjr.ac.in,9235861988
2301100947,Yashaswini Naik,Female,Mineral Engineering,MEX,4th Year,2023-2027,2023,2301100947@gcekjr.ac.in,9019291624
2301100948,Debjani Sahoo,Female,Mineral Engineering,MEX,4th Year,2023-2027,2023,2301100948@gcekjr.ac.in,9487306776
2301100949,Ashutosh Hota,Male,Mineral Engineering,MEX,4th Year,2023-2027,2023,2301100949@gcekjr.ac.in,6110581576
2301100950,Bibhu Sethi,Male,Mineral Engineering,MEX,4th Year,2023-2027,2023,2301100950@gcekjr.ac.in,8834911420
2301100951,Pragyan Palei,Female,Mineral Engineering,MEX,4th Year,2023-2027,2023,2301100951@gcekjr.ac.in,8256453970
2301100952,Chandan Parida,Male,Mineral Engineering,MEX,4th Year,2023-2027,2023,2301100952@gcekjr.ac.in,8158357608
2301100953,Bikash Dey,Male,Mineral Engineering,MEX,4th Year,2023-2027,2023,2301100953@gcekjr.ac.in,9582033783
2301100954,Upasana Pradhan,Female,Mineral Engineering,MEX,4th Year,2023-2027,2023,2301100954@gcekjr.ac.in,7493901162
2301100955,Lipsa Pradhan,Female,Mineral Engineering,MEX,4th Year,2023-2027,2023,2301100955@gcekjr.ac.in,7255059523
2301100956,Debjani Bhoi,Female,Mineral Engineering,MEX,4th Year,2023-2027,2023,2301100956@gcekjr.ac.in,9688472752
2301100957,Rajesh Samal,Male,Mineral Engineering,MEX,4th Year,2023-2027,2023,2301100957@gcekjr.ac.in,7112577618
2301100958,Bikash Dash,Male,Mineral Engineering,MEX,4th Year,2023-2027,2023,2301100958@gcekjr.ac.in,8723814019
2301100959,Vivekananda Pradhan,Male,Mineral Engineering,MEX,4th Year,2023-2027,2023,2301100959@gcekjr.ac.in,9881752154
2301100960,Rajesh Bhoi,Male,Mineral Engineering,MEX,4th Year,2023-2027,2023,2301100960@gcekjr.ac.in,7736528902
2301100961,Itish Tripathy,Male,Mineral Engineering,MEX,4th Year,2023-2027,2023,2301100961@gcekjr.ac.in,6550064675
2301100962,Pragyan Khuntia,Female,Mineral Engineering,MEX,4th Year,2023-2027,2023,2301100962@gcekjr.ac.in,9616619223
2301100963,Yash Jagadev,Male,Mineral Engineering,MEX,4th Year,2023-2027,2023,2301100963@gcekjr.ac.in,6332439271
2301100964,Manas Muduli,Male,Mineral Engineering,MEX,4th Year,2023-2027,2023,2301100964@gcekjr.ac.in,7496756833
2301100965,Deepak Dalai,Male,Mineral Engineering,MEX,4th Year,2023-2027,2023,2301100965@gcekjr.ac.in,6150858206
2301100966,Rashmita Routray,Female,Mineral Engineering,MEX,4th Year,2023-2027,2023,2301100966@gcekjr.ac.in,6237896718
2301100967,Eshan Pradhan,Male,Mineral Engineering,MEX,4th Year,2023-2027,2023,2301100967@gcekjr.ac.in,9179983492
2301100968,Lopamudra Senapati,Female,Mineral Engineering,MEX,4th Year,2023-2027,2023,2301100968@gcekjr.ac.in,6599396008
2301100969,Upasana Khuntia,Female,Mineral Engineering,MEX,4th Year,2023-2027,2023,2301100969@gcekjr.ac.in,6092143417
2301100970,Jagannath Acharya,Male,Mineral Engineering,MEX,4th Year,2023-2027,2023,2301100970@gcekjr.ac.in,6520618633
2301100971,Yash Biswal,Male,Mineral Engineering,MEX,4th Year,2023-2027,2023,2301100971@gcekjr.ac.in,9388914303
2301100972,Rajesh Hota,Male,Mineral Engineering,MEX,4th Year,2023-2027,2023,2301100972@gcekjr.ac.in,9387930811
2301100973,Ankit Dash,Male,Mineral Engineering,MEX,4th Year,2023-2027,2023,2301100973@gcekjr.ac.in,7434056848
2301100974,Amit Nayak,Male,Mineral Engineering,MEX,4th Year,2023-2027,2023,2301100974@gcekjr.ac.in,6751955482
2301100975,Namrata Pradhan,Female,Mineral Engineering,MEX,4th Year,2023-2027,2023,2301100975@gcekjr.ac.in,8931131323
2301100976,Pratap Acharya,Male,Mineral Engineering,MEX,4th Year,2023-2027,2023,2301100976@gcekjr.ac.in,8409231939
2301100977,Ankit Jagadev,Male,Mineral Engineering,MEX,4th Year,2023-2027,2023,2301100977@gcekjr.ac.in,6019387861
2301100978,Bikash Maharana,Male,Mineral Engineering,MEX,4th Year,2023-2027,2023,2301100978@gcekjr.ac.in,8907888356
2301100979,Rajashree Dalai,Female,Mineral Engineering,MEX,4th Year,2023-2027,2023,2301100979@gcekjr.ac.in,7790435552
2301100980,Vivekananda Jena,Male,Mineral Engineering,MEX,4th Year,2023-2027,2023,2301100980@gcekjr.ac.in,8421872312
2301100981,Pragyan Naik,Female,Mineral Engineering,MEX,4th Year,2023-2027,2023,2301100981@gcekjr.ac.in,6737736682
2301100982,Eshan Barik,Male,Mineral Engineering,MEX,4th Year,2023-2027,2023,2301100982@gcekjr.ac.in,6721876500
2301100983,Hemalata Subudhi,Female,Mineral Engineering,MEX,4th Year,2023-2027,2023,2301100983@gcekjr.ac.in,8978751894
2301100984,Madhusmita Sethi,Female,Mineral Engineering,MEX,4th Year,2023-2027,2023,2301100984@gcekjr.ac.in,9454923962
2301100985,Pratap Dash,Male,Mineral Engineering,MEX,4th Year,2023-2027,2023,2301100985@gcekjr.ac.in,6040235286
2301100986,Itish Nayak,Male,Mineral Engineering,MEX,4th Year,2023-2027,2023,2301100986@gcekjr.ac.in,7383410096
2301100987,Jyotsna Mishra,Female,Mineral Engineering,MEX,4th Year,2023-2027,2023,2301100987@gcekjr.ac.in,9405598372
2301100988,Om Dey,Male,Mineral Engineering,MEX,4th Year,2023-2027,2023,2301100988@gcekjr.ac.in,6667311515
2301100989,Ipsit Majhi,Male,Mineral Engineering,MEX,4th Year,2023-2027,2023,2301100989@gcekjr.ac.in,8272448805
2301100990,Nabin Giri,Male,Mineral Engineering,MEX,4th Year,2023-2027,2023,2301100990@gcekjr.ac.in,6041120185
2301100991,Harekrushna Bhoi,Male,Mineral Engineering,MEX,4th Year,2023-2027,2023,2301100991@gcekjr.ac.in,7726525067
2301100992,Kedar Mohanty,Male,Mineral Engineering,MEX,4th Year,2023-2027,2023,2301100992@gcekjr.ac.in,8173882527
2301100993,Debendra Patnaik,Male,Mineral Engineering,MEX,4th Year,2023-2027,2023,2301100993@gcekjr.ac.in,9396174980
2301100994,Chinmay Kar,Male,Mineral Engineering,MEX,4th Year,2023-2027,2023,2301100994@gcekjr.ac.in,7915520567
2301100995,Subham Behera,Male,Mineral Engineering,MEX,4th Year,2023-2027,2023,2301100995@gcekjr.ac.in,7776631171
2301100996,Harekrushna Das,Male,Mineral Engineering,MEX,4th Year,2023-2027,2023,2301100996@gcekjr.ac.in,9496177296
2301100997,Lokanath Mishra,Male,Mineral Engineering,MEX,4th Year,2023-2027,2023,2301100997@gcekjr.ac.in,9980205773
2301100998,Vikram Majhi,Male,Mineral Engineering,MEX,4th Year,2023-2027,2023,2301100998@gcekjr.ac.in,8942735642
2301100999,Manas Samal,Male,Mineral Engineering,MEX,4th Year,2023-2027,2023,2301100999@gcekjr.ac.in,9767926894
2301101000,Jyotiranjan Majhi,Male,Mineral Engineering,MEX,4th Year,2023-2027,2023,2301101000@gcekjr.ac.in,9590618675
2301101001,Ashutosh Khuntia,Male,Mechanical Engineering,ME,4th Year,2023-2027,2023,2301101001@gcekjr.ac.in,7478852449
2301101002,Itish Sahoo,Male,Mechanical Engineering,ME,4th Year,2023-2027,2023,2301101002@gcekjr.ac.in,9758914492
2301101003,Upasana Senapati,Female,Mechanical Engineering,ME,4th Year,2023-2027,2023,2301101003@gcekjr.ac.in,8338216355
2301101004,Om Prava Sahoo,Female,Mechanical Engineering,ME,4th Year,2023-2027,2023,2301101004@gcekjr.ac.in,6040471714
2301101005,Nibedita Barik,Female,Mechanical Engineering,ME,4th Year,2023-2027,2023,2301101005@gcekjr.ac.in,6469985604
2301101006,Nabin Mishra,Male,Mechanical Engineering,ME,4th Year,2023-2027,2023,2301101006@gcekjr.ac.in,7403030745
2301101007,Vivekananda Naik,Male,Mechanical Engineering,ME,4th Year,2023-2027,2023,2301101007@gcekjr.ac.in,6736841455
2301101008,Vivekananda Sahoo,Male,Mechanical Engineering,ME,4th Year,2023-2027,2023,2301101008@gcekjr.ac.in,6583292381
2301101009,Hemalata Bhoi,Female,Mechanical Engineering,ME,4th Year,2023-2027,2023,2301101009@gcekjr.ac.in,9467905448
2301101010,Mantu Khuntia,Male,Mechanical Engineering,ME,4th Year,2023-2027,2023,2301101010@gcekjr.ac.in,8879533202
2301101011,Jitendra Sahu,Male,Mechanical Engineering,ME,4th Year,2023-2027,2023,2301101011@gcekjr.ac.in,9794910591
2301101012,Mantu Majhi,Male,Mechanical Engineering,ME,4th Year,2023-2027,2023,2301101012@gcekjr.ac.in,7755124855
2301101013,Bijayalaxmi Tripathy,Female,Mechanical Engineering,ME,4th Year,2023-2027,2023,2301101013@gcekjr.ac.in,7587787866
2301101014,Tanmayee Dash,Female,Mechanical Engineering,ME,4th Year,2023-2027,2023,2301101014@gcekjr.ac.in,6781196985
2301101015,Manas Panda,Male,Mechanical Engineering,ME,4th Year,2023-2027,2023,2301101015@gcekjr.ac.in,9332733965
2301101016,Nibedita Muduli,Female,Mechanical Engineering,ME,4th Year,2023-2027,2023,2301101016@gcekjr.ac.in,8391111007
2301101017,Harekrushna Kar,Male,Mechanical Engineering,ME,4th Year,2023-2027,2023,2301101017@gcekjr.ac.in,6922502161
2301101018,Madhusmita Dey,Female,Mechanical Engineering,ME,4th Year,2023-2027,2023,2301101018@gcekjr.ac.in,8692197672
2301101019,Utkarsh Parida,Male,Mechanical Engineering,ME,4th Year,2023-2027,2023,2301101019@gcekjr.ac.in,7365378232
2301101020,Nabin Hota,Male,Mechanical Engineering,ME,4th Year,2023-2027,2023,2301101020@gcekjr.ac.in,6759758487
2301101021,Priyanka Subudhi,Female,Mechanical Engineering,ME,4th Year,2023-2027,2023,2301101021@gcekjr.ac.in,9105635206
2301101022,Sagar Kar,Male,Mechanical Engineering,ME,4th Year,2023-2027,2023,2301101022@gcekjr.ac.in,9422657934
2301101023,Lokanath Khuntia,Male,Mechanical Engineering,ME,4th Year,2023-2027,2023,2301101023@gcekjr.ac.in,6941731729
2301101024,Lalatendu Muduli,Male,Mechanical Engineering,ME,4th Year,2023-2027,2023,2301101024@gcekjr.ac.in,7559306152
2301101025,Niranjan Pradhan,Male,Mechanical Engineering,ME,4th Year,2023-2027,2023,2301101025@gcekjr.ac.in,8813144999
2301101026,Swagatika Mallick,Female,Mechanical Engineering,ME,4th Year,2023-2027,2023,2301101026@gcekjr.ac.in,7586968503
2301101027,Saroj Swain,Male,Mechanical Engineering,ME,4th Year,2023-2027,2023,2301101027@gcekjr.ac.in,6531210047
2301101028,Ankit Samal,Male,Mechanical Engineering,ME,4th Year,2023-2027,2023,2301101028@gcekjr.ac.in,7783132026
2301101029,Sasmita Routray,Female,Mechanical Engineering,ME,4th Year,2023-2027,2023,2301101029@gcekjr.ac.in,7828033247
2301101030,Manas Behera,Male,Mechanical Engineering,ME,4th Year,2023-2027,2023,2301101030@gcekjr.ac.in,7239281209
2301101031,Debendra Bhoi,Male,Mechanical Engineering,ME,4th Year,2023-2027,2023,2301101031@gcekjr.ac.in,6618242656
2301101032,Jagannath Sahu,Male,Mechanical Engineering,ME,4th Year,2023-2027,2023,2301101032@gcekjr.ac.in,7246456694
2301101033,Anita Senapati,Female,Mechanical Engineering,ME,4th Year,2023-2027,2023,2301101033@gcekjr.ac.in,7356985529
2301101034,Jitendra Panda,Male,Mechanical Engineering,ME,4th Year,2023-2027,2023,2301101034@gcekjr.ac.in,9242994131
2301101035,Rajashree Barik,Female,Mechanical Engineering,ME,4th Year,2023-2027,2023,2301101035@gcekjr.ac.in,7015910815
2301101036,Sushmita Dash,Female,Mechanical Engineering,ME,4th Year,2023-2027,2023,2301101036@gcekjr.ac.in,7962728220
2301101037,Ashutosh Muduli,Male,Mechanical Engineering,ME,4th Year,2023-2027,2023,2301101037@gcekjr.ac.in,8093005106
2301101038,Itish Patnaik,Male,Mechanical Engineering,ME,4th Year,2023-2027,2023,2301101038@gcekjr.ac.in,6048479686
2301101039,Snigdha Nayak,Female,Mechanical Engineering,ME,4th Year,2023-2027,2023,2301101039@gcekjr.ac.in,8898483835
2301101040,Ashutosh Khuntia,Male,Mechanical Engineering,ME,4th Year,2023-2027,2023,2301101040@gcekjr.ac.in,7874473514
2301101041,Amit Swain,Male,Mechanical Engineering,ME,4th Year,2023-2027,2023,2301101041@gcekjr.ac.in,8144070302
2301101042,Chandrika Palei,Female,Mechanical Engineering,ME,4th Year,2023-2027,2023,2301101042@gcekjr.ac.in,8546303560
2301101043,Om Prava Palei,Female,Mechanical Engineering,ME,4th Year,2023-2027,2023,2301101043@gcekjr.ac.in,7615656379
2301101044,Yash Dey,Male,Mechanical Engineering,ME,4th Year,2023-2027,2023,2301101044@gcekjr.ac.in,9518553577
2301101045,Manas Palei,Male,Mechanical Engineering,ME,4th Year,2023-2027,2023,2301101045@gcekjr.ac.in,6531789251
2301101046,Aryan Subudhi,Male,Mechanical Engineering,ME,4th Year,2023-2027,2023,2301101046@gcekjr.ac.in,6982192660
2301101047,Bibhu Naik,Male,Mechanical Engineering,ME,4th Year,2023-2027,2023,2301101047@gcekjr.ac.in,9741144187
2301101048,Dibyajyoti Routray,Male,Mechanical Engineering,ME,4th Year,2023-2027,2023,2301101048@gcekjr.ac.in,9508707978
2301101049,Alina Muduli,Female,Mechanical Engineering,ME,4th Year,2023-2027,2023,2301101049@gcekjr.ac.in,6949551962
2301101050,Sushmita Pradhan,Female,Mechanical Engineering,ME,4th Year,2023-2027,2023,2301101050@gcekjr.ac.in,6231072061
2301101051,Pratap Khuntia,Male,Mechanical Engineering,ME,4th Year,2023-2027,2023,2301101051@gcekjr.ac.in,8695432502
2301101052,Debasmita Routray,Female,Mechanical Engineering,ME,4th Year,2023-2027,2023,2301101052@gcekjr.ac.in,7632624859
2301101053,Abhishek Parida,Male,Mechanical Engineering,ME,4th Year,2023-2027,2023,2301101053@gcekjr.ac.in,6757880215
2301101054,Chandrika Mallick,Female,Mechanical Engineering,ME,4th Year,2023-2027,2023,2301101054@gcekjr.ac.in,7206066311
2301101055,Dibyajyoti Dalai,Male,Mechanical Engineering,ME,4th Year,2023-2027,2023,2301101055@gcekjr.ac.in,8772383911
2301101056,Ankit Dey,Male,Mechanical Engineering,ME,4th Year,2023-2027,2023,2301101056@gcekjr.ac.in,8777622606
2301101057,Ankit Hota,Male,Mechanical Engineering,ME,4th Year,2023-2027,2023,2301101057@gcekjr.ac.in,7301330457
2301101058,Rashmita Maharana,Female,Mechanical Engineering,ME,4th Year,2023-2027,2023,2301101058@gcekjr.ac.in,6689215315
2301101059,Rajashree Rout,Female,Mechanical Engineering,ME,4th Year,2023-2027,2023,2301101059@gcekjr.ac.in,6207437753
2301101060,Om Muduli,Male,Mechanical Engineering,ME,4th Year,2023-2027,2023,2301101060@gcekjr.ac.in,8186278760
2301101061,Ujjwal Biswal,Male,Mechanical Engineering,ME,4th Year,2023-2027,2023,2301101061@gcekjr.ac.in,6769203645
2301101062,Usharani Hota,Female,Mechanical Engineering,ME,4th Year,2023-2027,2023,2301101062@gcekjr.ac.in,6889772170
2301101063,Rajesh Dalai,Male,Mechanical Engineering,ME,4th Year,2023-2027,2023,2301101063@gcekjr.ac.in,6589265972
2301101064,Rohit Dey,Male,Mechanical Engineering,ME,4th Year,2023-2027,2023,2301101064@gcekjr.ac.in,9032249804
2301101065,Om Pati,Male,Mechanical Engineering,ME,4th Year,2023-2027,2023,2301101065@gcekjr.ac.in,7242358234
2301101066,Lipsa Panda,Female,Mechanical Engineering,ME,4th Year,2023-2027,2023,2301101066@gcekjr.ac.in,6058071734
2301101067,Bibhu Barik,Male,Mechanical Engineering,ME,4th Year,2023-2027,2023,2301101067@gcekjr.ac.in,9623923443
2301101068,Ashutosh Das,Male,Mechanical Engineering,ME,4th Year,2023-2027,2023,2301101068@gcekjr.ac.in,9084003005
2301101069,Vivekananda Giri,Male,Mechanical Engineering,ME,4th Year,2023-2027,2023,2301101069@gcekjr.ac.in,6862304525
2301101070,Trilochan Routray,Male,Mechanical Engineering,ME,4th Year,2023-2027,2023,2301101070@gcekjr.ac.in,7541578692
2301101071,Itishree Panda,Female,Mechanical Engineering,ME,4th Year,2023-2027,2023,2301101071@gcekjr.ac.in,8180877263
2301101072,Pragyan Sahoo,Female,Mechanical Engineering,ME,4th Year,2023-2027,2023,2301101072@gcekjr.ac.in,7469515199
2301101073,Eshan Das,Male,Mechanical Engineering,ME,4th Year,2023-2027,2023,2301101073@gcekjr.ac.in,6608370843
2301101074,Anita Subudhi,Female,Mechanical Engineering,ME,4th Year,2023-2027,2023,2301101074@gcekjr.ac.in,8643034927
2301101075,Amit Bhoi,Male,Mechanical Engineering,ME,4th Year,2023-2027,2023,2301101075@gcekjr.ac.in,8217999464
2301101076,Harapriya Das,Female,Mechanical Engineering,ME,4th Year,2023-2027,2023,2301101076@gcekjr.ac.in,7798723769
2301101077,Gyana Dalai,Male,Mechanical Engineering,ME,4th Year,2023-2027,2023,2301101077@gcekjr.ac.in,7695304179
2301101078,Tanmayee Pati,Female,Mechanical Engineering,ME,4th Year,2023-2027,2023,2301101078@gcekjr.ac.in,7716398295
2301101079,Utkarsh Majhi,Male,Mechanical Engineering,ME,4th Year,2023-2027,2023,2301101079@gcekjr.ac.in,7546269651
2301101080,Yash Barik,Male,Mechanical Engineering,ME,4th Year,2023-2027,2023,2301101080@gcekjr.ac.in,6738338981
2301101081,Amit Routray,Male,Mechanical Engineering,ME,4th Year,2023-2027,2023,2301101081@gcekjr.ac.in,8714221343
2301101082,Vivekananda Sethi,Male,Mechanical Engineering,ME,4th Year,2023-2027,2023,2301101082@gcekjr.ac.in,9907770044
2301101083,Amit Hota,Male,Mechanical Engineering,ME,4th Year,2023-2027,2023,2301101083@gcekjr.ac.in,6209084713
2301101084,Nandini Samal,Female,Mechanical Engineering,ME,4th Year,2023-2027,2023,2301101084@gcekjr.ac.in,7633619260
2301101085,Manas Swain,Male,Mechanical Engineering,ME,4th Year,2023-2027,2023,2301101085@gcekjr.ac.in,6140320209
2301101086,Himanshu Sethi,Male,Mechanical Engineering,ME,4th Year,2023-2027,2023,2301101086@gcekjr.ac.in,6060231606
2301101087,Kedar Samal,Male,Mechanical Engineering,ME,4th Year,2023-2027,2023,2301101087@gcekjr.ac.in,6840615025
2301101088,Aryan Sahu,Male,Mechanical Engineering,ME,4th Year,2023-2027,2023,2301101088@gcekjr.ac.in,9982859438
2301101089,Rohit Naik,Male,Mechanical Engineering,ME,4th Year,2023-2027,2023,2301101089@gcekjr.ac.in,7365203043
2301101090,Yashaswini Pradhan,Female,Mechanical Engineering,ME,4th Year,2023-2027,2023,2301101090@gcekjr.ac.in,9126242042
2301101091,Jitendra Naik,Male,Mechanical Engineering,ME,4th Year,2023-2027,2023,2301101091@gcekjr.ac.in,6640163510
2301101092,Hemant Maharana,Male,Mechanical Engineering,ME,4th Year,2023-2027,2023,2301101092@gcekjr.ac.in,7970126197
2301101093,Yashaswini Muduli,Female,Mechanical Engineering,ME,4th Year,2023-2027,2023,2301101093@gcekjr.ac.in,6514859123
2301101094,Namrata Parida,Female,Mechanical Engineering,ME,4th Year,2023-2027,2023,2301101094@gcekjr.ac.in,6524665810
2301101095,Jyotiranjan Patnaik,Male,Mechanical Engineering,ME,4th Year,2023-2027,2023,2301101095@gcekjr.ac.in,8140629578
2301101096,Nibedita Naik,Female,Mechanical Engineering,ME,4th Year,2023-2027,2023,2301101096@gcekjr.ac.in,7102043067
2301101097,Sushmita Palei,Female,Mechanical Engineering,ME,4th Year,2023-2027,2023,2301101097@gcekjr.ac.in,9871673104
2301101098,Trilochan Khuntia,Male,Mechanical Engineering,ME,4th Year,2023-2027,2023,2301101098@gcekjr.ac.in,6940377921
2301101099,Alina Kar,Female,Mechanical Engineering,ME,4th Year,2023-2027,2023,2301101099@gcekjr.ac.in,7191985299
2301101100,Manas Mishra,Male,Mechanical Engineering,ME,4th Year,2023-2027,2023,2301101100@gcekjr.ac.in,8911788740
2301101101,Vivekananda Senapati,Male,Mechanical Engineering,ME,4th Year,2023-2027,2023,2301101101@gcekjr.ac.in,7592133159
2301101102,Aryan Behera,Male,Mechanical Engineering,ME,4th Year,2023-2027,2023,2301101102@gcekjr.ac.in,9866262920
2301101103,Trilochan Mallick,Male,Mechanical Engineering,ME,4th Year,2023-2027,2023,2301101103@gcekjr.ac.in,7283898056
2301101104,Namrata Rout,Female,Mechanical Engineering,ME,4th Year,2023-2027,2023,2301101104@gcekjr.ac.in,9446132680
2301101105,Himanshu Dalai,Male,Mechanical Engineering,ME,4th Year,2023-2027,2023,2301101105@gcekjr.ac.in,6246723038
2301101106,Debendra Behera,Male,Mechanical Engineering,ME,4th Year,2023-2027,2023,2301101106@gcekjr.ac.in,9030689544
2301101107,Namrata Tripathy,Female,Mechanical Engineering,ME,4th Year,2023-2027,2023,2301101107@gcekjr.ac.in,6870057819
2301101108,Jagannath Samal,Male,Mechanical Engineering,ME,4th Year,2023-2027,2023,2301101108@gcekjr.ac.in,8934641723
2301101109,Upasana Barik,Female,Mechanical Engineering,ME,4th Year,2023-2027,2023,2301101109@gcekjr.ac.in,8573794217
2301101110,Pratap Naik,Male,Mechanical Engineering,ME,4th Year,2023-2027,2023,2301101110@gcekjr.ac.in,8213299795
2301101111,Gitanjali Hota,Female,Mechanical Engineering,ME,4th Year,2023-2027,2023,2301101111@gcekjr.ac.in,8669740015
2301101112,Bibhu Nayak,Male,Mechanical Engineering,ME,4th Year,2023-2027,2023,2301101112@gcekjr.ac.in,8788917813
2301101113,Tapan Nayak,Male,Mechanical Engineering,ME,4th Year,2023-2027,2023,2301101113@gcekjr.ac.in,9385567488
2301101114,Nandini Bhoi,Female,Mechanical Engineering,ME,4th Year,2023-2027,2023,2301101114@gcekjr.ac.in,8780233596
2301101115,Rajashree Sahoo,Female,Mechanical Engineering,ME,4th Year,2023-2027,2023,2301101115@gcekjr.ac.in,7731477554
2301101116,Madhusmita Das,Female,Mechanical Engineering,ME,4th Year,2023-2027,2023,2301101116@gcekjr.ac.in,8002452620
2301101117,Snigdha Bhoi,Female,Mechanical Engineering,ME,4th Year,2023-2027,2023,2301101117@gcekjr.ac.in,7510819441
2301101118,Usharani Patnaik,Female,Mechanical Engineering,ME,4th Year,2023-2027,2023,2301101118@gcekjr.ac.in,6830309509
2301101119,Sarita Tripathy,Female,Mechanical Engineering,ME,4th Year,2023-2027,2023,2301101119@gcekjr.ac.in,9895081011
2301101120,Snigdha Maharana,Female,Mechanical Engineering,ME,4th Year,2023-2027,2023,2301101120@gcekjr.ac.in,9732799277
2301101121,Usharani Parida,Female,Mechanical Engineering,ME,4th Year,2023-2027,2023,2301101121@gcekjr.ac.in,9540784129
2301101122,Himanshu Mishra,Male,Mechanical Engineering,ME,4th Year,2023-2027,2023,2301101122@gcekjr.ac.in,8739402659
2301101123,Debendra Samal,Male,Mechanical Engineering,ME,4th Year,2023-2027,2023,2301101123@gcekjr.ac.in,6631342922
2301101124,Esha Sahu,Female,Mechanical Engineering,ME,4th Year,2023-2027,2023,2301101124@gcekjr.ac.in,6849694039
2301101125,Saroj Patnaik,Male,Mechanical Engineering,ME,4th Year,2023-2027,2023,2301101125@gcekjr.ac.in,9668641584
2301101126,Hemant Majhi,Male,Mechanical Engineering,ME,4th Year,2023-2027,2023,2301101126@gcekjr.ac.in,8393341297
2301101127,Itishree Acharya,Female,Mechanical Engineering,ME,4th Year,2023-2027,2023,2301101127@gcekjr.ac.in,9710235868
2301101128,Ipsita Sethi,Female,Mechanical Engineering,ME,4th Year,2023-2027,2023,2301101128@gcekjr.ac.in,9786947706
2301101129,Vivekananda Mishra,Male,Mechanical Engineering,ME,4th Year,2023-2027,2023,2301101129@gcekjr.ac.in,7547956515
2301101130,Kartik Dey,Male,Mechanical Engineering,ME,4th Year,2023-2027,2023,2301101130@gcekjr.ac.in,9462967323
2301101131,Hemant Kar,Male,Mechanical Engineering,ME,4th Year,2023-2027,2023,2301101131@gcekjr.ac.in,8356844753
2301101132,Vikram Majhi,Male,Mechanical Engineering,ME,4th Year,2023-2027,2023,2301101132@gcekjr.ac.in,6887551340
2301101133,Sasmita Barik,Female,Mechanical Engineering,ME,4th Year,2023-2027,2023,2301101133@gcekjr.ac.in,7164908932
2301101134,Alina Rout,Female,Mechanical Engineering,ME,4th Year,2023-2027,2023,2301101134@gcekjr.ac.in,7098803802
2301101135,Itish Jagadev,Male,Mechanical Engineering,ME,4th Year,2023-2027,2023,2301101135@gcekjr.ac.in,9167143541
2301101136,Bhagyashree Mohanty,Female,Mechanical Engineering,ME,4th Year,2023-2027,2023,2301101136@gcekjr.ac.in,8372288394
2301101137,Varsha Sahoo,Female,Mechanical Engineering,ME,4th Year,2023-2027,2023,2301101137@gcekjr.ac.in,7687174476
2301101138,Swagatika Bhoi,Female,Mechanical Engineering,ME,4th Year,2023-2027,2023,2301101138@gcekjr.ac.in,6580347755
2301101139,Deepak Subudhi,Male,Mechanical Engineering,ME,4th Year,2023-2027,2023,2301101139@gcekjr.ac.in,8144697833
2301101140,Manisha Mohanty,Female,Mechanical Engineering,ME,4th Year,2023-2027,2023,2301101140@gcekjr.ac.in,6934642448
2301101141,Pragyan Senapati,Female,Mechanical Engineering,ME,4th Year,2023-2027,2023,2301101141@gcekjr.ac.in,8246087337
2301101142,Niranjan Barik,Male,Mechanical Engineering,ME,4th Year,2023-2027,2023,2301101142@gcekjr.ac.in,6702496545
2301101143,Nabin Panda,Male,Mechanical Engineering,ME,4th Year,2023-2027,2023,2301101143@gcekjr.ac.in,7064520924
2301101144,Ankita Samal,Female,Mechanical Engineering,ME,4th Year,2023-2027,2023,2301101144@gcekjr.ac.in,9834224700
2301101145,Bhagyashree Hota,Female,Mechanical Engineering,ME,4th Year,2023-2027,2023,2301101145@gcekjr.ac.in,7102260995
2301101146,Subham Kar,Male,Mechanical Engineering,ME,4th Year,2023-2027,2023,2301101146@gcekjr.ac.in,7969124011
2301101147,Tapaswini Patnaik,Female,Mechanical Engineering,ME,4th Year,2023-2027,2023,2301101147@gcekjr.ac.in,6880498820
2301101148,Ankita Nayak,Female,Mechanical Engineering,ME,4th Year,2023-2027,2023,2301101148@gcekjr.ac.in,8276260789
2301101149,Gayatri Majhi,Female,Mechanical Engineering,ME,4th Year,2023-2027,2023,2301101149@gcekjr.ac.in,7319854184
2301101150,Bijayalaxmi Biswal,Female,Mechanical Engineering,ME,4th Year,2023-2027,2023,2301101150@gcekjr.ac.in,7869521368
2301101151,Jagannath Swain,Male,Mechanical Engineering,ME,4th Year,2023-2027,2023,2301101151@gcekjr.ac.in,8565017404
2301101152,Kedar Swain,Male,Mechanical Engineering,ME,4th Year,2023-2027,2023,2301101152@gcekjr.ac.in,6290477046
2301101153,Chandrika Patnaik,Female,Mechanical Engineering,ME,4th Year,2023-2027,2023,2301101153@gcekjr.ac.in,8778593874
2301101154,Yash Pati,Male,Mechanical Engineering,ME,4th Year,2023-2027,2023,2301101154@gcekjr.ac.in,9933732300
2301101155,Sagar Panda,Male,Mechanical Engineering,ME,4th Year,2023-2027,2023,2301101155@gcekjr.ac.in,8065340714
2301101156,Snigdha Behera,Female,Mechanical Engineering,ME,4th Year,2023-2027,2023,2301101156@gcekjr.ac.in,7545568806
2301101157,Itishree Pradhan,Female,Mechanical Engineering,ME,4th Year,2023-2027,2023,2301101157@gcekjr.ac.in,9813258742
2301101158,Lipsa Mohanty,Female,Mechanical Engineering,ME,4th Year,2023-2027,2023,2301101158@gcekjr.ac.in,6375594959
2301101159,Debasis Mohanty,Male,Mechanical Engineering,ME,4th Year,2023-2027,2023,2301101159@gcekjr.ac.in,9278928648
2301101160,Ankita Hota,Female,Mechanical Engineering,ME,4th Year,2023-2027,2023,2301101160@gcekjr.ac.in,7202987738
2301101161,Namrata Samal,Female,Mechanical Engineering,ME,4th Year,2023-2027,2023,2301101161@gcekjr.ac.in,9256693547
2301101162,Jyotsna Dey,Female,Mechanical Engineering,ME,4th Year,2023-2027,2023,2301101162@gcekjr.ac.in,8536621869
2301101163,Rakesh Barik,Male,Mechanical Engineering,ME,4th Year,2023-2027,2023,2301101163@gcekjr.ac.in,6686781447
2301101164,Bhagyashree Pradhan,Female,Mechanical Engineering,ME,4th Year,2023-2027,2023,2301101164@gcekjr.ac.in,6142613607
2301101165,Alina Senapati,Female,Mechanical Engineering,ME,4th Year,2023-2027,2023,2301101165@gcekjr.ac.in,7206376933
2301101166,Harapriya Acharya,Female,Mechanical Engineering,ME,4th Year,2023-2027,2023,2301101166@gcekjr.ac.in,6842422699
2301101167,Subham Barik,Male,Mechanical Engineering,ME,4th Year,2023-2027,2023,2301101167@gcekjr.ac.in,7819537948
2301101168,Bibhu Majhi,Male,Mechanical Engineering,ME,4th Year,2023-2027,2023,2301101168@gcekjr.ac.in,9264613011
2301101169,Gitanjali Hota,Female,Mechanical Engineering,ME,4th Year,2023-2027,2023,2301101169@gcekjr.ac.in,7911172341
2301101170,Harekrushna Khuntia,Male,Mechanical Engineering,ME,4th Year,2023-2027,2023,2301101170@gcekjr.ac.in,6597850862
2301101171,Chinmay Bhoi,Male,Mechanical Engineering,ME,4th Year,2023-2027,2023,2301101171@gcekjr.ac.in,6443702968
2301101172,Abhishek Pati,Male,Mechanical Engineering,ME,4th Year,2023-2027,2023,2301101172@gcekjr.ac.in,7912533791
2301101173,Aryan Nayak,Male,Mechanical Engineering,ME,4th Year,2023-2027,2023,2301101173@gcekjr.ac.in,6573533968
2301101174,Tapan Hota,Male,Mechanical Engineering,ME,4th Year,2023-2027,2023,2301101174@gcekjr.ac.in,7984432688
2301101175,Ujjwal Kar,Male,Mechanical Engineering,ME,4th Year,2023-2027,2023,2301101175@gcekjr.ac.in,7124371691
2301101176,Vandana Majhi,Female,Mechanical Engineering,ME,4th Year,2023-2027,2023,2301101176@gcekjr.ac.in,6898006666
2301101177,Bikash Hota,Male,Mechanical Engineering,ME,4th Year,2023-2027,2023,2301101177@gcekjr.ac.in,8360517321
2301101178,Lalatendu Parida,Male,Mechanical Engineering,ME,4th Year,2023-2027,2023,2301101178@gcekjr.ac.in,8153863548
2301101179,Anita Bhoi,Female,Mechanical Engineering,ME,4th Year,2023-2027,2023,2301101179@gcekjr.ac.in,7583871213
2301101180,Vivekananda Panda,Male,Mechanical Engineering,ME,4th Year,2023-2027,2023,2301101180@gcekjr.ac.in,8753091468
2301101181,Biswajit Biswal,Male,Mechanical Engineering,ME,4th Year,2023-2027,2023,2301101181@gcekjr.ac.in,8509403965
2301101182,Amit Behera,Male,Mechanical Engineering,ME,4th Year,2023-2027,2023,2301101182@gcekjr.ac.in,7814431569
2301101183,Ankita Maharana,Female,Mechanical Engineering,ME,4th Year,2023-2027,2023,2301101183@gcekjr.ac.in,9443781001
2301101184,Abhishek Kar,Male,Mechanical Engineering,ME,4th Year,2023-2027,2023,2301101184@gcekjr.ac.in,8562267182
2301101185,Utkarsh Samal,Male,Mechanical Engineering,ME,4th Year,2023-2027,2023,2301101185@gcekjr.ac.in,9920285857
2301101186,Amit Biswal,Male,Mechanical Engineering,ME,4th Year,2023-2027,2023,2301101186@gcekjr.ac.in,7028108083
2301101187,Yash Dash,Male,Mechanical Engineering,ME,4th Year,2023-2027,2023,2301101187@gcekjr.ac.in,8352135262
2301101188,Chinmay Kar,Male,Mechanical Engineering,ME,4th Year,2023-2027,2023,2301101188@gcekjr.ac.in,8920114437
2301101189,Dibyajyoti Nayak,Male,Mechanical Engineering,ME,4th Year,2023-2027,2023,2301101189@gcekjr.ac.in,7972737244
2301101190,Gayatri Samal,Female,Mechanical Engineering,ME,4th Year,2023-2027,2023,2301101190@gcekjr.ac.in,8613253919
2301101191,Chandrika Giri,Female,Mechanical Engineering,ME,4th Year,2023-2027,2023,2301101191@gcekjr.ac.in,6676401205
2301101192,Niranjan Sethi,Male,Mechanical Engineering,ME,4th Year,2023-2027,2023,2301101192@gcekjr.ac.in,7075787383
2301101193,Jagruti Sahu,Female,Mechanical Engineering,ME,4th Year,2023-2027,2023,2301101193@gcekjr.ac.in,9201442364
2301101194,Hemant Giri,Male,Mechanical Engineering,ME,4th Year,2023-2027,2023,2301101194@gcekjr.ac.in,7715654082
2301101195,Sarita Acharya,Female,Mechanical Engineering,ME,4th Year,2023-2027,2023,2301101195@gcekjr.ac.in,8681035617
2301101196,Abhishek Hota,Male,Mechanical Engineering,ME,4th Year,2023-2027,2023,2301101196@gcekjr.ac.in,6836279206
2301101197,Yashaswini Biswal,Female,Mechanical Engineering,ME,4th Year,2023-2027,2023,2301101197@gcekjr.ac.in,9238075676
2301101198,Itish Naik,Male,Mechanical Engineering,ME,4th Year,2023-2027,2023,2301101198@gcekjr.ac.in,9138575802
2301101199,Manisha Parida,Female,Mechanical Engineering,ME,4th Year,2023-2027,2023,2301101199@gcekjr.ac.in,7600464858
2301101200,Ujjwal Mallick,Male,Mechanical Engineering,ME,4th Year,2023-2027,2023,2301101200@gcekjr.ac.in,6142399970
2301101201,Abhishek Patnaik,Male,Mechanical Engineering,ME,4th Year,2023-2027,2023,2301101201@gcekjr.ac.in,8366019269
2301101202,Priyanka Parida,Female,Mechanical Engineering,ME,4th Year,2023-2027,2023,2301101202@gcekjr.ac.in,9112274938
2301101203,Girish Swain,Male,Mechanical Engineering,ME,4th Year,2023-2027,2023,2301101203@gcekjr.ac.in,6281042140
2301101204,Rohit Hota,Male,Mechanical Engineering,ME,4th Year,2023-2027,2023,2301101204@gcekjr.ac.in,7185284125
2301101205,Biswajit Subudhi,Male,Mechanical Engineering,ME,4th Year,2023-2027,2023,2301101205@gcekjr.ac.in,7775883948
2301101206,Trilochan Sahu,Male,Mechanical Engineering,ME,4th Year,2023-2027,2023,2301101206@gcekjr.ac.in,7388560176
2301101207,Aryan Samal,Male,Mechanical Engineering,ME,4th Year,2023-2027,2023,2301101207@gcekjr.ac.in,9425043163
2301101208,Ankit Routray,Male,Mechanical Engineering,ME,4th Year,2023-2027,2023,2301101208@gcekjr.ac.in,7035013876
2301101209,Niranjan Mallick,Male,Mechanical Engineering,ME,4th Year,2023-2027,2023,2301101209@gcekjr.ac.in,7393114696
2301101210,Kajal Muduli,Female,Mechanical Engineering,ME,4th Year,2023-2027,2023,2301101210@gcekjr.ac.in,8195818289
2301101211,Aryan Jagadev,Male,Mechanical Engineering,ME,4th Year,2023-2027,2023,2301101211@gcekjr.ac.in,8445944044
2301101212,Pradyumna Dalai,Male,Mechanical Engineering,ME,4th Year,2023-2027,2023,2301101212@gcekjr.ac.in,9091800020
2301101213,Manas Majhi,Male,Mechanical Engineering,ME,4th Year,2023-2027,2023,2301101213@gcekjr.ac.in,9700116744
2301101214,Lalatendu Hota,Male,Mechanical Engineering,ME,4th Year,2023-2027,2023,2301101214@gcekjr.ac.in,9705293967
2301101215,Eshan Behera,Male,Mechanical Engineering,ME,4th Year,2023-2027,2023,2301101215@gcekjr.ac.in,8045881214
2301101216,Kedar Barik,Male,Mechanical Engineering,ME,4th Year,2023-2027,2023,2301101216@gcekjr.ac.in,8725280391
2301101217,Jyotiranjan Majhi,Male,Mechanical Engineering,ME,4th Year,2023-2027,2023,2301101217@gcekjr.ac.in,9371059836
2301101218,Upasana Maharana,Female,Mechanical Engineering,ME,4th Year,2023-2027,2023,2301101218@gcekjr.ac.in,8435311640
2301101219,Kartik Patnaik,Male,Mechanical Engineering,ME,4th Year,2023-2027,2023,2301101219@gcekjr.ac.in,8938963905
2301101220,Rakesh Jena,Male,Mechanical Engineering,ME,4th Year,2023-2027,2023,2301101220@gcekjr.ac.in,7184849677
2301101221,Jitendra Mallick,Male,Mechanical Engineering,ME,4th Year,2023-2027,2023,2301101221@gcekjr.ac.in,6820708942
2301101222,Debendra Patnaik,Male,Mechanical Engineering,ME,4th Year,2023-2027,2023,2301101222@gcekjr.ac.in,8791863684
2301101223,Kedar Behera,Male,Mechanical Engineering,ME,4th Year,2023-2027,2023,2301101223@gcekjr.ac.in,8751615678
2301101224,Rajesh Jena,Male,Mechanical Engineering,ME,4th Year,2023-2027,2023,2301101224@gcekjr.ac.in,7521429862
2301101225,Sarita Jena,Female,Mechanical Engineering,ME,4th Year,2023-2027,2023,2301101225@gcekjr.ac.in,6451478795
2301101226,Harekrushna Pati,Male,Mechanical Engineering,ME,4th Year,2023-2027,2023,2301101226@gcekjr.ac.in,8212046731
2301101227,Chandrika Hota,Female,Mechanical Engineering,ME,4th Year,2023-2027,2023,2301101227@gcekjr.ac.in,8934310950
2301101228,Tanmayee Sethi,Female,Mechanical Engineering,ME,4th Year,2023-2027,2023,2301101228@gcekjr.ac.in,6187655648
2301101229,Nabin Dalai,Male,Mechanical Engineering,ME,4th Year,2023-2027,2023,2301101229@gcekjr.ac.in,8771478977
2301101230,Vikram Majhi,Male,Mechanical Engineering,ME,4th Year,2023-2027,2023,2301101230@gcekjr.ac.in,8393363450
2301101231,Utkarsh Dalai,Male,Mechanical Engineering,ME,4th Year,2023-2027,2023,2301101231@gcekjr.ac.in,8278065198
2301101232,Bibhu Swain,Male,Mechanical Engineering,ME,4th Year,2023-2027,2023,2301101232@gcekjr.ac.in,8180224161
2301101233,Manas Maharana,Male,Mechanical Engineering,ME,4th Year,2023-2027,2023,2301101233@gcekjr.ac.in,9763261819
2301101234,Rohit Biswal,Male,Mechanical Engineering,ME,4th Year,2023-2027,2023,2301101234@gcekjr.ac.in,6884070419
2301101235,Bibhu Pradhan,Male,Mechanical Engineering,ME,4th Year,2023-2027,2023,2301101235@gcekjr.ac.in,7890548419
2301101236,Chandrika Majhi,Female,Mechanical Engineering,ME,4th Year,2023-2027,2023,2301101236@gcekjr.ac.in,9292826714
2301101237,Chinmay Behera,Male,Mechanical Engineering,ME,4th Year,2023-2027,2023,2301101237@gcekjr.ac.in,9436366728
2301101238,Pratyusha Nayak,Female,Mechanical Engineering,ME,4th Year,2023-2027,2023,2301101238@gcekjr.ac.in,6364768095
2301101239,Alina Muduli,Female,Mechanical Engineering,ME,4th Year,2023-2027,2023,2301101239@gcekjr.ac.in,7091400896
2301101240,Saroj Behera,Male,Mechanical Engineering,ME,4th Year,2023-2027,2023,2301101240@gcekjr.ac.in,7810964700
2301101241,Vikram Naik,Male,Mechanical Engineering,ME,4th Year,2023-2027,2023,2301101241@gcekjr.ac.in,8885456716
2301101242,Himanshu Majhi,Male,Mechanical Engineering,ME,4th Year,2023-2027,2023,2301101242@gcekjr.ac.in,9600290561
2301101243,Pradyumna Samal,Male,Mechanical Engineering,ME,4th Year,2023-2027,2023,2301101243@gcekjr.ac.in,7303569827
2301101244,Lipsa Tripathy,Female,Mechanical Engineering,ME,4th Year,2023-2027,2023,2301101244@gcekjr.ac.in,7575818916
2301101245,Vikram Behera,Male,Mechanical Engineering,ME,4th Year,2023-2027,2023,2301101245@gcekjr.ac.in,8460118977
2301101246,Chinmay Rout,Male,Mechanical Engineering,ME,4th Year,2023-2027,2023,2301101246@gcekjr.ac.in,6712079891
2301101247,Niranjan Hota,Male,Mechanical Engineering,ME,4th Year,2023-2027,2023,2301101247@gcekjr.ac.in,7416483336
2301101248,Rajesh Mohanty,Male,Mechanical Engineering,ME,4th Year,2023-2027,2023,2301101248@gcekjr.ac.in,8318310278
2301101249,Tanmayee Panda,Female,Mechanical Engineering,ME,4th Year,2023-2027,2023,2301101249@gcekjr.ac.in,7331248460
2301101250,Om Sahoo,Male,Mechanical Engineering,ME,4th Year,2023-2027,2023,2301101250@gcekjr.ac.in,9052231976
2301101251,Chinmay Dalai,Male,Civil Engineering,CE,4th Year,2023-2027,2023,2301101251@gcekjr.ac.in,8507552566
2301101252,Hemalata Das,Female,Civil Engineering,CE,4th Year,2023-2027,2023,2301101252@gcekjr.ac.in,9003873776
2301101253,Biswajit Das,Male,Civil Engineering,CE,4th Year,2023-2027,2023,2301101253@gcekjr.ac.in,7543030117
2301101254,Itish Muduli,Male,Civil Engineering,CE,4th Year,2023-2027,2023,2301101254@gcekjr.ac.in,8946355763
2301101255,Pratap Hota,Male,Civil Engineering,CE,4th Year,2023-2027,2023,2301101255@gcekjr.ac.in,8031126687
2301101256,Debjani Pati,Female,Civil Engineering,CE,4th Year,2023-2027,2023,2301101256@gcekjr.ac.in,8398172614
2301101257,Kartik Subudhi,Male,Civil Engineering,CE,4th Year,2023-2027,2023,2301101257@gcekjr.ac.in,6251214336
2301101258,Sarita Kar,Female,Civil Engineering,CE,4th Year,2023-2027,2023,2301101258@gcekjr.ac.in,8466159599
2301101259,Harekrushna Dalai,Male,Civil Engineering,CE,4th Year,2023-2027,2023,2301101259@gcekjr.ac.in,6702817369
2301101260,Bibhu Giri,Male,Civil Engineering,CE,4th Year,2023-2027,2023,2301101260@gcekjr.ac.in,9590525537
2301101261,Gyana Muduli,Male,Civil Engineering,CE,4th Year,2023-2027,2023,2301101261@gcekjr.ac.in,7087310824
2301101262,Anita Hota,Female,Civil Engineering,CE,4th Year,2023-2027,2023,2301101262@gcekjr.ac.in,9043696152
2301101263,Sagar Behera,Male,Civil Engineering,CE,4th Year,2023-2027,2023,2301101263@gcekjr.ac.in,9727771261
2301101264,Ankita Giri,Female,Civil Engineering,CE,4th Year,2023-2027,2023,2301101264@gcekjr.ac.in,9581212781
2301101265,Vikram Dash,Male,Civil Engineering,CE,4th Year,2023-2027,2023,2301101265@gcekjr.ac.in,6096547596
2301101266,Gyana Behera,Male,Civil Engineering,CE,4th Year,2023-2027,2023,2301101266@gcekjr.ac.in,7695878261
2301101267,Debasis Panda,Male,Civil Engineering,CE,4th Year,2023-2027,2023,2301101267@gcekjr.ac.in,8893568345
2301101268,Aryan Acharya,Male,Civil Engineering,CE,4th Year,2023-2027,2023,2301101268@gcekjr.ac.in,6168396520
2301101269,Varsha Sahoo,Female,Civil Engineering,CE,4th Year,2023-2027,2023,2301101269@gcekjr.ac.in,9910494171
2301101270,Elina Majhi,Female,Civil Engineering,CE,4th Year,2023-2027,2023,2301101270@gcekjr.ac.in,8223451472
2301101271,Lipsa Maharana,Female,Civil Engineering,CE,4th Year,2023-2027,2023,2301101271@gcekjr.ac.in,7123037783
2301101272,Aryan Acharya,Male,Civil Engineering,CE,4th Year,2023-2027,2023,2301101272@gcekjr.ac.in,6106367225
2301101273,Manisha Das,Female,Civil Engineering,CE,4th Year,2023-2027,2023,2301101273@gcekjr.ac.in,8451675248
2301101274,Utkarsh Bhoi,Male,Civil Engineering,CE,4th Year,2023-2027,2023,2301101274@gcekjr.ac.in,8264248178
2301101275,Trupti Rout,Female,Civil Engineering,CE,4th Year,2023-2027,2023,2301101275@gcekjr.ac.in,6070025016
2301101276,Chandan Das,Male,Civil Engineering,CE,4th Year,2023-2027,2023,2301101276@gcekjr.ac.in,6294886319
2301101277,Vikram Kar,Male,Civil Engineering,CE,4th Year,2023-2027,2023,2301101277@gcekjr.ac.in,9159758099
2301101278,Jagannath Mishra,Male,Civil Engineering,CE,4th Year,2023-2027,2023,2301101278@gcekjr.ac.in,9435952692
2301101279,Biswajit Mohanty,Male,Civil Engineering,CE,4th Year,2023-2027,2023,2301101279@gcekjr.ac.in,7584585836
2301101280,Hemalata Barik,Female,Civil Engineering,CE,4th Year,2023-2027,2023,2301101280@gcekjr.ac.in,6631212345
2301101281,Om Subudhi,Male,Civil Engineering,CE,4th Year,2023-2027,2023,2301101281@gcekjr.ac.in,7704460488
2301101282,Rakesh Behera,Male,Civil Engineering,CE,4th Year,2023-2027,2023,2301101282@gcekjr.ac.in,6118123724
2301101283,Namrata Biswal,Female,Civil Engineering,CE,4th Year,2023-2027,2023,2301101283@gcekjr.ac.in,7423386406
2301101284,Jyotiranjan Dash,Male,Civil Engineering,CE,4th Year,2023-2027,2023,2301101284@gcekjr.ac.in,6577219585
2301101285,Saroj Panda,Male,Civil Engineering,CE,4th Year,2023-2027,2023,2301101285@gcekjr.ac.in,9602101664
2301101286,Vandana Dey,Female,Civil Engineering,CE,4th Year,2023-2027,2023,2301101286@gcekjr.ac.in,9249943775
2301101287,Utkarsh Mohanty,Male,Civil Engineering,CE,4th Year,2023-2027,2023,2301101287@gcekjr.ac.in,8425454413
2301101288,Lokanath Routray,Male,Civil Engineering,CE,4th Year,2023-2027,2023,2301101288@gcekjr.ac.in,7525592951
2301101289,Ipsita Pati,Female,Civil Engineering,CE,4th Year,2023-2027,2023,2301101289@gcekjr.ac.in,7913613044
2301101290,Kajal Maharana,Female,Civil Engineering,CE,4th Year,2023-2027,2023,2301101290@gcekjr.ac.in,7932062789
2301101291,Jagannath Behera,Male,Civil Engineering,CE,4th Year,2023-2027,2023,2301101291@gcekjr.ac.in,8120353167
2301101292,Ujjwal Mohanty,Male,Civil Engineering,CE,4th Year,2023-2027,2023,2301101292@gcekjr.ac.in,8132639343
2301101293,Amit Routray,Male,Civil Engineering,CE,4th Year,2023-2027,2023,2301101293@gcekjr.ac.in,8635138620
2301101294,Eshan Dey,Male,Civil Engineering,CE,4th Year,2023-2027,2023,2301101294@gcekjr.ac.in,9806154201
2301101295,Itish Mallick,Male,Civil Engineering,CE,4th Year,2023-2027,2023,2301101295@gcekjr.ac.in,9083428499
2301101296,Priyanka Pradhan,Female,Civil Engineering,CE,4th Year,2023-2027,2023,2301101296@gcekjr.ac.in,8433117274
2301101297,Eshan Sahu,Male,Civil Engineering,CE,4th Year,2023-2027,2023,2301101297@gcekjr.ac.in,6833711694
2301101298,Lipsa Samal,Female,Civil Engineering,CE,4th Year,2023-2027,2023,2301101298@gcekjr.ac.in,6577360700
2301101299,Anita Patnaik,Female,Civil Engineering,CE,4th Year,2023-2027,2023,2301101299@gcekjr.ac.in,9063477909
2301101300,Bibhu Tripathy,Male,Civil Engineering,CE,4th Year,2023-2027,2023,2301101300@gcekjr.ac.in,7065244029
2301101301,Gaurav Parida,Male,Civil Engineering,CE,4th Year,2023-2027,2023,2301101301@gcekjr.ac.in,8790081950
2301101302,Kedar Biswal,Male,Civil Engineering,CE,4th Year,2023-2027,2023,2301101302@gcekjr.ac.in,6983790147
2301101303,Gitanjali Khuntia,Female,Civil Engineering,CE,4th Year,2023-2027,2023,2301101303@gcekjr.ac.in,9687555099
2301101304,Pratap Giri,Male,Civil Engineering,CE,4th Year,2023-2027,2023,2301101304@gcekjr.ac.in,6013034560
2301101305,Dibyajyoti Rout,Male,Civil Engineering,CE,4th Year,2023-2027,2023,2301101305@gcekjr.ac.in,8878664495
2301101306,Girish Dash,Male,Civil Engineering,CE,4th Year,2023-2027,2023,2301101306@gcekjr.ac.in,9247079233
2301101307,Chandan Panda,Male,Civil Engineering,CE,4th Year,2023-2027,2023,2301101307@gcekjr.ac.in,6621400198
2301101308,Snigdha Das,Female,Civil Engineering,CE,4th Year,2023-2027,2023,2301101308@gcekjr.ac.in,9407573298
2301101309,Namrata Routray,Female,Civil Engineering,CE,4th Year,2023-2027,2023,2301101309@gcekjr.ac.in,9243865808
2301101310,Pragyan Patnaik,Female,Civil Engineering,CE,4th Year,2023-2027,2023,2301101310@gcekjr.ac.in,8091215779
2301101311,Abhishek Jena,Male,Civil Engineering,CE,4th Year,2023-2027,2023,2301101311@gcekjr.ac.in,9228820603
2301101312,Mantu Bhoi,Male,Civil Engineering,CE,4th Year,2023-2027,2023,2301101312@gcekjr.ac.in,6808717404
2301101313,Deepak Patnaik,Male,Civil Engineering,CE,4th Year,2023-2027,2023,2301101313@gcekjr.ac.in,7787794409
2301101314,Itishree Rout,Female,Civil Engineering,CE,4th Year,2023-2027,2023,2301101314@gcekjr.ac.in,6537441535
2301101315,Bikash Acharya,Male,Civil Engineering,CE,4th Year,2023-2027,2023,2301101315@gcekjr.ac.in,7924884032
2301101316,Harekrushna Das,Male,Civil Engineering,CE,4th Year,2023-2027,2023,2301101316@gcekjr.ac.in,9146372922
2301101317,Jagruti Routray,Female,Civil Engineering,CE,4th Year,2023-2027,2023,2301101317@gcekjr.ac.in,9308344092
2301101318,Pragyan Swain,Female,Civil Engineering,CE,4th Year,2023-2027,2023,2301101318@gcekjr.ac.in,8759608967
2301101319,Bikash Maharana,Male,Civil Engineering,CE,4th Year,2023-2027,2023,2301101319@gcekjr.ac.in,7576138400
2301101320,Jyotiranjan Acharya,Male,Civil Engineering,CE,4th Year,2023-2027,2023,2301101320@gcekjr.ac.in,8499406491
2301101321,Bijayalaxmi Mallick,Female,Civil Engineering,CE,4th Year,2023-2027,2023,2301101321@gcekjr.ac.in,9528573654
2301101322,Bibhu Acharya,Male,Civil Engineering,CE,4th Year,2023-2027,2023,2301101322@gcekjr.ac.in,8410390379
2301101323,Itishree Sahoo,Female,Civil Engineering,CE,4th Year,2023-2027,2023,2301101323@gcekjr.ac.in,9264265290
2301101324,Sagar Kar,Male,Civil Engineering,CE,4th Year,2023-2027,2023,2301101324@gcekjr.ac.in,7266080274
2301101325,Amit Senapati,Male,Civil Engineering,CE,4th Year,2023-2027,2023,2301101325@gcekjr.ac.in,8919540573
2301101326,Debasis Mohanty,Male,Civil Engineering,CE,4th Year,2023-2027,2023,2301101326@gcekjr.ac.in,9502222580
2301101327,Rajashree Bhoi,Female,Civil Engineering,CE,4th Year,2023-2027,2023,2301101327@gcekjr.ac.in,7870904167
2301101328,Chandrika Jena,Female,Civil Engineering,CE,4th Year,2023-2027,2023,2301101328@gcekjr.ac.in,6733060419
2301101329,Chandan Sahu,Male,Civil Engineering,CE,4th Year,2023-2027,2023,2301101329@gcekjr.ac.in,7361300830
2301101330,Eshan Senapati,Male,Civil Engineering,CE,4th Year,2023-2027,2023,2301101330@gcekjr.ac.in,6898171776
2301101331,Rajashree Mallick,Female,Civil Engineering,CE,4th Year,2023-2027,2023,2301101331@gcekjr.ac.in,9193031171
2301101332,Pratap Acharya,Male,Civil Engineering,CE,4th Year,2023-2027,2023,2301101332@gcekjr.ac.in,7317494807
2301101333,Gyana Acharya,Male,Civil Engineering,CE,4th Year,2023-2027,2023,2301101333@gcekjr.ac.in,9981577171
2301101334,Vandana Muduli,Female,Civil Engineering,CE,4th Year,2023-2027,2023,2301101334@gcekjr.ac.in,6859762393
2301101335,Debendra Mallick,Male,Civil Engineering,CE,4th Year,2023-2027,2023,2301101335@gcekjr.ac.in,7276347261
2301101336,Debasis Bhoi,Male,Civil Engineering,CE,4th Year,2023-2027,2023,2301101336@gcekjr.ac.in,9002353043
2301101337,Abhishek Pati,Male,Civil Engineering,CE,4th Year,2023-2027,2023,2301101337@gcekjr.ac.in,9103567966
2301101338,Girish Pradhan,Male,Civil Engineering,CE,4th Year,2023-2027,2023,2301101338@gcekjr.ac.in,8187258436
2301101339,Harapriya Sethi,Female,Civil Engineering,CE,4th Year,2023-2027,2023,2301101339@gcekjr.ac.in,9065238634
2301101340,Debjani Subudhi,Female,Civil Engineering,CE,4th Year,2023-2027,2023,2301101340@gcekjr.ac.in,7450568818
2301101341,Sushmita Dash,Female,Civil Engineering,CE,4th Year,2023-2027,2023,2301101341@gcekjr.ac.in,8369536550
2301101342,Debasmita Mallick,Female,Civil Engineering,CE,4th Year,2023-2027,2023,2301101342@gcekjr.ac.in,8925831891
2301101343,Kajal Samal,Female,Civil Engineering,CE,4th Year,2023-2027,2023,2301101343@gcekjr.ac.in,7866836478
2301101344,Vivekananda Sahu,Male,Civil Engineering,CE,4th Year,2023-2027,2023,2301101344@gcekjr.ac.in,8654471119
2301101345,Saroj Dey,Male,Civil Engineering,CE,4th Year,2023-2027,2023,2301101345@gcekjr.ac.in,6628644537
2301101346,Harekrushna Behera,Male,Civil Engineering,CE,4th Year,2023-2027,2023,2301101346@gcekjr.ac.in,6886528136
2301101347,Sasmita Dash,Female,Civil Engineering,CE,4th Year,2023-2027,2023,2301101347@gcekjr.ac.in,6141931078
2301101348,Bijayalaxmi Panda,Female,Civil Engineering,CE,4th Year,2023-2027,2023,2301101348@gcekjr.ac.in,8083554467
2301101349,Mantu Jagadev,Male,Civil Engineering,CE,4th Year,2023-2027,2023,2301101349@gcekjr.ac.in,6398205623
2301101350,Lopamudra Rout,Female,Civil Engineering,CE,4th Year,2023-2027,2023,2301101350@gcekjr.ac.in,7154513987
2301101351,Madhusmita Mishra,Female,Civil Engineering,CE,4th Year,2023-2027,2023,2301101351@gcekjr.ac.in,7239065567
2301101352,Harekrushna Sethi,Male,Civil Engineering,CE,4th Year,2023-2027,2023,2301101352@gcekjr.ac.in,9442432082
2301101353,Itish Das,Male,Civil Engineering,CE,4th Year,2023-2027,2023,2301101353@gcekjr.ac.in,8085202676
2301101354,Rashmita Biswal,Female,Civil Engineering,CE,4th Year,2023-2027,2023,2301101354@gcekjr.ac.in,9841877913
2301101355,Pragyan Mallick,Female,Civil Engineering,CE,4th Year,2023-2027,2023,2301101355@gcekjr.ac.in,6370127327
2301101356,Biswajit Subudhi,Male,Civil Engineering,CE,4th Year,2023-2027,2023,2301101356@gcekjr.ac.in,6587283791
2301101357,Rashmita Parida,Female,Civil Engineering,CE,4th Year,2023-2027,2023,2301101357@gcekjr.ac.in,9340102723
2301101358,Ankit Das,Male,Civil Engineering,CE,4th Year,2023-2027,2023,2301101358@gcekjr.ac.in,7646050442
2301101359,Pratyusha Patnaik,Female,Civil Engineering,CE,4th Year,2023-2027,2023,2301101359@gcekjr.ac.in,8914623142
2301101360,Saroj Majhi,Male,Civil Engineering,CE,4th Year,2023-2027,2023,2301101360@gcekjr.ac.in,6206017392
2301101361,Nibedita Pati,Female,Civil Engineering,CE,4th Year,2023-2027,2023,2301101361@gcekjr.ac.in,7394145101
2301101362,Lalatendu Muduli,Male,Civil Engineering,CE,4th Year,2023-2027,2023,2301101362@gcekjr.ac.in,8269491590
2301101363,Ankita Barik,Female,Civil Engineering,CE,4th Year,2023-2027,2023,2301101363@gcekjr.ac.in,8684737271
2301101364,Debendra Patnaik,Male,Civil Engineering,CE,4th Year,2023-2027,2023,2301101364@gcekjr.ac.in,6044677312
2301101365,Chandrika Khuntia,Female,Civil Engineering,CE,4th Year,2023-2027,2023,2301101365@gcekjr.ac.in,8490225838
2301101366,Gitanjali Pati,Female,Civil Engineering,CE,4th Year,2023-2027,2023,2301101366@gcekjr.ac.in,8755694857
2301101367,Dibyajyoti Naik,Male,Civil Engineering,CE,4th Year,2023-2027,2023,2301101367@gcekjr.ac.in,8056427014
2301101368,Bikash Hota,Male,Civil Engineering,CE,4th Year,2023-2027,2023,2301101368@gcekjr.ac.in,8671099874
2301101369,Kartik Barik,Male,Civil Engineering,CE,4th Year,2023-2027,2023,2301101369@gcekjr.ac.in,6259936018
2301101370,Girish Subudhi,Male,Civil Engineering,CE,4th Year,2023-2027,2023,2301101370@gcekjr.ac.in,7040770788
2301101371,Trupti Palei,Female,Civil Engineering,CE,4th Year,2023-2027,2023,2301101371@gcekjr.ac.in,8008990968
2301101372,Om Prava Kar,Female,Civil Engineering,CE,4th Year,2023-2027,2023,2301101372@gcekjr.ac.in,6298636514
2301101373,Bhagyashree Jena,Female,Civil Engineering,CE,4th Year,2023-2027,2023,2301101373@gcekjr.ac.in,7412423141
2301101374,Rohit Pati,Male,Civil Engineering,CE,4th Year,2023-2027,2023,2301101374@gcekjr.ac.in,6838315819
2301101375,Monalisa Barik,Female,Civil Engineering,CE,4th Year,2023-2027,2023,2301101375@gcekjr.ac.in,9122687323
2301101376,Pratap Sethi,Male,Civil Engineering,CE,4th Year,2023-2027,2023,2301101376@gcekjr.ac.in,7809521115
2301101377,Abhishek Dash,Male,Civil Engineering,CE,4th Year,2023-2027,2023,2301101377@gcekjr.ac.in,9270220404
2301101378,Tapaswini Acharya,Female,Civil Engineering,CE,4th Year,2023-2027,2023,2301101378@gcekjr.ac.in,7013723564
2301101379,Bibhu Samal,Male,Civil Engineering,CE,4th Year,2023-2027,2023,2301101379@gcekjr.ac.in,8321533432
2301101380,Vandana Parida,Female,Civil Engineering,CE,4th Year,2023-2027,2023,2301101380@gcekjr.ac.in,6821939062
2301101381,Amit Das,Male,Civil Engineering,CE,4th Year,2023-2027,2023,2301101381@gcekjr.ac.in,8940089087
2301101382,Tapaswini Naik,Female,Civil Engineering,CE,4th Year,2023-2027,2023,2301101382@gcekjr.ac.in,8092008084
2301101383,Nibedita Behera,Female,Civil Engineering,CE,4th Year,2023-2027,2023,2301101383@gcekjr.ac.in,7906849348
2301101384,Alina Bhoi,Female,Civil Engineering,CE,4th Year,2023-2027,2023,2301101384@gcekjr.ac.in,6766552878
2301101385,Vivekananda Mallick,Male,Civil Engineering,CE,4th Year,2023-2027,2023,2301101385@gcekjr.ac.in,8258140890
2301101386,Om Barik,Male,Civil Engineering,CE,4th Year,2023-2027,2023,2301101386@gcekjr.ac.in,9219091962
2301101387,Sasmita Jagadev,Female,Civil Engineering,CE,4th Year,2023-2027,2023,2301101387@gcekjr.ac.in,8097052641
2301101388,Elina Rout,Female,Civil Engineering,CE,4th Year,2023-2027,2023,2301101388@gcekjr.ac.in,6943137097
2301101389,Ankita Samal,Female,Civil Engineering,CE,4th Year,2023-2027,2023,2301101389@gcekjr.ac.in,8998139777
2301101390,Rohit Panda,Male,Civil Engineering,CE,4th Year,2023-2027,2023,2301101390@gcekjr.ac.in,9912858101
2301101391,Saroj Hota,Male,Civil Engineering,CE,4th Year,2023-2027,2023,2301101391@gcekjr.ac.in,9798149338
2301101392,Swagatika Samal,Female,Civil Engineering,CE,4th Year,2023-2027,2023,2301101392@gcekjr.ac.in,9230775407
2301101393,Rakesh Parida,Male,Civil Engineering,CE,4th Year,2023-2027,2023,2301101393@gcekjr.ac.in,8133171745
2301101394,Kajal Patnaik,Female,Civil Engineering,CE,4th Year,2023-2027,2023,2301101394@gcekjr.ac.in,9362406206
2301101395,Ankit Swain,Male,Civil Engineering,CE,4th Year,2023-2027,2023,2301101395@gcekjr.ac.in,8401109933
2301101396,Usharani Pradhan,Female,Civil Engineering,CE,4th Year,2023-2027,2023,2301101396@gcekjr.ac.in,9601506552
2301101397,Pratyusha Dash,Female,Civil Engineering,CE,4th Year,2023-2027,2023,2301101397@gcekjr.ac.in,9886120216
2301101398,Monalisa Bhoi,Female,Civil Engineering,CE,4th Year,2023-2027,2023,2301101398@gcekjr.ac.in,7966129769
2301101399,Itish Khuntia,Male,Civil Engineering,CE,4th Year,2023-2027,2023,2301101399@gcekjr.ac.in,7222110279
2301101400,Bhagyashree Behera,Female,Civil Engineering,CE,4th Year,2023-2027,2023,2301101400@gcekjr.ac.in,6824187653
2301101401,Niranjan Pati,Male,Civil Engineering,CE,4th Year,2023-2027,2023,2301101401@gcekjr.ac.in,6263366641
2301101402,Esha Dalai,Female,Civil Engineering,CE,4th Year,2023-2027,2023,2301101402@gcekjr.ac.in,8610557146
2301101403,Varsha Dalai,Female,Civil Engineering,CE,4th Year,2023-2027,2023,2301101403@gcekjr.ac.in,7299539020
2301101404,Amit Kar,Male,Civil Engineering,CE,4th Year,2023-2027,2023,2301101404@gcekjr.ac.in,9993250796
2301101405,Kanchan Mohanty,Female,Civil Engineering,CE,4th Year,2023-2027,2023,2301101405@gcekjr.ac.in,7686012234
2301101406,Lopamudra Panda,Female,Civil Engineering,CE,4th Year,2023-2027,2023,2301101406@gcekjr.ac.in,7007068143
2301101407,Lokanath Dash,Male,Civil Engineering,CE,4th Year,2023-2027,2023,2301101407@gcekjr.ac.in,8092532276
2301101408,Gitanjali Das,Female,Civil Engineering,CE,4th Year,2023-2027,2023,2301101408@gcekjr.ac.in,7511003842
2301101409,Trilochan Panda,Male,Civil Engineering,CE,4th Year,2023-2027,2023,2301101409@gcekjr.ac.in,9774944980
2301101410,Anita Rout,Female,Civil Engineering,CE,4th Year,2023-2027,2023,2301101410@gcekjr.ac.in,8094451277
2301101411,Kedar Hota,Male,Civil Engineering,CE,4th Year,2023-2027,2023,2301101411@gcekjr.ac.in,8498133081
2301101412,Lopamudra Tripathy,Female,Civil Engineering,CE,4th Year,2023-2027,2023,2301101412@gcekjr.ac.in,7565003737
2301101413,Jagannath Mallick,Male,Civil Engineering,CE,4th Year,2023-2027,2023,2301101413@gcekjr.ac.in,7140365677
2301101414,Harekrushna Swain,Male,Civil Engineering,CE,4th Year,2023-2027,2023,2301101414@gcekjr.ac.in,7342864610
2301101415,Rajashree Sethi,Female,Civil Engineering,CE,4th Year,2023-2027,2023,2301101415@gcekjr.ac.in,9277019990
2301101416,Vikram Sahu,Male,Civil Engineering,CE,4th Year,2023-2027,2023,2301101416@gcekjr.ac.in,6164311254
2301101417,Ankita Nayak,Female,Civil Engineering,CE,4th Year,2023-2027,2023,2301101417@gcekjr.ac.in,6539435016
2301101418,Utkarsh Barik,Male,Civil Engineering,CE,4th Year,2023-2027,2023,2301101418@gcekjr.ac.in,7125108100
2301101419,Saroj Senapati,Male,Civil Engineering,CE,4th Year,2023-2027,2023,2301101419@gcekjr.ac.in,9174498160
2301101420,Om Majhi,Male,Civil Engineering,CE,4th Year,2023-2027,2023,2301101420@gcekjr.ac.in,6517023287
2301101421,Deepak Subudhi,Male,Civil Engineering,CE,4th Year,2023-2027,2023,2301101421@gcekjr.ac.in,9713459130
2301101422,Manisha Senapati,Female,Civil Engineering,CE,4th Year,2023-2027,2023,2301101422@gcekjr.ac.in,8460400075
2301101423,Rajashree Sahu,Female,Civil Engineering,CE,4th Year,2023-2027,2023,2301101423@gcekjr.ac.in,9380712623
2301101424,Rashmita Kar,Female,Civil Engineering,CE,4th Year,2023-2027,2023,2301101424@gcekjr.ac.in,7149249724
2301101425,Ujjwal Nayak,Male,Civil Engineering,CE,4th Year,2023-2027,2023,2301101425@gcekjr.ac.in,9868380412
2301101426,Gyana Dey,Male,Civil Engineering,CE,4th Year,2023-2027,2023,2301101426@gcekjr.ac.in,8400142449
2301101427,Deepak Mallick,Male,Civil Engineering,CE,4th Year,2023-2027,2023,2301101427@gcekjr.ac.in,9237421099
2301101428,Aryan Mishra,Male,Civil Engineering,CE,4th Year,2023-2027,2023,2301101428@gcekjr.ac.in,8799333893
2301101429,Pragyan Mishra,Female,Civil Engineering,CE,4th Year,2023-2027,2023,2301101429@gcekjr.ac.in,7980684700
2301101430,Debjani Pati,Female,Civil Engineering,CE,4th Year,2023-2027,2023,2301101430@gcekjr.ac.in,6445037400
2301101431,Jitendra Parida,Male,Civil Engineering,CE,4th Year,2023-2027,2023,2301101431@gcekjr.ac.in,8663147016
2301101432,Kartik Mallick,Male,Civil Engineering,CE,4th Year,2023-2027,2023,2301101432@gcekjr.ac.in,9969174157
2301101433,Chandan Hota,Male,Civil Engineering,CE,4th Year,2023-2027,2023,2301101433@gcekjr.ac.in,6790499018
2301101434,Pratap Samal,Male,Civil Engineering,CE,4th Year,2023-2027,2023,2301101434@gcekjr.ac.in,6852537571
2301101435,Jagannath Samal,Male,Civil Engineering,CE,4th Year,2023-2027,2023,2301101435@gcekjr.ac.in,9586332449
2301101436,Rakesh Muduli,Male,Civil Engineering,CE,4th Year,2023-2027,2023,2301101436@gcekjr.ac.in,7606877984
2301101437,Vivekananda Sahu,Male,Civil Engineering,CE,4th Year,2023-2027,2023,2301101437@gcekjr.ac.in,7447613641
2301101438,Rohit Subudhi,Male,Civil Engineering,CE,4th Year,2023-2027,2023,2301101438@gcekjr.ac.in,7022879359
2301101439,Rohit Kar,Male,Civil Engineering,CE,4th Year,2023-2027,2023,2301101439@gcekjr.ac.in,7536935728
2301101440,Vandana Acharya,Female,Civil Engineering,CE,4th Year,2023-2027,2023,2301101440@gcekjr.ac.in,6608358405
2301101441,Ashutosh Mishra,Male,Civil Engineering,CE,4th Year,2023-2027,2023,2301101441@gcekjr.ac.in,7841149335
2301101442,Sushmita Bhoi,Female,Civil Engineering,CE,4th Year,2023-2027,2023,2301101442@gcekjr.ac.in,7589218083
2301101443,Ankit Panda,Male,Civil Engineering,CE,4th Year,2023-2027,2023,2301101443@gcekjr.ac.in,7030361046
2301101444,Girish Pradhan,Male,Civil Engineering,CE,4th Year,2023-2027,2023,2301101444@gcekjr.ac.in,7287857224
2301101445,Kartik Panda,Male,Civil Engineering,CE,4th Year,2023-2027,2023,2301101445@gcekjr.ac.in,8760527451
2301101446,Lokanath Behera,Male,Civil Engineering,CE,4th Year,2023-2027,2023,2301101446@gcekjr.ac.in,9523039526
2301101447,Tapan Sahu,Male,Civil Engineering,CE,4th Year,2023-2027,2023,2301101447@gcekjr.ac.in,8177073533
2301101448,Amit Samal,Male,Civil Engineering,CE,4th Year,2023-2027,2023,2301101448@gcekjr.ac.in,7188699337
2301101449,Biswajit Sethi,Male,Civil Engineering,CE,4th Year,2023-2027,2023,2301101449@gcekjr.ac.in,9697604815
2301101450,Swagatika Swain,Female,Civil Engineering,CE,4th Year,2023-2027,2023,2301101450@gcekjr.ac.in,8591424382
2301101451,Lopamudra Pradhan,Female,Civil Engineering,CE,4th Year,2023-2027,2023,2301101451@gcekjr.ac.in,7449164933
2301101452,Gyana Mishra,Male,Civil Engineering,CE,4th Year,2023-2027,2023,2301101452@gcekjr.ac.in,6473417988
2301101453,Jyotiranjan Senapati,Male,Civil Engineering,CE,4th Year,2023-2027,2023,2301101453@gcekjr.ac.in,7956441356
2301101454,Girish Naik,Male,Civil Engineering,CE,4th Year,2023-2027,2023,2301101454@gcekjr.ac.in,8536947228
2301101455,Itish Mallick,Male,Civil Engineering,CE,4th Year,2023-2027,2023,2301101455@gcekjr.ac.in,9113922380
2301101456,Lopamudra Sahu,Female,Civil Engineering,CE,4th Year,2023-2027,2023,2301101456@gcekjr.ac.in,8565373580
2301101457,Gayatri Hota,Female,Civil Engineering,CE,4th Year,2023-2027,2023,2301101457@gcekjr.ac.in,9695531042
2301101458,Debasmita Sahoo,Female,Civil Engineering,CE,4th Year,2023-2027,2023,2301101458@gcekjr.ac.in,6305555273
2301101459,Kartik Giri,Male,Civil Engineering,CE,4th Year,2023-2027,2023,2301101459@gcekjr.ac.in,8319433374
2301101460,Manas Pati,Male,Civil Engineering,CE,4th Year,2023-2027,2023,2301101460@gcekjr.ac.in,9134655558
2301101461,Anita Acharya,Female,Civil Engineering,CE,4th Year,2023-2027,2023,2301101461@gcekjr.ac.in,9700733483
2301101462,Tanmayee Dalai,Female,Civil Engineering,CE,4th Year,2023-2027,2023,2301101462@gcekjr.ac.in,8251637504
2301101463,Itishree Dash,Female,Civil Engineering,CE,4th Year,2023-2027,2023,2301101463@gcekjr.ac.in,7130514858
2301101464,Ashutosh Majhi,Male,Civil Engineering,CE,4th Year,2023-2027,2023,2301101464@gcekjr.ac.in,8426157239
2301101465,Utkarsh Sahoo,Male,Civil Engineering,CE,4th Year,2023-2027,2023,2301101465@gcekjr.ac.in,7174647576
2301101466,Nandini Subudhi,Female,Civil Engineering,CE,4th Year,2023-2027,2023,2301101466@gcekjr.ac.in,7158461903
2301101467,Utkarsh Sethi,Male,Civil Engineering,CE,4th Year,2023-2027,2023,2301101467@gcekjr.ac.in,9900092249
2301101468,Manas Mohanty,Male,Civil Engineering,CE,4th Year,2023-2027,2023,2301101468@gcekjr.ac.in,6955930695
2301101469,Namrata Hota,Female,Civil Engineering,CE,4th Year,2023-2027,2023,2301101469@gcekjr.ac.in,7201648629
2301101470,Lokanath Jagadev,Male,Civil Engineering,CE,4th Year,2023-2027,2023,2301101470@gcekjr.ac.in,9451618577
2301101471,Amit Giri,Male,Civil Engineering,CE,4th Year,2023-2027,2023,2301101471@gcekjr.ac.in,9218354257
2301101472,Abhishek Bhoi,Male,Civil Engineering,CE,4th Year,2023-2027,2023,2301101472@gcekjr.ac.in,9647252195
2301101473,Pratyusha Bhoi,Female,Civil Engineering,CE,4th Year,2023-2027,2023,2301101473@gcekjr.ac.in,7655068113
2301101474,Bibhu Dash,Male,Civil Engineering,CE,4th Year,2023-2027,2023,2301101474@gcekjr.ac.in,7227235923
2301101475,Vikram Majhi,Male,Civil Engineering,CE,4th Year,2023-2027,2023,2301101475@gcekjr.ac.in,8288293769
2301101476,Ankita Parida,Female,Civil Engineering,CE,4th Year,2023-2027,2023,2301101476@gcekjr.ac.in,7164168475
2301101477,Aryan Khuntia,Male,Civil Engineering,CE,4th Year,2023-2027,2023,2301101477@gcekjr.ac.in,7986010128
2301101478,Elina Muduli,Female,Civil Engineering,CE,4th Year,2023-2027,2023,2301101478@gcekjr.ac.in,7517175099
2301101479,Varsha Behera,Female,Civil Engineering,CE,4th Year,2023-2027,2023,2301101479@gcekjr.ac.in,6329478463
2301101480,Yashaswini Pradhan,Female,Civil Engineering,CE,4th Year,2023-2027,2023,2301101480@gcekjr.ac.in,8650260285
2301101481,Snigdha Rout,Female,Civil Engineering,CE,4th Year,2023-2027,2023,2301101481@gcekjr.ac.in,7820035063
2301101482,Rakesh Palei,Male,Civil Engineering,CE,4th Year,2023-2027,2023,2301101482@gcekjr.ac.in,7814614596
2301101483,Hemalata Patnaik,Female,Civil Engineering,CE,4th Year,2023-2027,2023,2301101483@gcekjr.ac.in,6610442675
2301101484,Kajal Behera,Female,Civil Engineering,CE,4th Year,2023-2027,2023,2301101484@gcekjr.ac.in,8849225110
2301101485,Bibhu Bhoi,Male,Civil Engineering,CE,4th Year,2023-2027,2023,2301101485@gcekjr.ac.in,9545428161
2301101486,Priyanka Dash,Female,Civil Engineering,CE,4th Year,2023-2027,2023,2301101486@gcekjr.ac.in,8127810791
2301101487,Manas Senapati,Male,Civil Engineering,CE,4th Year,2023-2027,2023,2301101487@gcekjr.ac.in,8864692154
2301101488,Ashutosh Das,Male,Civil Engineering,CE,4th Year,2023-2027,2023,2301101488@gcekjr.ac.in,7506451247
2301101489,Om Prava Naik,Female,Civil Engineering,CE,4th Year,2023-2027,2023,2301101489@gcekjr.ac.in,6203066777
2301101490,Manisha Pati,Female,Civil Engineering,CE,4th Year,2023-2027,2023,2301101490@gcekjr.ac.in,6221464692
2301101491,Hemant Maharana,Male,Civil Engineering,CE,4th Year,2023-2027,2023,2301101491@gcekjr.ac.in,8809592884
2301101492,Lokanath Routray,Male,Civil Engineering,CE,4th Year,2023-2027,2023,2301101492@gcekjr.ac.in,8404493847
2301101493,Vandana Behera,Female,Civil Engineering,CE,4th Year,2023-2027,2023,2301101493@gcekjr.ac.in,7617908209
2301101494,Harekrushna Kar,Male,Civil Engineering,CE,4th Year,2023-2027,2023,2301101494@gcekjr.ac.in,6431518437
2301101495,Rajesh Hota,Male,Civil Engineering,CE,4th Year,2023-2027,2023,2301101495@gcekjr.ac.in,8229044645
2301101496,Anita Samal,Female,Civil Engineering,CE,4th Year,2023-2027,2023,2301101496@gcekjr.ac.in,7062985959
2301101497,Ujjwal Mallick,Male,Civil Engineering,CE,4th Year,2023-2027,2023,2301101497@gcekjr.ac.in,6145004336
2301101498,Gyana Dalai,Male,Civil Engineering,CE,4th Year,2023-2027,2023,2301101498@gcekjr.ac.in,6610030454
2301101499,Bijayalaxmi Maharana,Female,Civil Engineering,CE,4th Year,2023-2027,2023,2301101499@gcekjr.ac.in,8128611403
2301101500,Upasana Kar,Female,Civil Engineering,CE,4th Year,2023-2027,2023,2301101500@gcekjr.ac.in,7193015128
2401100001,Abhishek Panda,Male,Computer Science and Engineering,CSE,3rd Year,2024-2028,2024,2401100001@gcekjr.ac.in,7981578909
2401100002,Itish Behera,Male,Computer Science and Engineering,CSE,3rd Year,2024-2028,2024,2401100002@gcekjr.ac.in,8614963832
2401100003,Rajesh Parida,Male,Computer Science and Engineering,CSE,3rd Year,2024-2028,2024,2401100003@gcekjr.ac.in,8160150483
2401100004,Sarita Patnaik,Female,Computer Science and Engineering,CSE,3rd Year,2024-2028,2024,2401100004@gcekjr.ac.in,9994962697
2401100005,Tapan Pradhan,Male,Computer Science and Engineering,CSE,3rd Year,2024-2028,2024,2401100005@gcekjr.ac.in,7775968571
2401100006,Ujjwal Mishra,Male,Computer Science and Engineering,CSE,3rd Year,2024-2028,2024,2401100006@gcekjr.ac.in,9733395155
2401100007,Kedar Senapati,Male,Computer Science and Engineering,CSE,3rd Year,2024-2028,2024,2401100007@gcekjr.ac.in,6926818264
2401100008,Bikash Pati,Male,Computer Science and Engineering,CSE,3rd Year,2024-2028,2024,2401100008@gcekjr.ac.in,6893244223
2401100009,Bikash Biswal,Male,Computer Science and Engineering,CSE,3rd Year,2024-2028,2024,2401100009@gcekjr.ac.in,8493306575
2401100010,Bikash Naik,Male,Computer Science and Engineering,CSE,3rd Year,2024-2028,2024,2401100010@gcekjr.ac.in,6297417893
2401100011,Mantu Tripathy,Male,Computer Science and Engineering,CSE,3rd Year,2024-2028,2024,2401100011@gcekjr.ac.in,7804957275
2401100012,Sarita Dey,Female,Computer Science and Engineering,CSE,3rd Year,2024-2028,2024,2401100012@gcekjr.ac.in,8259136269
2401100013,Esha Behera,Female,Computer Science and Engineering,CSE,3rd Year,2024-2028,2024,2401100013@gcekjr.ac.in,9756943700
2401100014,Elina Samal,Female,Computer Science and Engineering,CSE,3rd Year,2024-2028,2024,2401100014@gcekjr.ac.in,7544849741
2401100015,Vandana Sahoo,Female,Computer Science and Engineering,CSE,3rd Year,2024-2028,2024,2401100015@gcekjr.ac.in,9885519837
2401100016,Lopamudra Parida,Female,Computer Science and Engineering,CSE,3rd Year,2024-2028,2024,2401100016@gcekjr.ac.in,9697325446
2401100017,Amit Muduli,Male,Computer Science and Engineering,CSE,3rd Year,2024-2028,2024,2401100017@gcekjr.ac.in,9069405775
2401100018,Debjani Jena,Female,Computer Science and Engineering,CSE,3rd Year,2024-2028,2024,2401100018@gcekjr.ac.in,9375320751
2401100019,Ankita Routray,Female,Computer Science and Engineering,CSE,3rd Year,2024-2028,2024,2401100019@gcekjr.ac.in,9497520602
2401100020,Jyotsna Barik,Female,Computer Science and Engineering,CSE,3rd Year,2024-2028,2024,2401100020@gcekjr.ac.in,7484167016
2401100021,Pradyumna Patnaik,Male,Computer Science and Engineering,CSE,3rd Year,2024-2028,2024,2401100021@gcekjr.ac.in,9895695876
2401100022,Sagar Khuntia,Male,Computer Science and Engineering,CSE,3rd Year,2024-2028,2024,2401100022@gcekjr.ac.in,8044001960
2401100023,Itishree Kar,Female,Computer Science and Engineering,CSE,3rd Year,2024-2028,2024,2401100023@gcekjr.ac.in,9761638682
2401100024,Jagannath Barik,Male,Computer Science and Engineering,CSE,3rd Year,2024-2028,2024,2401100024@gcekjr.ac.in,8673414615
2401100025,Lalatendu Behera,Male,Computer Science and Engineering,CSE,3rd Year,2024-2028,2024,2401100025@gcekjr.ac.in,7488679082
2401100026,Kedar Maharana,Male,Computer Science and Engineering,CSE,3rd Year,2024-2028,2024,2401100026@gcekjr.ac.in,6189305684
2401100027,Nandini Dey,Female,Computer Science and Engineering,CSE,3rd Year,2024-2028,2024,2401100027@gcekjr.ac.in,8086708575
2401100028,Kartik Swain,Male,Computer Science and Engineering,CSE,3rd Year,2024-2028,2024,2401100028@gcekjr.ac.in,9499305539
2401100029,Rohit Dash,Male,Computer Science and Engineering,CSE,3rd Year,2024-2028,2024,2401100029@gcekjr.ac.in,9187118770
2401100030,Trilochan Muduli,Male,Computer Science and Engineering,CSE,3rd Year,2024-2028,2024,2401100030@gcekjr.ac.in,8068019879
2401100031,Sagar Jagadev,Male,Computer Science and Engineering,CSE,3rd Year,2024-2028,2024,2401100031@gcekjr.ac.in,7367936793
2401100032,Gaurav Pradhan,Male,Computer Science and Engineering,CSE,3rd Year,2024-2028,2024,2401100032@gcekjr.ac.in,6428575919
2401100033,Harapriya Jena,Female,Computer Science and Engineering,CSE,3rd Year,2024-2028,2024,2401100033@gcekjr.ac.in,8860187151
2401100034,Varsha Acharya,Female,Computer Science and Engineering,CSE,3rd Year,2024-2028,2024,2401100034@gcekjr.ac.in,7619680134
2401100035,Himanshu Patnaik,Male,Computer Science and Engineering,CSE,3rd Year,2024-2028,2024,2401100035@gcekjr.ac.in,7858203637
2401100036,Niranjan Patnaik,Male,Computer Science and Engineering,CSE,3rd Year,2024-2028,2024,2401100036@gcekjr.ac.in,6185543539
2401100037,Rajashree Barik,Female,Computer Science and Engineering,CSE,3rd Year,2024-2028,2024,2401100037@gcekjr.ac.in,9435428505
2401100038,Om Swain,Male,Computer Science and Engineering,CSE,3rd Year,2024-2028,2024,2401100038@gcekjr.ac.in,8722101911
2401100039,Rohit Sahoo,Male,Computer Science and Engineering,CSE,3rd Year,2024-2028,2024,2401100039@gcekjr.ac.in,8916529784
2401100040,Debasis Majhi,Male,Computer Science and Engineering,CSE,3rd Year,2024-2028,2024,2401100040@gcekjr.ac.in,8815092948
2401100041,Gyana Maharana,Male,Computer Science and Engineering,CSE,3rd Year,2024-2028,2024,2401100041@gcekjr.ac.in,6173419804
2401100042,Hemant Bhoi,Male,Computer Science and Engineering,CSE,3rd Year,2024-2028,2024,2401100042@gcekjr.ac.in,8358605894
2401100043,Hemalata Muduli,Female,Computer Science and Engineering,CSE,3rd Year,2024-2028,2024,2401100043@gcekjr.ac.in,7819782413
2401100044,Barsha Sethi,Female,Computer Science and Engineering,CSE,3rd Year,2024-2028,2024,2401100044@gcekjr.ac.in,7828083922
2401100045,Alina Sahoo,Female,Computer Science and Engineering,CSE,3rd Year,2024-2028,2024,2401100045@gcekjr.ac.in,8896262078
2401100046,Ipsita Swain,Female,Computer Science and Engineering,CSE,3rd Year,2024-2028,2024,2401100046@gcekjr.ac.in,8680262013
2401100047,Madhusmita Naik,Female,Computer Science and Engineering,CSE,3rd Year,2024-2028,2024,2401100047@gcekjr.ac.in,6211565476
2401100048,Alina Parida,Female,Computer Science and Engineering,CSE,3rd Year,2024-2028,2024,2401100048@gcekjr.ac.in,8266066193
2401100049,Elina Jagadev,Female,Computer Science and Engineering,CSE,3rd Year,2024-2028,2024,2401100049@gcekjr.ac.in,7524663648
2401100050,Abhishek Bhoi,Male,Computer Science and Engineering,CSE,3rd Year,2024-2028,2024,2401100050@gcekjr.ac.in,9366390723
2401100051,Tapan Maharana,Male,Computer Science and Engineering,CSE,3rd Year,2024-2028,2024,2401100051@gcekjr.ac.in,9687312200
2401100052,Debendra Majhi,Male,Computer Science and Engineering,CSE,3rd Year,2024-2028,2024,2401100052@gcekjr.ac.in,9272961206
2401100053,Lokanath Tripathy,Male,Computer Science and Engineering,CSE,3rd Year,2024-2028,2024,2401100053@gcekjr.ac.in,9040652550
2401100054,Hemant Parida,Male,Computer Science and Engineering,CSE,3rd Year,2024-2028,2024,2401100054@gcekjr.ac.in,6629811243
2401100055,Jagruti Palei,Female,Computer Science and Engineering,CSE,3rd Year,2024-2028,2024,2401100055@gcekjr.ac.in,9357058150
2401100056,Bikash Sahu,Male,Computer Science and Engineering,CSE,3rd Year,2024-2028,2024,2401100056@gcekjr.ac.in,6884916002
2401100057,Tapaswini Hota,Female,Computer Science and Engineering,CSE,3rd Year,2024-2028,2024,2401100057@gcekjr.ac.in,7077014848
2401100058,Gitanjali Hota,Female,Computer Science and Engineering,CSE,3rd Year,2024-2028,2024,2401100058@gcekjr.ac.in,8079676542
2401100059,Subham Tripathy,Male,Computer Science and Engineering,CSE,3rd Year,2024-2028,2024,2401100059@gcekjr.ac.in,8240751143
2401100060,Ashutosh Nayak,Male,Computer Science and Engineering,CSE,3rd Year,2024-2028,2024,2401100060@gcekjr.ac.in,9775723214
2401100061,Ipsit Giri,Male,Computer Science and Engineering,CSE,3rd Year,2024-2028,2024,2401100061@gcekjr.ac.in,7955345052
2401100062,Ankita Jena,Female,Computer Science and Engineering,CSE,3rd Year,2024-2028,2024,2401100062@gcekjr.ac.in,7668920476
2401100063,Lokanath Biswal,Male,Computer Science and Engineering,CSE,3rd Year,2024-2028,2024,2401100063@gcekjr.ac.in,9564277337
2401100064,Girish Mohanty,Male,Computer Science and Engineering,CSE,3rd Year,2024-2028,2024,2401100064@gcekjr.ac.in,6677918823
2401100065,Deepak Giri,Male,Computer Science and Engineering,CSE,3rd Year,2024-2028,2024,2401100065@gcekjr.ac.in,6307249103
2401100066,Himanshu Rout,Male,Computer Science and Engineering,CSE,3rd Year,2024-2028,2024,2401100066@gcekjr.ac.in,9848491977
2401100067,Tapan Barik,Male,Computer Science and Engineering,CSE,3rd Year,2024-2028,2024,2401100067@gcekjr.ac.in,6145216030
2401100068,Manisha Tripathy,Female,Computer Science and Engineering,CSE,3rd Year,2024-2028,2024,2401100068@gcekjr.ac.in,7594256250
2401100069,Harapriya Giri,Female,Computer Science and Engineering,CSE,3rd Year,2024-2028,2024,2401100069@gcekjr.ac.in,8501936367
2401100070,Nabin Sahoo,Male,Computer Science and Engineering,CSE,3rd Year,2024-2028,2024,2401100070@gcekjr.ac.in,7691867012
2401100071,Nabin Nayak,Male,Computer Science and Engineering,CSE,3rd Year,2024-2028,2024,2401100071@gcekjr.ac.in,9087894418
2401100072,Chinmay Dash,Male,Computer Science and Engineering,CSE,3rd Year,2024-2028,2024,2401100072@gcekjr.ac.in,9523285222
2401100073,Bikash Rout,Male,Computer Science and Engineering,CSE,3rd Year,2024-2028,2024,2401100073@gcekjr.ac.in,6040373504
2401100074,Harapriya Pradhan,Female,Computer Science and Engineering,CSE,3rd Year,2024-2028,2024,2401100074@gcekjr.ac.in,8498176465
2401100075,Mantu Bhoi,Male,Computer Science and Engineering,CSE,3rd Year,2024-2028,2024,2401100075@gcekjr.ac.in,7753533455
2401100076,Rakesh Tripathy,Male,Computer Science and Engineering,CSE,3rd Year,2024-2028,2024,2401100076@gcekjr.ac.in,7160635393
2401100077,Chandrika Swain,Female,Computer Science and Engineering,CSE,3rd Year,2024-2028,2024,2401100077@gcekjr.ac.in,8142942561
2401100078,Saroj Biswal,Male,Computer Science and Engineering,CSE,3rd Year,2024-2028,2024,2401100078@gcekjr.ac.in,9753870596
2401100079,Usharani Barik,Female,Computer Science and Engineering,CSE,3rd Year,2024-2028,2024,2401100079@gcekjr.ac.in,6779572659
2401100080,Yashaswini Routray,Female,Computer Science and Engineering,CSE,3rd Year,2024-2028,2024,2401100080@gcekjr.ac.in,8501665697
2401100081,Nandini Sethi,Female,Computer Science and Engineering,CSE,3rd Year,2024-2028,2024,2401100081@gcekjr.ac.in,7543267775
2401100082,Madhusmita Rout,Female,Computer Science and Engineering,CSE,3rd Year,2024-2028,2024,2401100082@gcekjr.ac.in,7194108342
2401100083,Ipsita Routray,Female,Computer Science and Engineering,CSE,3rd Year,2024-2028,2024,2401100083@gcekjr.ac.in,8377265788
2401100084,Harekrushna Parida,Male,Computer Science and Engineering,CSE,3rd Year,2024-2028,2024,2401100084@gcekjr.ac.in,9481809339
2401100085,Sarita Palei,Female,Computer Science and Engineering,CSE,3rd Year,2024-2028,2024,2401100085@gcekjr.ac.in,8367578268
2401100086,Manas Rout,Male,Computer Science and Engineering,CSE,3rd Year,2024-2028,2024,2401100086@gcekjr.ac.in,7995912619
2401100087,Ankit Hota,Male,Computer Science and Engineering,CSE,3rd Year,2024-2028,2024,2401100087@gcekjr.ac.in,7383726629
2401100088,Madhusmita Khuntia,Female,Computer Science and Engineering,CSE,3rd Year,2024-2028,2024,2401100088@gcekjr.ac.in,6958476359
2401100089,Jagannath Dey,Male,Computer Science and Engineering,CSE,3rd Year,2024-2028,2024,2401100089@gcekjr.ac.in,6659305872
2401100090,Itish Senapati,Male,Computer Science and Engineering,CSE,3rd Year,2024-2028,2024,2401100090@gcekjr.ac.in,8076224426
2401100091,Dibyajyoti Swain,Male,Computer Science and Engineering,CSE,3rd Year,2024-2028,2024,2401100091@gcekjr.ac.in,8706414944
2401100092,Sarita Tripathy,Female,Computer Science and Engineering,CSE,3rd Year,2024-2028,2024,2401100092@gcekjr.ac.in,6392987474
2401100093,Subham Routray,Male,Computer Science and Engineering,CSE,3rd Year,2024-2028,2024,2401100093@gcekjr.ac.in,7049363661
2401100094,Subham Dey,Male,Computer Science and Engineering,CSE,3rd Year,2024-2028,2024,2401100094@gcekjr.ac.in,8145645012
2401100095,Eshan Jagadev,Male,Computer Science and Engineering,CSE,3rd Year,2024-2028,2024,2401100095@gcekjr.ac.in,9909456496
2401100096,Bijayalaxmi Behera,Female,Computer Science and Engineering,CSE,3rd Year,2024-2028,2024,2401100096@gcekjr.ac.in,8184841853
2401100097,Yashaswini Subudhi,Female,Computer Science and Engineering,CSE,3rd Year,2024-2028,2024,2401100097@gcekjr.ac.in,7909955942
2401100098,Chinmay Subudhi,Male,Computer Science and Engineering,CSE,3rd Year,2024-2028,2024,2401100098@gcekjr.ac.in,7364347000
2401100099,Kedar Sethi,Male,Computer Science and Engineering,CSE,3rd Year,2024-2028,2024,2401100099@gcekjr.ac.in,6520041293
2401100100,Jagannath Majhi,Male,Computer Science and Engineering,CSE,3rd Year,2024-2028,2024,2401100100@gcekjr.ac.in,6394006699
2401100101,Chinmayee Maharana,Female,Computer Science and Engineering,CSE,3rd Year,2024-2028,2024,2401100101@gcekjr.ac.in,6212001134
2401100102,Nibedita Mohanty,Female,Computer Science and Engineering,CSE,3rd Year,2024-2028,2024,2401100102@gcekjr.ac.in,8599484977
2401100103,Biswajit Muduli,Male,Computer Science and Engineering,CSE,3rd Year,2024-2028,2024,2401100103@gcekjr.ac.in,8397132276
2401100104,Lipsa Biswal,Female,Computer Science and Engineering,CSE,3rd Year,2024-2028,2024,2401100104@gcekjr.ac.in,8803529000
2401100105,Lipsa Rout,Female,Computer Science and Engineering,CSE,3rd Year,2024-2028,2024,2401100105@gcekjr.ac.in,7353850796
2401100106,Itish Acharya,Male,Computer Science and Engineering,CSE,3rd Year,2024-2028,2024,2401100106@gcekjr.ac.in,6735154685
2401100107,Lipsa Dey,Female,Computer Science and Engineering,CSE,3rd Year,2024-2028,2024,2401100107@gcekjr.ac.in,8457185800
2401100108,Saroj Sahu,Male,Computer Science and Engineering,CSE,3rd Year,2024-2028,2024,2401100108@gcekjr.ac.in,7226216077
2401100109,Om Subudhi,Male,Computer Science and Engineering,CSE,3rd Year,2024-2028,2024,2401100109@gcekjr.ac.in,9474323083
2401100110,Biswajit Jagadev,Male,Computer Science and Engineering,CSE,3rd Year,2024-2028,2024,2401100110@gcekjr.ac.in,7858343543
2401100111,Dibyajyoti Panda,Male,Computer Science and Engineering,CSE,3rd Year,2024-2028,2024,2401100111@gcekjr.ac.in,6331887263
2401100112,Vivekananda Hota,Male,Computer Science and Engineering,CSE,3rd Year,2024-2028,2024,2401100112@gcekjr.ac.in,7992846047
2401100113,Trilochan Patnaik,Male,Computer Science and Engineering,CSE,3rd Year,2024-2028,2024,2401100113@gcekjr.ac.in,7963697032
2401100114,Aryan Dash,Male,Computer Science and Engineering,CSE,3rd Year,2024-2028,2024,2401100114@gcekjr.ac.in,6762822686
2401100115,Mantu Naik,Male,Computer Science and Engineering,CSE,3rd Year,2024-2028,2024,2401100115@gcekjr.ac.in,9554317046
2401100116,Bhagyashree Mishra,Female,Computer Science and Engineering,CSE,3rd Year,2024-2028,2024,2401100116@gcekjr.ac.in,9058579249
2401100117,Sarita Dash,Female,Computer Science and Engineering,CSE,3rd Year,2024-2028,2024,2401100117@gcekjr.ac.in,7073613397
2401100118,Bibhu Khuntia,Male,Computer Science and Engineering,CSE,3rd Year,2024-2028,2024,2401100118@gcekjr.ac.in,7269410936
2401100119,Vandana Acharya,Female,Computer Science and Engineering,CSE,3rd Year,2024-2028,2024,2401100119@gcekjr.ac.in,6480152450
2401100120,Bibhu Sahoo,Male,Computer Science and Engineering,CSE,3rd Year,2024-2028,2024,2401100120@gcekjr.ac.in,7808082917
2401100121,Yash Dalai,Male,Computer Science and Engineering,CSE,3rd Year,2024-2028,2024,2401100121@gcekjr.ac.in,6046048822
2401100122,Rajesh Maharana,Male,Computer Science and Engineering,CSE,3rd Year,2024-2028,2024,2401100122@gcekjr.ac.in,6489871380
2401100123,Amit Tripathy,Male,Computer Science and Engineering,CSE,3rd Year,2024-2028,2024,2401100123@gcekjr.ac.in,8968111866
2401100124,Aryan Mishra,Male,Computer Science and Engineering,CSE,3rd Year,2024-2028,2024,2401100124@gcekjr.ac.in,6665269782
2401100125,Dibyajyoti Subudhi,Male,Computer Science and Engineering,CSE,3rd Year,2024-2028,2024,2401100125@gcekjr.ac.in,7405698454
2401100126,Eshan Hota,Male,Computer Science and Engineering,CSE,3rd Year,2024-2028,2024,2401100126@gcekjr.ac.in,7530365353
2401100127,Trupti Samal,Female,Computer Science and Engineering,CSE,3rd Year,2024-2028,2024,2401100127@gcekjr.ac.in,7302683599
2401100128,Jitendra Maharana,Male,Computer Science and Engineering,CSE,3rd Year,2024-2028,2024,2401100128@gcekjr.ac.in,9084543182
2401100129,Bibhu Sahoo,Male,Computer Science and Engineering,CSE,3rd Year,2024-2028,2024,2401100129@gcekjr.ac.in,8268153473
2401100130,Gayatri Pati,Female,Computer Science and Engineering,CSE,3rd Year,2024-2028,2024,2401100130@gcekjr.ac.in,6173418657
2401100131,Niranjan Bhoi,Male,Computer Science and Engineering,CSE,3rd Year,2024-2028,2024,2401100131@gcekjr.ac.in,7287108471
2401100132,Aryan Senapati,Male,Computer Science and Engineering,CSE,3rd Year,2024-2028,2024,2401100132@gcekjr.ac.in,8733035975
2401100133,Debendra Biswal,Male,Computer Science and Engineering,CSE,3rd Year,2024-2028,2024,2401100133@gcekjr.ac.in,6217681916
2401100134,Yash Hota,Male,Computer Science and Engineering,CSE,3rd Year,2024-2028,2024,2401100134@gcekjr.ac.in,9123555370
2401100135,Kedar Pradhan,Male,Computer Science and Engineering,CSE,3rd Year,2024-2028,2024,2401100135@gcekjr.ac.in,9005461146
2401100136,Hemant Bhoi,Male,Computer Science and Engineering,CSE,3rd Year,2024-2028,2024,2401100136@gcekjr.ac.in,6222667554
2401100137,Kartik Parida,Male,Computer Science and Engineering,CSE,3rd Year,2024-2028,2024,2401100137@gcekjr.ac.in,9835145902
2401100138,Pratap Dey,Male,Computer Science and Engineering,CSE,3rd Year,2024-2028,2024,2401100138@gcekjr.ac.in,9565742992
2401100139,Pratyusha Jagadev,Female,Computer Science and Engineering,CSE,3rd Year,2024-2028,2024,2401100139@gcekjr.ac.in,9232666767
2401100140,Ipsita Tripathy,Female,Computer Science and Engineering,CSE,3rd Year,2024-2028,2024,2401100140@gcekjr.ac.in,6782405914
2401100141,Mantu Tripathy,Male,Computer Science and Engineering,CSE,3rd Year,2024-2028,2024,2401100141@gcekjr.ac.in,6544054989
2401100142,Anita Patnaik,Female,Computer Science and Engineering,CSE,3rd Year,2024-2028,2024,2401100142@gcekjr.ac.in,9274646306
2401100143,Gyana Dey,Male,Computer Science and Engineering,CSE,3rd Year,2024-2028,2024,2401100143@gcekjr.ac.in,8468699756
2401100144,Chandan Biswal,Male,Computer Science and Engineering,CSE,3rd Year,2024-2028,2024,2401100144@gcekjr.ac.in,7050869530
2401100145,Om Senapati,Male,Computer Science and Engineering,CSE,3rd Year,2024-2028,2024,2401100145@gcekjr.ac.in,7216736010
2401100146,Debasmita Hota,Female,Computer Science and Engineering,CSE,3rd Year,2024-2028,2024,2401100146@gcekjr.ac.in,8141922438
2401100147,Aryan Routray,Male,Computer Science and Engineering,CSE,3rd Year,2024-2028,2024,2401100147@gcekjr.ac.in,7870477901
2401100148,Varsha Barik,Female,Computer Science and Engineering,CSE,3rd Year,2024-2028,2024,2401100148@gcekjr.ac.in,9905220102
2401100149,Deepak Kar,Male,Computer Science and Engineering,CSE,3rd Year,2024-2028,2024,2401100149@gcekjr.ac.in,8979037301
2401100150,Vivekananda Hota,Male,Computer Science and Engineering,CSE,3rd Year,2024-2028,2024,2401100150@gcekjr.ac.in,8744550627
2401100151,Esha Giri,Female,Computer Science and Engineering,CSE,3rd Year,2024-2028,2024,2401100151@gcekjr.ac.in,7963782586
2401100152,Debjani Mishra,Female,Computer Science and Engineering,CSE,3rd Year,2024-2028,2024,2401100152@gcekjr.ac.in,9746323572
2401100153,Bijayalaxmi Senapati,Female,Computer Science and Engineering,CSE,3rd Year,2024-2028,2024,2401100153@gcekjr.ac.in,9861897362
2401100154,Saroj Barik,Male,Computer Science and Engineering,CSE,3rd Year,2024-2028,2024,2401100154@gcekjr.ac.in,9700223034
2401100155,Esha Bhoi,Female,Computer Science and Engineering,CSE,3rd Year,2024-2028,2024,2401100155@gcekjr.ac.in,9091798230
2401100156,Anita Majhi,Female,Computer Science and Engineering,CSE,3rd Year,2024-2028,2024,2401100156@gcekjr.ac.in,9493064652
2401100157,Ashutosh Mallick,Male,Computer Science and Engineering,CSE,3rd Year,2024-2028,2024,2401100157@gcekjr.ac.in,7922459555
2401100158,Nabin Dey,Male,Computer Science and Engineering,CSE,3rd Year,2024-2028,2024,2401100158@gcekjr.ac.in,6397412955
2401100159,Trilochan Senapati,Male,Computer Science and Engineering,CSE,3rd Year,2024-2028,2024,2401100159@gcekjr.ac.in,8227858866
2401100160,Aryan Samal,Male,Computer Science and Engineering,CSE,3rd Year,2024-2028,2024,2401100160@gcekjr.ac.in,7345420980
2401100161,Mantu Kar,Male,Computer Science and Engineering,CSE,3rd Year,2024-2028,2024,2401100161@gcekjr.ac.in,6401934236
2401100162,Rakesh Dey,Male,Computer Science and Engineering,CSE,3rd Year,2024-2028,2024,2401100162@gcekjr.ac.in,8960027323
2401100163,Trilochan Majhi,Male,Computer Science and Engineering,CSE,3rd Year,2024-2028,2024,2401100163@gcekjr.ac.in,6724567705
2401100164,Gaurav Pati,Male,Computer Science and Engineering,CSE,3rd Year,2024-2028,2024,2401100164@gcekjr.ac.in,7011558909
2401100165,Itishree Nayak,Female,Computer Science and Engineering,CSE,3rd Year,2024-2028,2024,2401100165@gcekjr.ac.in,7643640670
2401100166,Om Prava Bhoi,Female,Computer Science and Engineering,CSE,3rd Year,2024-2028,2024,2401100166@gcekjr.ac.in,8785671250
2401100167,Nibedita Swain,Female,Computer Science and Engineering,CSE,3rd Year,2024-2028,2024,2401100167@gcekjr.ac.in,7593581531
2401100168,Rashmita Muduli,Female,Computer Science and Engineering,CSE,3rd Year,2024-2028,2024,2401100168@gcekjr.ac.in,7513359334
2401100169,Anita Mishra,Female,Computer Science and Engineering,CSE,3rd Year,2024-2028,2024,2401100169@gcekjr.ac.in,6678885517
2401100170,Trupti Mishra,Female,Computer Science and Engineering,CSE,3rd Year,2024-2028,2024,2401100170@gcekjr.ac.in,8657482478
2401100171,Yashaswini Dalai,Female,Computer Science and Engineering,CSE,3rd Year,2024-2028,2024,2401100171@gcekjr.ac.in,8771075281
2401100172,Trupti Mohanty,Female,Computer Science and Engineering,CSE,3rd Year,2024-2028,2024,2401100172@gcekjr.ac.in,9272434518
2401100173,Sarita Mohanty,Female,Computer Science and Engineering,CSE,3rd Year,2024-2028,2024,2401100173@gcekjr.ac.in,9969963872
2401100174,Nabin Sahu,Male,Computer Science and Engineering,CSE,3rd Year,2024-2028,2024,2401100174@gcekjr.ac.in,7979986212
2401100175,Rashmita Patnaik,Female,Computer Science and Engineering,CSE,3rd Year,2024-2028,2024,2401100175@gcekjr.ac.in,7414793424
2401100176,Swagatika Sahoo,Female,Computer Science and Engineering,CSE,3rd Year,2024-2028,2024,2401100176@gcekjr.ac.in,8587182332
2401100177,Ipsita Giri,Female,Computer Science and Engineering,CSE,3rd Year,2024-2028,2024,2401100177@gcekjr.ac.in,7157222196
2401100178,Namrata Sahoo,Female,Computer Science and Engineering,CSE,3rd Year,2024-2028,2024,2401100178@gcekjr.ac.in,7817734193
2401100179,Subham Mishra,Male,Computer Science and Engineering,CSE,3rd Year,2024-2028,2024,2401100179@gcekjr.ac.in,8045320347
2401100180,Ashutosh Barik,Male,Computer Science and Engineering,CSE,3rd Year,2024-2028,2024,2401100180@gcekjr.ac.in,6735173974
2401100181,Dibyajyoti Tripathy,Male,Computer Science and Engineering,CSE,3rd Year,2024-2028,2024,2401100181@gcekjr.ac.in,6739786056
2401100182,Eshan Sahoo,Male,Computer Science and Engineering,CSE,3rd Year,2024-2028,2024,2401100182@gcekjr.ac.in,9652018451
2401100183,Yashaswini Jena,Female,Computer Science and Engineering,CSE,3rd Year,2024-2028,2024,2401100183@gcekjr.ac.in,8116499354
2401100184,Himanshu Pradhan,Male,Computer Science and Engineering,CSE,3rd Year,2024-2028,2024,2401100184@gcekjr.ac.in,6246315373
2401100185,Esha Khuntia,Female,Computer Science and Engineering,CSE,3rd Year,2024-2028,2024,2401100185@gcekjr.ac.in,8713103719
2401100186,Usharani Mallick,Female,Computer Science and Engineering,CSE,3rd Year,2024-2028,2024,2401100186@gcekjr.ac.in,7857788213
2401100187,Rohit Acharya,Male,Computer Science and Engineering,CSE,3rd Year,2024-2028,2024,2401100187@gcekjr.ac.in,9968503532
2401100188,Lokanath Patnaik,Male,Computer Science and Engineering,CSE,3rd Year,2024-2028,2024,2401100188@gcekjr.ac.in,7326865558
2401100189,Rajesh Pradhan,Male,Computer Science and Engineering,CSE,3rd Year,2024-2028,2024,2401100189@gcekjr.ac.in,9993481681
2401100190,Bikash Jagadev,Male,Computer Science and Engineering,CSE,3rd Year,2024-2028,2024,2401100190@gcekjr.ac.in,8300915890
2401100191,Om Prava Maharana,Female,Computer Science and Engineering,CSE,3rd Year,2024-2028,2024,2401100191@gcekjr.ac.in,8493846929
2401100192,Sasmita Das,Female,Computer Science and Engineering,CSE,3rd Year,2024-2028,2024,2401100192@gcekjr.ac.in,9401305100
2401100193,Sagar Bhoi,Male,Computer Science and Engineering,CSE,3rd Year,2024-2028,2024,2401100193@gcekjr.ac.in,6334586458
2401100194,Ankit Pati,Male,Computer Science and Engineering,CSE,3rd Year,2024-2028,2024,2401100194@gcekjr.ac.in,6750687369
2401100195,Kanchan Jena,Female,Computer Science and Engineering,CSE,3rd Year,2024-2028,2024,2401100195@gcekjr.ac.in,6488071527
2401100196,Esha Dash,Female,Computer Science and Engineering,CSE,3rd Year,2024-2028,2024,2401100196@gcekjr.ac.in,9371948624
2401100197,Bikash Jagadev,Male,Computer Science and Engineering,CSE,3rd Year,2024-2028,2024,2401100197@gcekjr.ac.in,7317652340
2401100198,Utkarsh Routray,Male,Computer Science and Engineering,CSE,3rd Year,2024-2028,2024,2401100198@gcekjr.ac.in,6166268462
2401100199,Lopamudra Sahoo,Female,Computer Science and Engineering,CSE,3rd Year,2024-2028,2024,2401100199@gcekjr.ac.in,6520921054
2401100200,Madhusmita Dey,Female,Computer Science and Engineering,CSE,3rd Year,2024-2028,2024,2401100200@gcekjr.ac.in,9804530560
2401100201,Bijayalaxmi Patnaik,Female,Computer Science and Engineering,CSE,3rd Year,2024-2028,2024,2401100201@gcekjr.ac.in,8759653762
2401100202,Tapan Barik,Male,Computer Science and Engineering,CSE,3rd Year,2024-2028,2024,2401100202@gcekjr.ac.in,9760885375
2401100203,Bibhu Khuntia,Male,Computer Science and Engineering,CSE,3rd Year,2024-2028,2024,2401100203@gcekjr.ac.in,7446162883
2401100204,Rashmita Jena,Female,Computer Science and Engineering,CSE,3rd Year,2024-2028,2024,2401100204@gcekjr.ac.in,7756915497
2401100205,Biswajit Majhi,Male,Computer Science and Engineering,CSE,3rd Year,2024-2028,2024,2401100205@gcekjr.ac.in,8278585501
2401100206,Aryan Behera,Male,Computer Science and Engineering,CSE,3rd Year,2024-2028,2024,2401100206@gcekjr.ac.in,7489069946
2401100207,Debendra Mallick,Male,Computer Science and Engineering,CSE,3rd Year,2024-2028,2024,2401100207@gcekjr.ac.in,8994965128
2401100208,Eshan Mallick,Male,Computer Science and Engineering,CSE,3rd Year,2024-2028,2024,2401100208@gcekjr.ac.in,6013900737
2401100209,Madhusmita Nayak,Female,Computer Science and Engineering,CSE,3rd Year,2024-2028,2024,2401100209@gcekjr.ac.in,8882000266
2401100210,Jyotiranjan Biswal,Male,Computer Science and Engineering,CSE,3rd Year,2024-2028,2024,2401100210@gcekjr.ac.in,6838559365
2401100211,Aryan Acharya,Male,Computer Science and Engineering,CSE,3rd Year,2024-2028,2024,2401100211@gcekjr.ac.in,7989874958
2401100212,Debasmita Mallick,Female,Computer Science and Engineering,CSE,3rd Year,2024-2028,2024,2401100212@gcekjr.ac.in,7278602855
2401100213,Rajesh Sahu,Male,Computer Science and Engineering,CSE,3rd Year,2024-2028,2024,2401100213@gcekjr.ac.in,7151537179
2401100214,Jyotiranjan Sahu,Male,Computer Science and Engineering,CSE,3rd Year,2024-2028,2024,2401100214@gcekjr.ac.in,8812446324
2401100215,Om Rout,Male,Computer Science and Engineering,CSE,3rd Year,2024-2028,2024,2401100215@gcekjr.ac.in,9131751749
2401100216,Sagar Mishra,Male,Computer Science and Engineering,CSE,3rd Year,2024-2028,2024,2401100216@gcekjr.ac.in,8175112442
2401100217,Aryan Pati,Male,Computer Science and Engineering,CSE,3rd Year,2024-2028,2024,2401100217@gcekjr.ac.in,6252811958
2401100218,Lipsa Khuntia,Female,Computer Science and Engineering,CSE,3rd Year,2024-2028,2024,2401100218@gcekjr.ac.in,6391099104
2401100219,Gyana Sahu,Male,Computer Science and Engineering,CSE,3rd Year,2024-2028,2024,2401100219@gcekjr.ac.in,8681865674
2401100220,Tapan Muduli,Male,Computer Science and Engineering,CSE,3rd Year,2024-2028,2024,2401100220@gcekjr.ac.in,8507185423
2401100221,Manas Routray,Male,Computer Science and Engineering,CSE,3rd Year,2024-2028,2024,2401100221@gcekjr.ac.in,9196984020
2401100222,Jagannath Barik,Male,Computer Science and Engineering,CSE,3rd Year,2024-2028,2024,2401100222@gcekjr.ac.in,7404231116
2401100223,Lalatendu Sahu,Male,Computer Science and Engineering,CSE,3rd Year,2024-2028,2024,2401100223@gcekjr.ac.in,9046099341
2401100224,Elina Subudhi,Female,Computer Science and Engineering,CSE,3rd Year,2024-2028,2024,2401100224@gcekjr.ac.in,7831366168
2401100225,Kartik Bhoi,Male,Computer Science and Engineering,CSE,3rd Year,2024-2028,2024,2401100225@gcekjr.ac.in,9699937207
2401100226,Girish Routray,Male,Computer Science and Engineering,CSE,3rd Year,2024-2028,2024,2401100226@gcekjr.ac.in,6561890431
2401100227,Tapan Samal,Male,Computer Science and Engineering,CSE,3rd Year,2024-2028,2024,2401100227@gcekjr.ac.in,6838042698
2401100228,Jagannath Dash,Male,Computer Science and Engineering,CSE,3rd Year,2024-2028,2024,2401100228@gcekjr.ac.in,6518663959
2401100229,Itish Swain,Male,Computer Science and Engineering,CSE,3rd Year,2024-2028,2024,2401100229@gcekjr.ac.in,6719961024
2401100230,Girish Barik,Male,Computer Science and Engineering,CSE,3rd Year,2024-2028,2024,2401100230@gcekjr.ac.in,8262306704
2401100231,Nabin Maharana,Male,Computer Science and Engineering,CSE,3rd Year,2024-2028,2024,2401100231@gcekjr.ac.in,6133351455
2401100232,Pratap Mishra,Male,Computer Science and Engineering,CSE,3rd Year,2024-2028,2024,2401100232@gcekjr.ac.in,9917410825
2401100233,Kedar Barik,Male,Computer Science and Engineering,CSE,3rd Year,2024-2028,2024,2401100233@gcekjr.ac.in,9045152313
2401100234,Rajashree Hota,Female,Computer Science and Engineering,CSE,3rd Year,2024-2028,2024,2401100234@gcekjr.ac.in,9397223546
2401100235,Om Mishra,Male,Computer Science and Engineering,CSE,3rd Year,2024-2028,2024,2401100235@gcekjr.ac.in,9945723761
2401100236,Monalisa Pati,Female,Computer Science and Engineering,CSE,3rd Year,2024-2028,2024,2401100236@gcekjr.ac.in,8171994854
2401100237,Sagar Majhi,Male,Computer Science and Engineering,CSE,3rd Year,2024-2028,2024,2401100237@gcekjr.ac.in,6914488253
2401100238,Debendra Patnaik,Male,Computer Science and Engineering,CSE,3rd Year,2024-2028,2024,2401100238@gcekjr.ac.in,8835142049
2401100239,Jyotsna Nayak,Female,Computer Science and Engineering,CSE,3rd Year,2024-2028,2024,2401100239@gcekjr.ac.in,7899018947
2401100240,Sarita Sethi,Female,Computer Science and Engineering,CSE,3rd Year,2024-2028,2024,2401100240@gcekjr.ac.in,8976405015
2401100241,Gyana Swain,Male,Computer Science and Engineering,CSE,3rd Year,2024-2028,2024,2401100241@gcekjr.ac.in,7430003505
2401100242,Biswajit Dalai,Male,Computer Science and Engineering,CSE,3rd Year,2024-2028,2024,2401100242@gcekjr.ac.in,6223758526
2401100243,Jyotsna Naik,Female,Computer Science and Engineering,CSE,3rd Year,2024-2028,2024,2401100243@gcekjr.ac.in,7804490590
2401100244,Abhishek Palei,Male,Computer Science and Engineering,CSE,3rd Year,2024-2028,2024,2401100244@gcekjr.ac.in,6346474287
2401100245,Ankita Sahu,Female,Computer Science and Engineering,CSE,3rd Year,2024-2028,2024,2401100245@gcekjr.ac.in,7531429728
2401100246,Hemalata Sahoo,Female,Computer Science and Engineering,CSE,3rd Year,2024-2028,2024,2401100246@gcekjr.ac.in,9649868426
2401100247,Gaurav Bhoi,Male,Computer Science and Engineering,CSE,3rd Year,2024-2028,2024,2401100247@gcekjr.ac.in,8240999719
2401100248,Chandan Hota,Male,Computer Science and Engineering,CSE,3rd Year,2024-2028,2024,2401100248@gcekjr.ac.in,8484265334
2401100249,Nibedita Swain,Female,Computer Science and Engineering,CSE,3rd Year,2024-2028,2024,2401100249@gcekjr.ac.in,7086992249
2401100250,Himanshu Jagadev,Male,Computer Science and Engineering,CSE,3rd Year,2024-2028,2024,2401100250@gcekjr.ac.in,9469534849
2401100251,Rajesh Dey,Male,Electrical Engineering,EE,3rd Year,2024-2028,2024,2401100251@gcekjr.ac.in,9033603846
2401100252,Usharani Majhi,Female,Electrical Engineering,EE,3rd Year,2024-2028,2024,2401100252@gcekjr.ac.in,7326486681
2401100253,Rakesh Panda,Male,Electrical Engineering,EE,3rd Year,2024-2028,2024,2401100253@gcekjr.ac.in,8515735789
2401100254,Deepak Muduli,Male,Electrical Engineering,EE,3rd Year,2024-2028,2024,2401100254@gcekjr.ac.in,6518509326
2401100255,Abhishek Sethi,Male,Electrical Engineering,EE,3rd Year,2024-2028,2024,2401100255@gcekjr.ac.in,8648153231
2401100256,Saroj Mishra,Male,Electrical Engineering,EE,3rd Year,2024-2028,2024,2401100256@gcekjr.ac.in,7552669154
2401100257,Gayatri Kar,Female,Electrical Engineering,EE,3rd Year,2024-2028,2024,2401100257@gcekjr.ac.in,7870504447
2401100258,Lalatendu Patnaik,Male,Electrical Engineering,EE,3rd Year,2024-2028,2024,2401100258@gcekjr.ac.in,8272207559
2401100259,Trilochan Giri,Male,Electrical Engineering,EE,3rd Year,2024-2028,2024,2401100259@gcekjr.ac.in,8347577973
2401100260,Madhusmita Jagadev,Female,Electrical Engineering,EE,3rd Year,2024-2028,2024,2401100260@gcekjr.ac.in,9756417100
2401100261,Itish Dalai,Male,Electrical Engineering,EE,3rd Year,2024-2028,2024,2401100261@gcekjr.ac.in,8024517317
2401100262,Jagruti Swain,Female,Electrical Engineering,EE,3rd Year,2024-2028,2024,2401100262@gcekjr.ac.in,9220153992
2401100263,Ujjwal Tripathy,Male,Electrical Engineering,EE,3rd Year,2024-2028,2024,2401100263@gcekjr.ac.in,7667550529
2401100264,Pradyumna Jagadev,Male,Electrical Engineering,EE,3rd Year,2024-2028,2024,2401100264@gcekjr.ac.in,7751772756
2401100265,Anita Patnaik,Female,Electrical Engineering,EE,3rd Year,2024-2028,2024,2401100265@gcekjr.ac.in,7797570249
2401100266,Rakesh Rout,Male,Electrical Engineering,EE,3rd Year,2024-2028,2024,2401100266@gcekjr.ac.in,7762847904
2401100267,Amit Palei,Male,Electrical Engineering,EE,3rd Year,2024-2028,2024,2401100267@gcekjr.ac.in,8668753092
2401100268,Kartik Pradhan,Male,Electrical Engineering,EE,3rd Year,2024-2028,2024,2401100268@gcekjr.ac.in,7267553727
2401100269,Jagruti Jagadev,Female,Electrical Engineering,EE,3rd Year,2024-2028,2024,2401100269@gcekjr.ac.in,9728746490
2401100270,Gitanjali Subudhi,Female,Electrical Engineering,EE,3rd Year,2024-2028,2024,2401100270@gcekjr.ac.in,7786375917
2401100271,Yashaswini Das,Female,Electrical Engineering,EE,3rd Year,2024-2028,2024,2401100271@gcekjr.ac.in,7195087035
2401100272,Elina Rout,Female,Electrical Engineering,EE,3rd Year,2024-2028,2024,2401100272@gcekjr.ac.in,9485278855
2401100273,Nibedita Rout,Female,Electrical Engineering,EE,3rd Year,2024-2028,2024,2401100273@gcekjr.ac.in,8174535529
2401100274,Manas Sethi,Male,Electrical Engineering,EE,3rd Year,2024-2028,2024,2401100274@gcekjr.ac.in,8778146105
2401100275,Kartik Sethi,Male,Electrical Engineering,EE,3rd Year,2024-2028,2024,2401100275@gcekjr.ac.in,7168913341
2401100276,Pragyan Dash,Female,Electrical Engineering,EE,3rd Year,2024-2028,2024,2401100276@gcekjr.ac.in,6333041286
2401100277,Varsha Dey,Female,Electrical Engineering,EE,3rd Year,2024-2028,2024,2401100277@gcekjr.ac.in,6376976500
2401100278,Girish Biswal,Male,Electrical Engineering,EE,3rd Year,2024-2028,2024,2401100278@gcekjr.ac.in,8583603385
2401100279,Pratyusha Bhoi,Female,Electrical Engineering,EE,3rd Year,2024-2028,2024,2401100279@gcekjr.ac.in,7426799814
2401100280,Harekrushna Samal,Male,Electrical Engineering,EE,3rd Year,2024-2028,2024,2401100280@gcekjr.ac.in,9969599824
2401100281,Usharani Dalai,Female,Electrical Engineering,EE,3rd Year,2024-2028,2024,2401100281@gcekjr.ac.in,7192830591
2401100282,Himanshu Senapati,Male,Electrical Engineering,EE,3rd Year,2024-2028,2024,2401100282@gcekjr.ac.in,6643498543
2401100283,Anita Sethi,Female,Electrical Engineering,EE,3rd Year,2024-2028,2024,2401100283@gcekjr.ac.in,7200233955
2401100284,Debjani Majhi,Female,Electrical Engineering,EE,3rd Year,2024-2028,2024,2401100284@gcekjr.ac.in,6975832709
2401100285,Utkarsh Naik,Male,Electrical Engineering,EE,3rd Year,2024-2028,2024,2401100285@gcekjr.ac.in,8743402196
2401100286,Debjani Biswal,Female,Electrical Engineering,EE,3rd Year,2024-2028,2024,2401100286@gcekjr.ac.in,9011116695
2401100287,Harapriya Majhi,Female,Electrical Engineering,EE,3rd Year,2024-2028,2024,2401100287@gcekjr.ac.in,7787875357
2401100288,Debjani Behera,Female,Electrical Engineering,EE,3rd Year,2024-2028,2024,2401100288@gcekjr.ac.in,6325361193
2401100289,Sarita Naik,Female,Electrical Engineering,EE,3rd Year,2024-2028,2024,2401100289@gcekjr.ac.in,7718568841
2401100290,Harapriya Jagadev,Female,Electrical Engineering,EE,3rd Year,2024-2028,2024,2401100290@gcekjr.ac.in,9981794018
2401100291,Om Dey,Male,Electrical Engineering,EE,3rd Year,2024-2028,2024,2401100291@gcekjr.ac.in,9883110319
2401100292,Niranjan Mohanty,Male,Electrical Engineering,EE,3rd Year,2024-2028,2024,2401100292@gcekjr.ac.in,6494878329
2401100293,Kedar Tripathy,Male,Electrical Engineering,EE,3rd Year,2024-2028,2024,2401100293@gcekjr.ac.in,6921710587
2401100294,Vikram Nayak,Male,Electrical Engineering,EE,3rd Year,2024-2028,2024,2401100294@gcekjr.ac.in,8036017876
2401100295,Gyana Palei,Male,Electrical Engineering,EE,3rd Year,2024-2028,2024,2401100295@gcekjr.ac.in,8057153948
2401100296,Snigdha Rout,Female,Electrical Engineering,EE,3rd Year,2024-2028,2024,2401100296@gcekjr.ac.in,6258766352
2401100297,Gaurav Sahoo,Male,Electrical Engineering,EE,3rd Year,2024-2028,2024,2401100297@gcekjr.ac.in,6366900435
2401100298,Hemalata Biswal,Female,Electrical Engineering,EE,3rd Year,2024-2028,2024,2401100298@gcekjr.ac.in,6398794753
2401100299,Jagruti Jena,Female,Electrical Engineering,EE,3rd Year,2024-2028,2024,2401100299@gcekjr.ac.in,7250989026
2401100300,Vikram Patnaik,Male,Electrical Engineering,EE,3rd Year,2024-2028,2024,2401100300@gcekjr.ac.in,8670938119
2401100301,Biswajit Khuntia,Male,Electrical Engineering,EE,3rd Year,2024-2028,2024,2401100301@gcekjr.ac.in,8060245045
2401100302,Madhusmita Bhoi,Female,Electrical Engineering,EE,3rd Year,2024-2028,2024,2401100302@gcekjr.ac.in,7346238202
2401100303,Harekrushna Majhi,Male,Electrical Engineering,EE,3rd Year,2024-2028,2024,2401100303@gcekjr.ac.in,7266227733
2401100304,Utkarsh Panda,Male,Electrical Engineering,EE,3rd Year,2024-2028,2024,2401100304@gcekjr.ac.in,8209268235
2401100305,Kajal Panda,Female,Electrical Engineering,EE,3rd Year,2024-2028,2024,2401100305@gcekjr.ac.in,7043444487
2401100306,Gyana Pradhan,Male,Electrical Engineering,EE,3rd Year,2024-2028,2024,2401100306@gcekjr.ac.in,9920858069
2401100307,Saroj Sethi,Male,Electrical Engineering,EE,3rd Year,2024-2028,2024,2401100307@gcekjr.ac.in,9178214583
2401100308,Debasmita Dalai,Female,Electrical Engineering,EE,3rd Year,2024-2028,2024,2401100308@gcekjr.ac.in,6259195927
2401100309,Trupti Subudhi,Female,Electrical Engineering,EE,3rd Year,2024-2028,2024,2401100309@gcekjr.ac.in,8016146056
2401100310,Usharani Pati,Female,Electrical Engineering,EE,3rd Year,2024-2028,2024,2401100310@gcekjr.ac.in,9078978409
2401100311,Rohit Tripathy,Male,Electrical Engineering,EE,3rd Year,2024-2028,2024,2401100311@gcekjr.ac.in,8503869201
2401100312,Ipsita Jena,Female,Electrical Engineering,EE,3rd Year,2024-2028,2024,2401100312@gcekjr.ac.in,6935801208
2401100313,Lokanath Mishra,Male,Electrical Engineering,EE,3rd Year,2024-2028,2024,2401100313@gcekjr.ac.in,8004853748
2401100314,Jagannath Pradhan,Male,Electrical Engineering,EE,3rd Year,2024-2028,2024,2401100314@gcekjr.ac.in,6044968944
2401100315,Varsha Sahu,Female,Electrical Engineering,EE,3rd Year,2024-2028,2024,2401100315@gcekjr.ac.in,7917792525
2401100316,Itish Patnaik,Male,Electrical Engineering,EE,3rd Year,2024-2028,2024,2401100316@gcekjr.ac.in,8285483899
2401100317,Rakesh Palei,Male,Electrical Engineering,EE,3rd Year,2024-2028,2024,2401100317@gcekjr.ac.in,8967199112
2401100318,Ujjwal Nayak,Male,Electrical Engineering,EE,3rd Year,2024-2028,2024,2401100318@gcekjr.ac.in,7073611158
2401100319,Debjani Das,Female,Electrical Engineering,EE,3rd Year,2024-2028,2024,2401100319@gcekjr.ac.in,9558107056
2401100320,Namrata Parida,Female,Electrical Engineering,EE,3rd Year,2024-2028,2024,2401100320@gcekjr.ac.in,6481829510
2401100321,Girish Mallick,Male,Electrical Engineering,EE,3rd Year,2024-2028,2024,2401100321@gcekjr.ac.in,9766185328
2401100322,Ipsit Behera,Male,Electrical Engineering,EE,3rd Year,2024-2028,2024,2401100322@gcekjr.ac.in,7086880041
2401100323,Kajal Sahoo,Female,Electrical Engineering,EE,3rd Year,2024-2028,2024,2401100323@gcekjr.ac.in,7037702875
2401100324,Snigdha Patnaik,Female,Electrical Engineering,EE,3rd Year,2024-2028,2024,2401100324@gcekjr.ac.in,8789512736
2401100325,Anita Pradhan,Female,Electrical Engineering,EE,3rd Year,2024-2028,2024,2401100325@gcekjr.ac.in,7574669186
2401100326,Kartik Sahoo,Male,Electrical Engineering,EE,3rd Year,2024-2028,2024,2401100326@gcekjr.ac.in,8844305713
2401100327,Debendra Acharya,Male,Electrical Engineering,EE,3rd Year,2024-2028,2024,2401100327@gcekjr.ac.in,8534407277
2401100328,Lalatendu Pradhan,Male,Electrical Engineering,EE,3rd Year,2024-2028,2024,2401100328@gcekjr.ac.in,9108968826
2401100329,Harekrushna Tripathy,Male,Electrical Engineering,EE,3rd Year,2024-2028,2024,2401100329@gcekjr.ac.in,6272289907
2401100330,Sushmita Nayak,Female,Electrical Engineering,EE,3rd Year,2024-2028,2024,2401100330@gcekjr.ac.in,8102554934
2401100331,Snigdha Jagadev,Female,Electrical Engineering,EE,3rd Year,2024-2028,2024,2401100331@gcekjr.ac.in,8317428313
2401100332,Kartik Swain,Male,Electrical Engineering,EE,3rd Year,2024-2028,2024,2401100332@gcekjr.ac.in,9919570435
2401100333,Ipsit Mohanty,Male,Electrical Engineering,EE,3rd Year,2024-2028,2024,2401100333@gcekjr.ac.in,9687942619
2401100334,Chinmayee Naik,Female,Electrical Engineering,EE,3rd Year,2024-2028,2024,2401100334@gcekjr.ac.in,6492268200
2401100335,Himanshu Sahoo,Male,Electrical Engineering,EE,3rd Year,2024-2028,2024,2401100335@gcekjr.ac.in,9274814635
2401100336,Utkarsh Dash,Male,Electrical Engineering,EE,3rd Year,2024-2028,2024,2401100336@gcekjr.ac.in,6003264843
2401100337,Jitendra Patnaik,Male,Electrical Engineering,EE,3rd Year,2024-2028,2024,2401100337@gcekjr.ac.in,8124183704
2401100338,Varsha Acharya,Female,Electrical Engineering,EE,3rd Year,2024-2028,2024,2401100338@gcekjr.ac.in,9760984994
2401100339,Saroj Hota,Male,Electrical Engineering,EE,3rd Year,2024-2028,2024,2401100339@gcekjr.ac.in,8422104507
2401100340,Chinmay Majhi,Male,Electrical Engineering,EE,3rd Year,2024-2028,2024,2401100340@gcekjr.ac.in,6240284835
2401100341,Bibhu Sahu,Male,Electrical Engineering,EE,3rd Year,2024-2028,2024,2401100341@gcekjr.ac.in,6743150718
2401100342,Monalisa Sahu,Female,Electrical Engineering,EE,3rd Year,2024-2028,2024,2401100342@gcekjr.ac.in,7211911370
2401100343,Rajashree Barik,Female,Electrical Engineering,EE,3rd Year,2024-2028,2024,2401100343@gcekjr.ac.in,8824572308
2401100344,Jagannath Palei,Male,Electrical Engineering,EE,3rd Year,2024-2028,2024,2401100344@gcekjr.ac.in,8483350100
2401100345,Varsha Sahoo,Female,Electrical Engineering,EE,3rd Year,2024-2028,2024,2401100345@gcekjr.ac.in,7949686449
2401100346,Namrata Majhi,Female,Electrical Engineering,EE,3rd Year,2024-2028,2024,2401100346@gcekjr.ac.in,6173281623
2401100347,Harekrushna Jagadev,Male,Electrical Engineering,EE,3rd Year,2024-2028,2024,2401100347@gcekjr.ac.in,8427134720
2401100348,Chinmay Dey,Male,Electrical Engineering,EE,3rd Year,2024-2028,2024,2401100348@gcekjr.ac.in,9290044205
2401100349,Sushmita Mishra,Female,Electrical Engineering,EE,3rd Year,2024-2028,2024,2401100349@gcekjr.ac.in,8306368264
2401100350,Ankit Bhoi,Male,Electrical Engineering,EE,3rd Year,2024-2028,2024,2401100350@gcekjr.ac.in,6242076203
2401100351,Dibyajyoti Pradhan,Male,Electrical Engineering,EE,3rd Year,2024-2028,2024,2401100351@gcekjr.ac.in,7668073160
2401100352,Tapan Khuntia,Male,Electrical Engineering,EE,3rd Year,2024-2028,2024,2401100352@gcekjr.ac.in,7096128107
2401100353,Upasana Tripathy,Female,Electrical Engineering,EE,3rd Year,2024-2028,2024,2401100353@gcekjr.ac.in,8251486332
2401100354,Nabin Rout,Male,Electrical Engineering,EE,3rd Year,2024-2028,2024,2401100354@gcekjr.ac.in,6006993660
2401100355,Yash Swain,Male,Electrical Engineering,EE,3rd Year,2024-2028,2024,2401100355@gcekjr.ac.in,6191204539
2401100356,Itish Dash,Male,Electrical Engineering,EE,3rd Year,2024-2028,2024,2401100356@gcekjr.ac.in,6406645582
2401100357,Anita Maharana,Female,Electrical Engineering,EE,3rd Year,2024-2028,2024,2401100357@gcekjr.ac.in,9146406927
2401100358,Rohit Panda,Male,Electrical Engineering,EE,3rd Year,2024-2028,2024,2401100358@gcekjr.ac.in,9981011512
2401100359,Ipsit Dash,Male,Electrical Engineering,EE,3rd Year,2024-2028,2024,2401100359@gcekjr.ac.in,9612648169
2401100360,Girish Kar,Male,Electrical Engineering,EE,3rd Year,2024-2028,2024,2401100360@gcekjr.ac.in,9911516643
2401100361,Ankit Majhi,Male,Electrical Engineering,EE,3rd Year,2024-2028,2024,2401100361@gcekjr.ac.in,6608747105
2401100362,Usharani Nayak,Female,Electrical Engineering,EE,3rd Year,2024-2028,2024,2401100362@gcekjr.ac.in,7286327892
2401100363,Pragyan Mallick,Female,Electrical Engineering,EE,3rd Year,2024-2028,2024,2401100363@gcekjr.ac.in,9431907370
2401100364,Tapaswini Subudhi,Female,Electrical Engineering,EE,3rd Year,2024-2028,2024,2401100364@gcekjr.ac.in,9060501866
2401100365,Dibyajyoti Sethi,Male,Electrical Engineering,EE,3rd Year,2024-2028,2024,2401100365@gcekjr.ac.in,7620828776
2401100366,Gyana Jagadev,Male,Electrical Engineering,EE,3rd Year,2024-2028,2024,2401100366@gcekjr.ac.in,6401612848
2401100367,Nabin Jena,Male,Electrical Engineering,EE,3rd Year,2024-2028,2024,2401100367@gcekjr.ac.in,6695496151
2401100368,Gayatri Maharana,Female,Electrical Engineering,EE,3rd Year,2024-2028,2024,2401100368@gcekjr.ac.in,6963380788
2401100369,Usharani Dalai,Female,Electrical Engineering,EE,3rd Year,2024-2028,2024,2401100369@gcekjr.ac.in,7269293209
2401100370,Chandrika Senapati,Female,Electrical Engineering,EE,3rd Year,2024-2028,2024,2401100370@gcekjr.ac.in,6677622818
2401100371,Nibedita Panda,Female,Electrical Engineering,EE,3rd Year,2024-2028,2024,2401100371@gcekjr.ac.in,7441338577
2401100372,Rajashree Parida,Female,Electrical Engineering,EE,3rd Year,2024-2028,2024,2401100372@gcekjr.ac.in,7978391244
2401100373,Dibyajyoti Bhoi,Male,Electrical Engineering,EE,3rd Year,2024-2028,2024,2401100373@gcekjr.ac.in,8302713812
2401100374,Lalatendu Pradhan,Male,Electrical Engineering,EE,3rd Year,2024-2028,2024,2401100374@gcekjr.ac.in,6402479743
2401100375,Namrata Majhi,Female,Electrical Engineering,EE,3rd Year,2024-2028,2024,2401100375@gcekjr.ac.in,6772394134
2401100376,Sagar Swain,Male,Electrical Engineering,EE,3rd Year,2024-2028,2024,2401100376@gcekjr.ac.in,6642690531
2401100377,Bhagyashree Nayak,Female,Electrical Engineering,EE,3rd Year,2024-2028,2024,2401100377@gcekjr.ac.in,8315769971
2401100378,Bibhu Jagadev,Male,Electrical Engineering,EE,3rd Year,2024-2028,2024,2401100378@gcekjr.ac.in,7016007586
2401100379,Sushmita Nayak,Female,Electrical Engineering,EE,3rd Year,2024-2028,2024,2401100379@gcekjr.ac.in,6713285175
2401100380,Pradyumna Giri,Male,Electrical Engineering,EE,3rd Year,2024-2028,2024,2401100380@gcekjr.ac.in,9903120044
2401100381,Deepak Palei,Male,Electrical Engineering,EE,3rd Year,2024-2028,2024,2401100381@gcekjr.ac.in,6831953408
2401100382,Upasana Mallick,Female,Electrical Engineering,EE,3rd Year,2024-2028,2024,2401100382@gcekjr.ac.in,8589327611
2401100383,Lokanath Barik,Male,Electrical Engineering,EE,3rd Year,2024-2028,2024,2401100383@gcekjr.ac.in,9749290364
2401100384,Rakesh Subudhi,Male,Electrical Engineering,EE,3rd Year,2024-2028,2024,2401100384@gcekjr.ac.in,6302777892
2401100385,Saroj Giri,Male,Electrical Engineering,EE,3rd Year,2024-2028,2024,2401100385@gcekjr.ac.in,6334692055
2401100386,Chandrika Naik,Female,Electrical Engineering,EE,3rd Year,2024-2028,2024,2401100386@gcekjr.ac.in,6941196247
2401100387,Pratap Mohanty,Male,Electrical Engineering,EE,3rd Year,2024-2028,2024,2401100387@gcekjr.ac.in,7179876429
2401100388,Niranjan Panda,Male,Electrical Engineering,EE,3rd Year,2024-2028,2024,2401100388@gcekjr.ac.in,7442268893
2401100389,Ujjwal Routray,Male,Electrical Engineering,EE,3rd Year,2024-2028,2024,2401100389@gcekjr.ac.in,9419765824
2401100390,Lokanath Jagadev,Male,Electrical Engineering,EE,3rd Year,2024-2028,2024,2401100390@gcekjr.ac.in,9001992710
2401100391,Gaurav Panda,Male,Electrical Engineering,EE,3rd Year,2024-2028,2024,2401100391@gcekjr.ac.in,6176321583
2401100392,Namrata Subudhi,Female,Electrical Engineering,EE,3rd Year,2024-2028,2024,2401100392@gcekjr.ac.in,7848639675
2401100393,Chinmay Pradhan,Male,Electrical Engineering,EE,3rd Year,2024-2028,2024,2401100393@gcekjr.ac.in,8767317857
2401100394,Subham Subudhi,Male,Electrical Engineering,EE,3rd Year,2024-2028,2024,2401100394@gcekjr.ac.in,8091534466
2401100395,Pragyan Sahoo,Female,Electrical Engineering,EE,3rd Year,2024-2028,2024,2401100395@gcekjr.ac.in,6621390946
2401100396,Bikash Swain,Male,Electrical Engineering,EE,3rd Year,2024-2028,2024,2401100396@gcekjr.ac.in,7984970489
2401100397,Ujjwal Biswal,Male,Electrical Engineering,EE,3rd Year,2024-2028,2024,2401100397@gcekjr.ac.in,8745200745
2401100398,Bibhu Pradhan,Male,Electrical Engineering,EE,3rd Year,2024-2028,2024,2401100398@gcekjr.ac.in,6927244130
2401100399,Kedar Dash,Male,Electrical Engineering,EE,3rd Year,2024-2028,2024,2401100399@gcekjr.ac.in,8552053162
2401100400,Yashaswini Das,Female,Electrical Engineering,EE,3rd Year,2024-2028,2024,2401100400@gcekjr.ac.in,8060155758
2401100401,Rajesh Das,Male,Electrical Engineering,EE,3rd Year,2024-2028,2024,2401100401@gcekjr.ac.in,8520518601
2401100402,Jagannath Rout,Male,Electrical Engineering,EE,3rd Year,2024-2028,2024,2401100402@gcekjr.ac.in,9288971864
2401100403,Rakesh Dalai,Male,Electrical Engineering,EE,3rd Year,2024-2028,2024,2401100403@gcekjr.ac.in,7138617403
2401100404,Trupti Samal,Female,Electrical Engineering,EE,3rd Year,2024-2028,2024,2401100404@gcekjr.ac.in,7631134666
2401100405,Debasmita Jena,Female,Electrical Engineering,EE,3rd Year,2024-2028,2024,2401100405@gcekjr.ac.in,7554056297
2401100406,Om Prava Mohanty,Female,Electrical Engineering,EE,3rd Year,2024-2028,2024,2401100406@gcekjr.ac.in,9453719690
2401100407,Jyotiranjan Sahu,Male,Electrical Engineering,EE,3rd Year,2024-2028,2024,2401100407@gcekjr.ac.in,6306300294
2401100408,Jyotiranjan Biswal,Male,Electrical Engineering,EE,3rd Year,2024-2028,2024,2401100408@gcekjr.ac.in,7754893722
2401100409,Varsha Muduli,Female,Electrical Engineering,EE,3rd Year,2024-2028,2024,2401100409@gcekjr.ac.in,8603926446
2401100410,Lokanath Nayak,Male,Electrical Engineering,EE,3rd Year,2024-2028,2024,2401100410@gcekjr.ac.in,9929294634
2401100411,Aryan Behera,Male,Electrical Engineering,EE,3rd Year,2024-2028,2024,2401100411@gcekjr.ac.in,8984540513
2401100412,Elina Panda,Female,Electrical Engineering,EE,3rd Year,2024-2028,2024,2401100412@gcekjr.ac.in,6423256945
2401100413,Eshan Muduli,Male,Electrical Engineering,EE,3rd Year,2024-2028,2024,2401100413@gcekjr.ac.in,9628842844
2401100414,Trilochan Muduli,Male,Electrical Engineering,EE,3rd Year,2024-2028,2024,2401100414@gcekjr.ac.in,8942061925
2401100415,Anita Patnaik,Female,Electrical Engineering,EE,3rd Year,2024-2028,2024,2401100415@gcekjr.ac.in,7817757463
2401100416,Abhishek Naik,Male,Electrical Engineering,EE,3rd Year,2024-2028,2024,2401100416@gcekjr.ac.in,7220372354
2401100417,Ashutosh Sahu,Male,Electrical Engineering,EE,3rd Year,2024-2028,2024,2401100417@gcekjr.ac.in,9285194552
2401100418,Itish Routray,Male,Electrical Engineering,EE,3rd Year,2024-2028,2024,2401100418@gcekjr.ac.in,9065947580
2401100419,Gaurav Senapati,Male,Electrical Engineering,EE,3rd Year,2024-2028,2024,2401100419@gcekjr.ac.in,9757323454
2401100420,Utkarsh Samal,Male,Electrical Engineering,EE,3rd Year,2024-2028,2024,2401100420@gcekjr.ac.in,7665837983
2401100421,Amit Routray,Male,Electrical Engineering,EE,3rd Year,2024-2028,2024,2401100421@gcekjr.ac.in,8708136002
2401100422,Bibhu Kar,Male,Electrical Engineering,EE,3rd Year,2024-2028,2024,2401100422@gcekjr.ac.in,8413410362
2401100423,Himanshu Palei,Male,Electrical Engineering,EE,3rd Year,2024-2028,2024,2401100423@gcekjr.ac.in,9819383013
2401100424,Debasis Tripathy,Male,Electrical Engineering,EE,3rd Year,2024-2028,2024,2401100424@gcekjr.ac.in,6478026567
2401100425,Nibedita Acharya,Female,Electrical Engineering,EE,3rd Year,2024-2028,2024,2401100425@gcekjr.ac.in,9980787581
2401100426,Biswajit Kar,Male,Electrical Engineering,EE,3rd Year,2024-2028,2024,2401100426@gcekjr.ac.in,8663874957
2401100427,Nabin Majhi,Male,Electrical Engineering,EE,3rd Year,2024-2028,2024,2401100427@gcekjr.ac.in,9152401038
2401100428,Snigdha Panda,Female,Electrical Engineering,EE,3rd Year,2024-2028,2024,2401100428@gcekjr.ac.in,9240407138
2401100429,Itishree Routray,Female,Electrical Engineering,EE,3rd Year,2024-2028,2024,2401100429@gcekjr.ac.in,7448573146
2401100430,Hemant Mohanty,Male,Electrical Engineering,EE,3rd Year,2024-2028,2024,2401100430@gcekjr.ac.in,6256910158
2401100431,Sagar Rout,Male,Electrical Engineering,EE,3rd Year,2024-2028,2024,2401100431@gcekjr.ac.in,6647906475
2401100432,Rohit Routray,Male,Electrical Engineering,EE,3rd Year,2024-2028,2024,2401100432@gcekjr.ac.in,9342098887
2401100433,Yashaswini Khuntia,Female,Electrical Engineering,EE,3rd Year,2024-2028,2024,2401100433@gcekjr.ac.in,6075490138
2401100434,Subham Kar,Male,Electrical Engineering,EE,3rd Year,2024-2028,2024,2401100434@gcekjr.ac.in,6601115065
2401100435,Pratap Naik,Male,Electrical Engineering,EE,3rd Year,2024-2028,2024,2401100435@gcekjr.ac.in,6850950000
2401100436,Swagatika Mishra,Female,Electrical Engineering,EE,3rd Year,2024-2028,2024,2401100436@gcekjr.ac.in,8811016522
2401100437,Subham Dalai,Male,Electrical Engineering,EE,3rd Year,2024-2028,2024,2401100437@gcekjr.ac.in,6183413165
2401100438,Ankita Panda,Female,Electrical Engineering,EE,3rd Year,2024-2028,2024,2401100438@gcekjr.ac.in,7278927400
2401100439,Varsha Palei,Female,Electrical Engineering,EE,3rd Year,2024-2028,2024,2401100439@gcekjr.ac.in,6642902619
2401100440,Namrata Samal,Female,Electrical Engineering,EE,3rd Year,2024-2028,2024,2401100440@gcekjr.ac.in,9359670648
2401100441,Tanmayee Panda,Female,Electrical Engineering,EE,3rd Year,2024-2028,2024,2401100441@gcekjr.ac.in,8231140203
2401100442,Nandini Dash,Female,Electrical Engineering,EE,3rd Year,2024-2028,2024,2401100442@gcekjr.ac.in,7869730071
2401100443,Ipsita Majhi,Female,Electrical Engineering,EE,3rd Year,2024-2028,2024,2401100443@gcekjr.ac.in,7709646545
2401100444,Bikash Giri,Male,Electrical Engineering,EE,3rd Year,2024-2028,2024,2401100444@gcekjr.ac.in,7632594636
2401100445,Niranjan Khuntia,Male,Electrical Engineering,EE,3rd Year,2024-2028,2024,2401100445@gcekjr.ac.in,7619126951
2401100446,Ashutosh Dalai,Male,Electrical Engineering,EE,3rd Year,2024-2028,2024,2401100446@gcekjr.ac.in,7855355179
2401100447,Rohit Panda,Male,Electrical Engineering,EE,3rd Year,2024-2028,2024,2401100447@gcekjr.ac.in,6148407088
2401100448,Rajesh Behera,Male,Electrical Engineering,EE,3rd Year,2024-2028,2024,2401100448@gcekjr.ac.in,8746886966
2401100449,Harapriya Panda,Female,Electrical Engineering,EE,3rd Year,2024-2028,2024,2401100449@gcekjr.ac.in,9349501515
2401100450,Ankit Routray,Male,Electrical Engineering,EE,3rd Year,2024-2028,2024,2401100450@gcekjr.ac.in,9738965732
2401100451,Rohit Parida,Male,Electrical Engineering,EE,3rd Year,2024-2028,2024,2401100451@gcekjr.ac.in,7241758829
2401100452,Manas Dalai,Male,Electrical Engineering,EE,3rd Year,2024-2028,2024,2401100452@gcekjr.ac.in,7279693344
2401100453,Nibedita Mohanty,Female,Electrical Engineering,EE,3rd Year,2024-2028,2024,2401100453@gcekjr.ac.in,8270052073
2401100454,Chandan Sethi,Male,Electrical Engineering,EE,3rd Year,2024-2028,2024,2401100454@gcekjr.ac.in,8382013582
2401100455,Debasmita Pati,Female,Electrical Engineering,EE,3rd Year,2024-2028,2024,2401100455@gcekjr.ac.in,8330618373
2401100456,Om Prava Palei,Female,Electrical Engineering,EE,3rd Year,2024-2028,2024,2401100456@gcekjr.ac.in,7393142300
2401100457,Tanmayee Sethi,Female,Electrical Engineering,EE,3rd Year,2024-2028,2024,2401100457@gcekjr.ac.in,7717755150
2401100458,Kartik Mallick,Male,Electrical Engineering,EE,3rd Year,2024-2028,2024,2401100458@gcekjr.ac.in,9215220551
2401100459,Gitanjali Nayak,Female,Electrical Engineering,EE,3rd Year,2024-2028,2024,2401100459@gcekjr.ac.in,7024461448
2401100460,Niranjan Pradhan,Male,Electrical Engineering,EE,3rd Year,2024-2028,2024,2401100460@gcekjr.ac.in,7347504031
2401100461,Bijayalaxmi Biswal,Female,Electrical Engineering,EE,3rd Year,2024-2028,2024,2401100461@gcekjr.ac.in,9855830917
2401100462,Sasmita Panda,Female,Electrical Engineering,EE,3rd Year,2024-2028,2024,2401100462@gcekjr.ac.in,6850534096
2401100463,Gayatri Sethi,Female,Electrical Engineering,EE,3rd Year,2024-2028,2024,2401100463@gcekjr.ac.in,6905026113
2401100464,Amit Mallick,Male,Electrical Engineering,EE,3rd Year,2024-2028,2024,2401100464@gcekjr.ac.in,9958318286
2401100465,Trupti Bhoi,Female,Electrical Engineering,EE,3rd Year,2024-2028,2024,2401100465@gcekjr.ac.in,8500746936
2401100466,Mantu Samal,Male,Electrical Engineering,EE,3rd Year,2024-2028,2024,2401100466@gcekjr.ac.in,8356859073
2401100467,Debasmita Muduli,Female,Electrical Engineering,EE,3rd Year,2024-2028,2024,2401100467@gcekjr.ac.in,7196462514
2401100468,Abhishek Behera,Male,Electrical Engineering,EE,3rd Year,2024-2028,2024,2401100468@gcekjr.ac.in,7666966770
2401100469,Bikash Parida,Male,Electrical Engineering,EE,3rd Year,2024-2028,2024,2401100469@gcekjr.ac.in,6113233166
2401100470,Aryan Pradhan,Male,Electrical Engineering,EE,3rd Year,2024-2028,2024,2401100470@gcekjr.ac.in,9541219918
2401100471,Bhagyashree Sahoo,Female,Electrical Engineering,EE,3rd Year,2024-2028,2024,2401100471@gcekjr.ac.in,6491914505
2401100472,Pragyan Barik,Female,Electrical Engineering,EE,3rd Year,2024-2028,2024,2401100472@gcekjr.ac.in,8154812776
2401100473,Upasana Nayak,Female,Electrical Engineering,EE,3rd Year,2024-2028,2024,2401100473@gcekjr.ac.in,6666018917
2401100474,Aryan Samal,Male,Electrical Engineering,EE,3rd Year,2024-2028,2024,2401100474@gcekjr.ac.in,8558734353
2401100475,Upasana Sahu,Female,Electrical Engineering,EE,3rd Year,2024-2028,2024,2401100475@gcekjr.ac.in,6873790945
2401100476,Aryan Das,Male,Electrical Engineering,EE,3rd Year,2024-2028,2024,2401100476@gcekjr.ac.in,9338235359
2401100477,Kanchan Majhi,Female,Electrical Engineering,EE,3rd Year,2024-2028,2024,2401100477@gcekjr.ac.in,9087750155
2401100478,Hemant Parida,Male,Electrical Engineering,EE,3rd Year,2024-2028,2024,2401100478@gcekjr.ac.in,8947846877
2401100479,Debasis Swain,Male,Electrical Engineering,EE,3rd Year,2024-2028,2024,2401100479@gcekjr.ac.in,7857500115
2401100480,Deepak Palei,Male,Electrical Engineering,EE,3rd Year,2024-2028,2024,2401100480@gcekjr.ac.in,9786097050
2401100481,Nandini Maharana,Female,Electrical Engineering,EE,3rd Year,2024-2028,2024,2401100481@gcekjr.ac.in,8800246271
2401100482,Rajashree Sahoo,Female,Electrical Engineering,EE,3rd Year,2024-2028,2024,2401100482@gcekjr.ac.in,7304844372
2401100483,Priyanka Palei,Female,Electrical Engineering,EE,3rd Year,2024-2028,2024,2401100483@gcekjr.ac.in,6517721129
2401100484,Mantu Muduli,Male,Electrical Engineering,EE,3rd Year,2024-2028,2024,2401100484@gcekjr.ac.in,8081722702
2401100485,Abhishek Sethi,Male,Electrical Engineering,EE,3rd Year,2024-2028,2024,2401100485@gcekjr.ac.in,8072978332
2401100486,Jagruti Dey,Female,Electrical Engineering,EE,3rd Year,2024-2028,2024,2401100486@gcekjr.ac.in,7711514003
2401100487,Bibhu Palei,Male,Electrical Engineering,EE,3rd Year,2024-2028,2024,2401100487@gcekjr.ac.in,6116985717
2401100488,Nibedita Subudhi,Female,Electrical Engineering,EE,3rd Year,2024-2028,2024,2401100488@gcekjr.ac.in,8829963070
2401100489,Rakesh Mishra,Male,Electrical Engineering,EE,3rd Year,2024-2028,2024,2401100489@gcekjr.ac.in,7142319214
2401100490,Tapaswini Hota,Female,Electrical Engineering,EE,3rd Year,2024-2028,2024,2401100490@gcekjr.ac.in,6040734765
2401100491,Chinmayee Rout,Female,Electrical Engineering,EE,3rd Year,2024-2028,2024,2401100491@gcekjr.ac.in,9966247188
2401100492,Pragyan Das,Female,Electrical Engineering,EE,3rd Year,2024-2028,2024,2401100492@gcekjr.ac.in,9914340731
2401100493,Snigdha Pati,Female,Electrical Engineering,EE,3rd Year,2024-2028,2024,2401100493@gcekjr.ac.in,6097313483
2401100494,Aryan Muduli,Male,Electrical Engineering,EE,3rd Year,2024-2028,2024,2401100494@gcekjr.ac.in,7041138879
2401100495,Nandini Maharana,Female,Electrical Engineering,EE,3rd Year,2024-2028,2024,2401100495@gcekjr.ac.in,7483303136
2401100496,Kartik Nayak,Male,Electrical Engineering,EE,3rd Year,2024-2028,2024,2401100496@gcekjr.ac.in,9374051650
2401100497,Pratyusha Dash,Female,Electrical Engineering,EE,3rd Year,2024-2028,2024,2401100497@gcekjr.ac.in,8923235575
2401100498,Deepak Jagadev,Male,Electrical Engineering,EE,3rd Year,2024-2028,2024,2401100498@gcekjr.ac.in,8846408611
2401100499,Bijayalaxmi Sethi,Female,Electrical Engineering,EE,3rd Year,2024-2028,2024,2401100499@gcekjr.ac.in,7970125211
2401100500,Alina Routray,Female,Electrical Engineering,EE,3rd Year,2024-2028,2024,2401100500@gcekjr.ac.in,7611528309
2401100501,Esha Muduli,Female,Mining Engineering,MIN,3rd Year,2024-2028,2024,2401100501@gcekjr.ac.in,9891300919
2401100502,Chinmay Nayak,Male,Mining Engineering,MIN,3rd Year,2024-2028,2024,2401100502@gcekjr.ac.in,6633796328
2401100503,Lalatendu Barik,Male,Mining Engineering,MIN,3rd Year,2024-2028,2024,2401100503@gcekjr.ac.in,7448055243
2401100504,Sagar Khuntia,Male,Mining Engineering,MIN,3rd Year,2024-2028,2024,2401100504@gcekjr.ac.in,7049355109
2401100505,Hemant Palei,Male,Mining Engineering,MIN,3rd Year,2024-2028,2024,2401100505@gcekjr.ac.in,6977609942
2401100506,Rakesh Dey,Male,Mining Engineering,MIN,3rd Year,2024-2028,2024,2401100506@gcekjr.ac.in,7063188167
2401100507,Rashmita Maharana,Female,Mining Engineering,MIN,3rd Year,2024-2028,2024,2401100507@gcekjr.ac.in,7016222439
2401100508,Esha Sethi,Female,Mining Engineering,MIN,3rd Year,2024-2028,2024,2401100508@gcekjr.ac.in,7522962895
2401100509,Monalisa Khuntia,Female,Mining Engineering,MIN,3rd Year,2024-2028,2024,2401100509@gcekjr.ac.in,9181526835
2401100510,Gaurav Pradhan,Male,Mining Engineering,MIN,3rd Year,2024-2028,2024,2401100510@gcekjr.ac.in,7067986411
2401100511,Harekrushna Rout,Male,Mining Engineering,MIN,3rd Year,2024-2028,2024,2401100511@gcekjr.ac.in,8993895934
2401100512,Pratyusha Naik,Female,Mining Engineering,MIN,3rd Year,2024-2028,2024,2401100512@gcekjr.ac.in,6246159873
2401100513,Esha Naik,Female,Mining Engineering,MIN,3rd Year,2024-2028,2024,2401100513@gcekjr.ac.in,6631595161
2401100514,Upasana Samal,Female,Mining Engineering,MIN,3rd Year,2024-2028,2024,2401100514@gcekjr.ac.in,8266929855
2401100515,Kartik Sethi,Male,Mining Engineering,MIN,3rd Year,2024-2028,2024,2401100515@gcekjr.ac.in,7689671441
2401100516,Kanchan Das,Female,Mining Engineering,MIN,3rd Year,2024-2028,2024,2401100516@gcekjr.ac.in,7242153648
2401100517,Usharani Maharana,Female,Mining Engineering,MIN,3rd Year,2024-2028,2024,2401100517@gcekjr.ac.in,7795178734
2401100518,Trupti Pati,Female,Mining Engineering,MIN,3rd Year,2024-2028,2024,2401100518@gcekjr.ac.in,9936879461
2401100519,Lalatendu Das,Male,Mining Engineering,MIN,3rd Year,2024-2028,2024,2401100519@gcekjr.ac.in,7858062477
2401100520,Hemant Tripathy,Male,Mining Engineering,MIN,3rd Year,2024-2028,2024,2401100520@gcekjr.ac.in,7770933839
2401100521,Om Prava Mohanty,Female,Mining Engineering,MIN,3rd Year,2024-2028,2024,2401100521@gcekjr.ac.in,9900597209
2401100522,Bikash Biswal,Male,Mining Engineering,MIN,3rd Year,2024-2028,2024,2401100522@gcekjr.ac.in,6422593235
2401100523,Sagar Parida,Male,Mining Engineering,MIN,3rd Year,2024-2028,2024,2401100523@gcekjr.ac.in,9038574166
2401100524,Namrata Acharya,Female,Mining Engineering,MIN,3rd Year,2024-2028,2024,2401100524@gcekjr.ac.in,7796249543
2401100525,Chandrika Biswal,Female,Mining Engineering,MIN,3rd Year,2024-2028,2024,2401100525@gcekjr.ac.in,8675144245
2401100526,Jitendra Mallick,Male,Mining Engineering,MIN,3rd Year,2024-2028,2024,2401100526@gcekjr.ac.in,6097622810
2401100527,Manisha Kar,Female,Mining Engineering,MIN,3rd Year,2024-2028,2024,2401100527@gcekjr.ac.in,7810903449
2401100528,Jitendra Jagadev,Male,Mining Engineering,MIN,3rd Year,2024-2028,2024,2401100528@gcekjr.ac.in,8993435770
2401100529,Pratyusha Das,Female,Mining Engineering,MIN,3rd Year,2024-2028,2024,2401100529@gcekjr.ac.in,6724027928
2401100530,Lipsa Dey,Female,Mining Engineering,MIN,3rd Year,2024-2028,2024,2401100530@gcekjr.ac.in,8926202972
2401100531,Trupti Rout,Female,Mining Engineering,MIN,3rd Year,2024-2028,2024,2401100531@gcekjr.ac.in,9176787319
2401100532,Itish Samal,Male,Mining Engineering,MIN,3rd Year,2024-2028,2024,2401100532@gcekjr.ac.in,6841398710
2401100533,Kedar Khuntia,Male,Mining Engineering,MIN,3rd Year,2024-2028,2024,2401100533@gcekjr.ac.in,6207340378
2401100534,Om Prava Acharya,Female,Mining Engineering,MIN,3rd Year,2024-2028,2024,2401100534@gcekjr.ac.in,9138973222
2401100535,Esha Maharana,Female,Mining Engineering,MIN,3rd Year,2024-2028,2024,2401100535@gcekjr.ac.in,9431187753
2401100536,Lopamudra Majhi,Female,Mining Engineering,MIN,3rd Year,2024-2028,2024,2401100536@gcekjr.ac.in,9384157152
2401100537,Lokanath Dash,Male,Mining Engineering,MIN,3rd Year,2024-2028,2024,2401100537@gcekjr.ac.in,9854570593
2401100538,Itishree Pati,Female,Mining Engineering,MIN,3rd Year,2024-2028,2024,2401100538@gcekjr.ac.in,9414164903
2401100539,Debendra Majhi,Male,Mining Engineering,MIN,3rd Year,2024-2028,2024,2401100539@gcekjr.ac.in,6999129786
2401100540,Itish Hota,Male,Mining Engineering,MIN,3rd Year,2024-2028,2024,2401100540@gcekjr.ac.in,6120660570
2401100541,Bibhu Dalai,Male,Mining Engineering,MIN,3rd Year,2024-2028,2024,2401100541@gcekjr.ac.in,7670064678
2401100542,Jitendra Jena,Male,Mining Engineering,MIN,3rd Year,2024-2028,2024,2401100542@gcekjr.ac.in,7087689046
2401100543,Rohit Jagadev,Male,Mining Engineering,MIN,3rd Year,2024-2028,2024,2401100543@gcekjr.ac.in,9766063713
2401100544,Anita Patnaik,Female,Mining Engineering,MIN,3rd Year,2024-2028,2024,2401100544@gcekjr.ac.in,8369524626
2401100545,Gitanjali Kar,Female,Mining Engineering,MIN,3rd Year,2024-2028,2024,2401100545@gcekjr.ac.in,6122090212
2401100546,Gaurav Nayak,Male,Mining Engineering,MIN,3rd Year,2024-2028,2024,2401100546@gcekjr.ac.in,7142012685
2401100547,Saroj Pradhan,Male,Mining Engineering,MIN,3rd Year,2024-2028,2024,2401100547@gcekjr.ac.in,9945009705
2401100548,Deepak Behera,Male,Mining Engineering,MIN,3rd Year,2024-2028,2024,2401100548@gcekjr.ac.in,7922563702
2401100549,Vandana Nayak,Female,Mining Engineering,MIN,3rd Year,2024-2028,2024,2401100549@gcekjr.ac.in,6449082945
2401100550,Kartik Barik,Male,Mining Engineering,MIN,3rd Year,2024-2028,2024,2401100550@gcekjr.ac.in,7976282720
2401100551,Jagruti Maharana,Female,Mining Engineering,MIN,3rd Year,2024-2028,2024,2401100551@gcekjr.ac.in,9046823564
2401100552,Bibhu Jena,Male,Mining Engineering,MIN,3rd Year,2024-2028,2024,2401100552@gcekjr.ac.in,7232156915
2401100553,Manas Naik,Male,Mining Engineering,MIN,3rd Year,2024-2028,2024,2401100553@gcekjr.ac.in,9837873453
2401100554,Tapaswini Mohanty,Female,Mining Engineering,MIN,3rd Year,2024-2028,2024,2401100554@gcekjr.ac.in,7035380463
2401100555,Manisha Acharya,Female,Mining Engineering,MIN,3rd Year,2024-2028,2024,2401100555@gcekjr.ac.in,6184173739
2401100556,Eshan Das,Male,Mining Engineering,MIN,3rd Year,2024-2028,2024,2401100556@gcekjr.ac.in,7738956524
2401100557,Manisha Maharana,Female,Mining Engineering,MIN,3rd Year,2024-2028,2024,2401100557@gcekjr.ac.in,6545352213
2401100558,Aryan Mishra,Male,Mining Engineering,MIN,3rd Year,2024-2028,2024,2401100558@gcekjr.ac.in,9238695982
2401100559,Tapan Patnaik,Male,Mining Engineering,MIN,3rd Year,2024-2028,2024,2401100559@gcekjr.ac.in,6769749210
2401100560,Vikram Dalai,Male,Mining Engineering,MIN,3rd Year,2024-2028,2024,2401100560@gcekjr.ac.in,8348081363
2401100561,Lokanath Behera,Male,Mining Engineering,MIN,3rd Year,2024-2028,2024,2401100561@gcekjr.ac.in,6467797528
2401100562,Abhishek Patnaik,Male,Mining Engineering,MIN,3rd Year,2024-2028,2024,2401100562@gcekjr.ac.in,6305828343
2401100563,Alina Routray,Female,Mining Engineering,MIN,3rd Year,2024-2028,2024,2401100563@gcekjr.ac.in,7252538290
2401100564,Abhishek Dalai,Male,Mining Engineering,MIN,3rd Year,2024-2028,2024,2401100564@gcekjr.ac.in,9073693768
2401100565,Saroj Giri,Male,Mining Engineering,MIN,3rd Year,2024-2028,2024,2401100565@gcekjr.ac.in,6570581653
2401100566,Chinmayee Behera,Female,Mining Engineering,MIN,3rd Year,2024-2028,2024,2401100566@gcekjr.ac.in,6301140778
2401100567,Barsha Behera,Female,Mining Engineering,MIN,3rd Year,2024-2028,2024,2401100567@gcekjr.ac.in,7984137224
2401100568,Upasana Dey,Female,Mining Engineering,MIN,3rd Year,2024-2028,2024,2401100568@gcekjr.ac.in,6513119885
2401100569,Mantu Rout,Male,Mining Engineering,MIN,3rd Year,2024-2028,2024,2401100569@gcekjr.ac.in,6958047166
2401100570,Jagruti Acharya,Female,Mining Engineering,MIN,3rd Year,2024-2028,2024,2401100570@gcekjr.ac.in,9340663543
2401100571,Ipsit Behera,Male,Mining Engineering,MIN,3rd Year,2024-2028,2024,2401100571@gcekjr.ac.in,8911004838
2401100572,Bhagyashree Subudhi,Female,Mining Engineering,MIN,3rd Year,2024-2028,2024,2401100572@gcekjr.ac.in,8008108153
2401100573,Tapan Acharya,Male,Mining Engineering,MIN,3rd Year,2024-2028,2024,2401100573@gcekjr.ac.in,6970697375
2401100574,Yashaswini Palei,Female,Mining Engineering,MIN,3rd Year,2024-2028,2024,2401100574@gcekjr.ac.in,8292508842
2401100575,Priyanka Patnaik,Female,Mining Engineering,MIN,3rd Year,2024-2028,2024,2401100575@gcekjr.ac.in,6176262218
2401100576,Rashmita Routray,Female,Mining Engineering,MIN,3rd Year,2024-2028,2024,2401100576@gcekjr.ac.in,7841464135
2401100577,Eshan Kar,Male,Mining Engineering,MIN,3rd Year,2024-2028,2024,2401100577@gcekjr.ac.in,6763475437
2401100578,Utkarsh Nayak,Male,Mining Engineering,MIN,3rd Year,2024-2028,2024,2401100578@gcekjr.ac.in,7109728918
2401100579,Kajal Naik,Female,Mining Engineering,MIN,3rd Year,2024-2028,2024,2401100579@gcekjr.ac.in,6572668107
2401100580,Trupti Jena,Female,Mining Engineering,MIN,3rd Year,2024-2028,2024,2401100580@gcekjr.ac.in,7608306291
2401100581,Itish Parida,Male,Mining Engineering,MIN,3rd Year,2024-2028,2024,2401100581@gcekjr.ac.in,6048177826
2401100582,Sarita Giri,Female,Mining Engineering,MIN,3rd Year,2024-2028,2024,2401100582@gcekjr.ac.in,9564922069
2401100583,Vikram Muduli,Male,Mining Engineering,MIN,3rd Year,2024-2028,2024,2401100583@gcekjr.ac.in,8644488464
2401100584,Kartik Nayak,Male,Mining Engineering,MIN,3rd Year,2024-2028,2024,2401100584@gcekjr.ac.in,6889221118
2401100585,Abhishek Sahoo,Male,Mining Engineering,MIN,3rd Year,2024-2028,2024,2401100585@gcekjr.ac.in,7434749499
2401100586,Biswajit Sethi,Male,Mining Engineering,MIN,3rd Year,2024-2028,2024,2401100586@gcekjr.ac.in,7761471723
2401100587,Esha Barik,Female,Mining Engineering,MIN,3rd Year,2024-2028,2024,2401100587@gcekjr.ac.in,6483058606
2401100588,Anita Swain,Female,Mining Engineering,MIN,3rd Year,2024-2028,2024,2401100588@gcekjr.ac.in,7770059999
2401100589,Debjani Mohanty,Female,Mining Engineering,MIN,3rd Year,2024-2028,2024,2401100589@gcekjr.ac.in,7314555860
2401100590,Madhusmita Subudhi,Female,Mining Engineering,MIN,3rd Year,2024-2028,2024,2401100590@gcekjr.ac.in,6051730266
2401100591,Barsha Giri,Female,Mining Engineering,MIN,3rd Year,2024-2028,2024,2401100591@gcekjr.ac.in,6889702219
2401100592,Ashutosh Dash,Male,Mining Engineering,MIN,3rd Year,2024-2028,2024,2401100592@gcekjr.ac.in,6870901628
2401100593,Jagannath Palei,Male,Mining Engineering,MIN,3rd Year,2024-2028,2024,2401100593@gcekjr.ac.in,8726556046
2401100594,Usharani Kar,Female,Mining Engineering,MIN,3rd Year,2024-2028,2024,2401100594@gcekjr.ac.in,6955297569
2401100595,Vandana Nayak,Female,Mining Engineering,MIN,3rd Year,2024-2028,2024,2401100595@gcekjr.ac.in,9430586503
2401100596,Himanshu Das,Male,Mining Engineering,MIN,3rd Year,2024-2028,2024,2401100596@gcekjr.ac.in,9133505393
2401100597,Niranjan Kar,Male,Mining Engineering,MIN,3rd Year,2024-2028,2024,2401100597@gcekjr.ac.in,7612329474
2401100598,Gaurav Behera,Male,Mining Engineering,MIN,3rd Year,2024-2028,2024,2401100598@gcekjr.ac.in,7178994286
2401100599,Nibedita Samal,Female,Mining Engineering,MIN,3rd Year,2024-2028,2024,2401100599@gcekjr.ac.in,7611653827
2401100600,Trilochan Panda,Male,Mining Engineering,MIN,3rd Year,2024-2028,2024,2401100600@gcekjr.ac.in,9491731128
2401100601,Ashutosh Barik,Male,Mining Engineering,MIN,3rd Year,2024-2028,2024,2401100601@gcekjr.ac.in,9772259971
2401100602,Debendra Mishra,Male,Mining Engineering,MIN,3rd Year,2024-2028,2024,2401100602@gcekjr.ac.in,7815464233
2401100603,Jagruti Samal,Female,Mining Engineering,MIN,3rd Year,2024-2028,2024,2401100603@gcekjr.ac.in,8734987255
2401100604,Manas Rout,Male,Mining Engineering,MIN,3rd Year,2024-2028,2024,2401100604@gcekjr.ac.in,7183795941
2401100605,Nandini Mallick,Female,Mining Engineering,MIN,3rd Year,2024-2028,2024,2401100605@gcekjr.ac.in,6126882055
2401100606,Gitanjali Kar,Female,Mining Engineering,MIN,3rd Year,2024-2028,2024,2401100606@gcekjr.ac.in,6011478916
2401100607,Utkarsh Rout,Male,Mining Engineering,MIN,3rd Year,2024-2028,2024,2401100607@gcekjr.ac.in,9103524402
2401100608,Pradyumna Pradhan,Male,Mining Engineering,MIN,3rd Year,2024-2028,2024,2401100608@gcekjr.ac.in,6732383757
2401100609,Vivekananda Kar,Male,Mining Engineering,MIN,3rd Year,2024-2028,2024,2401100609@gcekjr.ac.in,8551684649
2401100610,Ashutosh Das,Male,Mining Engineering,MIN,3rd Year,2024-2028,2024,2401100610@gcekjr.ac.in,9107431916
2401100611,Rakesh Parida,Male,Mining Engineering,MIN,3rd Year,2024-2028,2024,2401100611@gcekjr.ac.in,9416839765
2401100612,Kedar Hota,Male,Mining Engineering,MIN,3rd Year,2024-2028,2024,2401100612@gcekjr.ac.in,6262343119
2401100613,Itishree Patnaik,Female,Mining Engineering,MIN,3rd Year,2024-2028,2024,2401100613@gcekjr.ac.in,9090955765
2401100614,Vivekananda Kar,Male,Mining Engineering,MIN,3rd Year,2024-2028,2024,2401100614@gcekjr.ac.in,8641995658
2401100615,Rashmita Senapati,Female,Mining Engineering,MIN,3rd Year,2024-2028,2024,2401100615@gcekjr.ac.in,8704156030
2401100616,Pratap Khuntia,Male,Mining Engineering,MIN,3rd Year,2024-2028,2024,2401100616@gcekjr.ac.in,7566460477
2401100617,Tapan Naik,Male,Mining Engineering,MIN,3rd Year,2024-2028,2024,2401100617@gcekjr.ac.in,9219628726
2401100618,Vivekananda Muduli,Male,Mining Engineering,MIN,3rd Year,2024-2028,2024,2401100618@gcekjr.ac.in,9076642269
2401100619,Yash Subudhi,Male,Mining Engineering,MIN,3rd Year,2024-2028,2024,2401100619@gcekjr.ac.in,7701507741
2401100620,Eshan Dash,Male,Mining Engineering,MIN,3rd Year,2024-2028,2024,2401100620@gcekjr.ac.in,7540494397
2401100621,Trupti Kar,Female,Mining Engineering,MIN,3rd Year,2024-2028,2024,2401100621@gcekjr.ac.in,6080328269
2401100622,Ankita Dey,Female,Mining Engineering,MIN,3rd Year,2024-2028,2024,2401100622@gcekjr.ac.in,8915598050
2401100623,Ipsit Pati,Male,Mining Engineering,MIN,3rd Year,2024-2028,2024,2401100623@gcekjr.ac.in,7770579480
2401100624,Nabin Sethi,Male,Mining Engineering,MIN,3rd Year,2024-2028,2024,2401100624@gcekjr.ac.in,7089458547
2401100625,Bhagyashree Pradhan,Female,Mining Engineering,MIN,3rd Year,2024-2028,2024,2401100625@gcekjr.ac.in,9716926452
2401100626,Jitendra Senapati,Male,Mining Engineering,MIN,3rd Year,2024-2028,2024,2401100626@gcekjr.ac.in,8770664784
2401100627,Vikram Mishra,Male,Mining Engineering,MIN,3rd Year,2024-2028,2024,2401100627@gcekjr.ac.in,6683275295
2401100628,Om Prava Das,Female,Mining Engineering,MIN,3rd Year,2024-2028,2024,2401100628@gcekjr.ac.in,8138450622
2401100629,Debasmita Mohanty,Female,Mining Engineering,MIN,3rd Year,2024-2028,2024,2401100629@gcekjr.ac.in,6823929536
2401100630,Mantu Hota,Male,Mining Engineering,MIN,3rd Year,2024-2028,2024,2401100630@gcekjr.ac.in,7750613350
2401100631,Sarita Naik,Female,Mining Engineering,MIN,3rd Year,2024-2028,2024,2401100631@gcekjr.ac.in,6072920868
2401100632,Itish Naik,Male,Mining Engineering,MIN,3rd Year,2024-2028,2024,2401100632@gcekjr.ac.in,9193948148
2401100633,Saroj Dey,Male,Mining Engineering,MIN,3rd Year,2024-2028,2024,2401100633@gcekjr.ac.in,8260759562
2401100634,Hemant Pati,Male,Mining Engineering,MIN,3rd Year,2024-2028,2024,2401100634@gcekjr.ac.in,7487079682
2401100635,Girish Khuntia,Male,Mining Engineering,MIN,3rd Year,2024-2028,2024,2401100635@gcekjr.ac.in,6898095311
2401100636,Yash Dash,Male,Mining Engineering,MIN,3rd Year,2024-2028,2024,2401100636@gcekjr.ac.in,8352811281
2401100637,Himanshu Palei,Male,Mining Engineering,MIN,3rd Year,2024-2028,2024,2401100637@gcekjr.ac.in,9245666133
2401100638,Madhusmita Sahu,Female,Mining Engineering,MIN,3rd Year,2024-2028,2024,2401100638@gcekjr.ac.in,7588397034
2401100639,Namrata Sethi,Female,Mining Engineering,MIN,3rd Year,2024-2028,2024,2401100639@gcekjr.ac.in,8171039194
2401100640,Kajal Naik,Female,Mining Engineering,MIN,3rd Year,2024-2028,2024,2401100640@gcekjr.ac.in,9166853829
2401100641,Gaurav Khuntia,Male,Mining Engineering,MIN,3rd Year,2024-2028,2024,2401100641@gcekjr.ac.in,7878119312
2401100642,Pradyumna Pati,Male,Mining Engineering,MIN,3rd Year,2024-2028,2024,2401100642@gcekjr.ac.in,9973117167
2401100643,Bhagyashree Sethi,Female,Mining Engineering,MIN,3rd Year,2024-2028,2024,2401100643@gcekjr.ac.in,7658492305
2401100644,Debasis Maharana,Male,Mining Engineering,MIN,3rd Year,2024-2028,2024,2401100644@gcekjr.ac.in,7796726823
2401100645,Elina Patnaik,Female,Mining Engineering,MIN,3rd Year,2024-2028,2024,2401100645@gcekjr.ac.in,8419101522
2401100646,Vivekananda Bhoi,Male,Mining Engineering,MIN,3rd Year,2024-2028,2024,2401100646@gcekjr.ac.in,9463410496
2401100647,Chinmay Maharana,Male,Mining Engineering,MIN,3rd Year,2024-2028,2024,2401100647@gcekjr.ac.in,6936680604
2401100648,Pradyumna Pradhan,Male,Mining Engineering,MIN,3rd Year,2024-2028,2024,2401100648@gcekjr.ac.in,7232920139
2401100649,Biswajit Khuntia,Male,Mining Engineering,MIN,3rd Year,2024-2028,2024,2401100649@gcekjr.ac.in,6507286392
2401100650,Rashmita Rout,Female,Mining Engineering,MIN,3rd Year,2024-2028,2024,2401100650@gcekjr.ac.in,9070692611
2401100651,Mantu Naik,Male,Mining Engineering,MIN,3rd Year,2024-2028,2024,2401100651@gcekjr.ac.in,8540616329
2401100652,Debjani Swain,Female,Mining Engineering,MIN,3rd Year,2024-2028,2024,2401100652@gcekjr.ac.in,7796112241
2401100653,Girish Sahoo,Male,Mining Engineering,MIN,3rd Year,2024-2028,2024,2401100653@gcekjr.ac.in,8582506546
2401100654,Subham Patnaik,Male,Mining Engineering,MIN,3rd Year,2024-2028,2024,2401100654@gcekjr.ac.in,7886697682
2401100655,Debasis Routray,Male,Mining Engineering,MIN,3rd Year,2024-2028,2024,2401100655@gcekjr.ac.in,9104055257
2401100656,Pratyusha Subudhi,Female,Mining Engineering,MIN,3rd Year,2024-2028,2024,2401100656@gcekjr.ac.in,8935112709
2401100657,Tapan Das,Male,Mining Engineering,MIN,3rd Year,2024-2028,2024,2401100657@gcekjr.ac.in,9045487929
2401100658,Kedar Pati,Male,Mining Engineering,MIN,3rd Year,2024-2028,2024,2401100658@gcekjr.ac.in,6620280388
2401100659,Chinmayee Samal,Female,Mining Engineering,MIN,3rd Year,2024-2028,2024,2401100659@gcekjr.ac.in,6194418703
2401100660,Gaurav Palei,Male,Mining Engineering,MIN,3rd Year,2024-2028,2024,2401100660@gcekjr.ac.in,8665143693
2401100661,Niranjan Majhi,Male,Mining Engineering,MIN,3rd Year,2024-2028,2024,2401100661@gcekjr.ac.in,8049185732
2401100662,Subham Jagadev,Male,Mining Engineering,MIN,3rd Year,2024-2028,2024,2401100662@gcekjr.ac.in,9764022986
2401100663,Deepak Bhoi,Male,Mining Engineering,MIN,3rd Year,2024-2028,2024,2401100663@gcekjr.ac.in,6038709590
2401100664,Utkarsh Pati,Male,Mining Engineering,MIN,3rd Year,2024-2028,2024,2401100664@gcekjr.ac.in,8009317074
2401100665,Mantu Naik,Male,Mining Engineering,MIN,3rd Year,2024-2028,2024,2401100665@gcekjr.ac.in,9362172128
2401100666,Manisha Kar,Female,Mining Engineering,MIN,3rd Year,2024-2028,2024,2401100666@gcekjr.ac.in,8068367401
2401100667,Monalisa Biswal,Female,Mining Engineering,MIN,3rd Year,2024-2028,2024,2401100667@gcekjr.ac.in,7373307290
2401100668,Chandan Naik,Male,Mining Engineering,MIN,3rd Year,2024-2028,2024,2401100668@gcekjr.ac.in,9352525613
2401100669,Barsha Nayak,Female,Mining Engineering,MIN,3rd Year,2024-2028,2024,2401100669@gcekjr.ac.in,9292686727
2401100670,Nabin Acharya,Male,Mining Engineering,MIN,3rd Year,2024-2028,2024,2401100670@gcekjr.ac.in,7142966412
2401100671,Snigdha Parida,Female,Mining Engineering,MIN,3rd Year,2024-2028,2024,2401100671@gcekjr.ac.in,8082388275
2401100672,Girish Majhi,Male,Mining Engineering,MIN,3rd Year,2024-2028,2024,2401100672@gcekjr.ac.in,8895400898
2401100673,Rakesh Sahu,Male,Mining Engineering,MIN,3rd Year,2024-2028,2024,2401100673@gcekjr.ac.in,7391660519
2401100674,Itish Mishra,Male,Mining Engineering,MIN,3rd Year,2024-2028,2024,2401100674@gcekjr.ac.in,6023400820
2401100675,Debasis Tripathy,Male,Mining Engineering,MIN,3rd Year,2024-2028,2024,2401100675@gcekjr.ac.in,7598727046
2401100676,Vivekananda Rout,Male,Mining Engineering,MIN,3rd Year,2024-2028,2024,2401100676@gcekjr.ac.in,6591752070
2401100677,Lokanath Palei,Male,Mining Engineering,MIN,3rd Year,2024-2028,2024,2401100677@gcekjr.ac.in,7217961840
2401100678,Hemant Giri,Male,Mining Engineering,MIN,3rd Year,2024-2028,2024,2401100678@gcekjr.ac.in,7076804454
2401100679,Nabin Palei,Male,Mining Engineering,MIN,3rd Year,2024-2028,2024,2401100679@gcekjr.ac.in,9968710286
2401100680,Rohit Pati,Male,Mining Engineering,MIN,3rd Year,2024-2028,2024,2401100680@gcekjr.ac.in,9261544679
2401100681,Lokanath Barik,Male,Mining Engineering,MIN,3rd Year,2024-2028,2024,2401100681@gcekjr.ac.in,8786643594
2401100682,Lopamudra Acharya,Female,Mining Engineering,MIN,3rd Year,2024-2028,2024,2401100682@gcekjr.ac.in,8595403475
2401100683,Nabin Tripathy,Male,Mining Engineering,MIN,3rd Year,2024-2028,2024,2401100683@gcekjr.ac.in,6657880772
2401100684,Ankit Panda,Male,Mining Engineering,MIN,3rd Year,2024-2028,2024,2401100684@gcekjr.ac.in,8226382711
2401100685,Himanshu Maharana,Male,Mining Engineering,MIN,3rd Year,2024-2028,2024,2401100685@gcekjr.ac.in,7577972325
2401100686,Bibhu Bhoi,Male,Mining Engineering,MIN,3rd Year,2024-2028,2024,2401100686@gcekjr.ac.in,8790900958
2401100687,Vikram Panda,Male,Mining Engineering,MIN,3rd Year,2024-2028,2024,2401100687@gcekjr.ac.in,8442483575
2401100688,Yash Dalai,Male,Mining Engineering,MIN,3rd Year,2024-2028,2024,2401100688@gcekjr.ac.in,9047210490
2401100689,Debasmita Muduli,Female,Mining Engineering,MIN,3rd Year,2024-2028,2024,2401100689@gcekjr.ac.in,9840241144
2401100690,Pragyan Das,Female,Mining Engineering,MIN,3rd Year,2024-2028,2024,2401100690@gcekjr.ac.in,9058985460
2401100691,Madhusmita Dash,Female,Mining Engineering,MIN,3rd Year,2024-2028,2024,2401100691@gcekjr.ac.in,9079014368
2401100692,Ujjwal Nayak,Male,Mining Engineering,MIN,3rd Year,2024-2028,2024,2401100692@gcekjr.ac.in,7778103427
2401100693,Bhagyashree Barik,Female,Mining Engineering,MIN,3rd Year,2024-2028,2024,2401100693@gcekjr.ac.in,9452526701
2401100694,Chandan Majhi,Male,Mining Engineering,MIN,3rd Year,2024-2028,2024,2401100694@gcekjr.ac.in,7506184873
2401100695,Eshan Majhi,Male,Mining Engineering,MIN,3rd Year,2024-2028,2024,2401100695@gcekjr.ac.in,7479786200
2401100696,Hemalata Pradhan,Female,Mining Engineering,MIN,3rd Year,2024-2028,2024,2401100696@gcekjr.ac.in,8707300273
2401100697,Gyana Jena,Male,Mining Engineering,MIN,3rd Year,2024-2028,2024,2401100697@gcekjr.ac.in,7099484319
2401100698,Swagatika Panda,Female,Mining Engineering,MIN,3rd Year,2024-2028,2024,2401100698@gcekjr.ac.in,7291516450
2401100699,Kartik Majhi,Male,Mining Engineering,MIN,3rd Year,2024-2028,2024,2401100699@gcekjr.ac.in,6451476120
2401100700,Tanmayee Muduli,Female,Mining Engineering,MIN,3rd Year,2024-2028,2024,2401100700@gcekjr.ac.in,7218993505
2401100701,Elina Sethi,Female,Mining Engineering,MIN,3rd Year,2024-2028,2024,2401100701@gcekjr.ac.in,6507626978
2401100702,Jagannath Palei,Male,Mining Engineering,MIN,3rd Year,2024-2028,2024,2401100702@gcekjr.ac.in,7015495960
2401100703,Kedar Rout,Male,Mining Engineering,MIN,3rd Year,2024-2028,2024,2401100703@gcekjr.ac.in,9191002776
2401100704,Girish Panda,Male,Mining Engineering,MIN,3rd Year,2024-2028,2024,2401100704@gcekjr.ac.in,8628671121
2401100705,Abhishek Maharana,Male,Mining Engineering,MIN,3rd Year,2024-2028,2024,2401100705@gcekjr.ac.in,6748155743
2401100706,Bibhu Samal,Male,Mining Engineering,MIN,3rd Year,2024-2028,2024,2401100706@gcekjr.ac.in,7643881115
2401100707,Upasana Muduli,Female,Mining Engineering,MIN,3rd Year,2024-2028,2024,2401100707@gcekjr.ac.in,6123737878
2401100708,Pradyumna Dey,Male,Mining Engineering,MIN,3rd Year,2024-2028,2024,2401100708@gcekjr.ac.in,9143536776
2401100709,Ipsita Pati,Female,Mining Engineering,MIN,3rd Year,2024-2028,2024,2401100709@gcekjr.ac.in,7253957979
2401100710,Ujjwal Naik,Male,Mining Engineering,MIN,3rd Year,2024-2028,2024,2401100710@gcekjr.ac.in,9468399527
2401100711,Vikram Patnaik,Male,Mining Engineering,MIN,3rd Year,2024-2028,2024,2401100711@gcekjr.ac.in,9985300085
2401100712,Pradyumna Pati,Male,Mining Engineering,MIN,3rd Year,2024-2028,2024,2401100712@gcekjr.ac.in,7417591067
2401100713,Niranjan Sethi,Male,Mining Engineering,MIN,3rd Year,2024-2028,2024,2401100713@gcekjr.ac.in,6074614411
2401100714,Anita Giri,Female,Mining Engineering,MIN,3rd Year,2024-2028,2024,2401100714@gcekjr.ac.in,9490750984
2401100715,Esha Giri,Female,Mining Engineering,MIN,3rd Year,2024-2028,2024,2401100715@gcekjr.ac.in,9369393196
2401100716,Rashmita Mohanty,Female,Mining Engineering,MIN,3rd Year,2024-2028,2024,2401100716@gcekjr.ac.in,6385324042
2401100717,Upasana Parida,Female,Mining Engineering,MIN,3rd Year,2024-2028,2024,2401100717@gcekjr.ac.in,9953073617
2401100718,Amit Das,Male,Mining Engineering,MIN,3rd Year,2024-2028,2024,2401100718@gcekjr.ac.in,8989983264
2401100719,Kedar Pradhan,Male,Mining Engineering,MIN,3rd Year,2024-2028,2024,2401100719@gcekjr.ac.in,7808745282
2401100720,Pragyan Biswal,Female,Mining Engineering,MIN,3rd Year,2024-2028,2024,2401100720@gcekjr.ac.in,7152552574
2401100721,Rajesh Parida,Male,Mining Engineering,MIN,3rd Year,2024-2028,2024,2401100721@gcekjr.ac.in,6167161477
2401100722,Kajal Jena,Female,Mining Engineering,MIN,3rd Year,2024-2028,2024,2401100722@gcekjr.ac.in,7822027533
2401100723,Saroj Nayak,Male,Mining Engineering,MIN,3rd Year,2024-2028,2024,2401100723@gcekjr.ac.in,7445653691
2401100724,Girish Muduli,Male,Mining Engineering,MIN,3rd Year,2024-2028,2024,2401100724@gcekjr.ac.in,7235766981
2401100725,Biswajit Pradhan,Male,Mining Engineering,MIN,3rd Year,2024-2028,2024,2401100725@gcekjr.ac.in,6029729329
2401100726,Gaurav Majhi,Male,Mining Engineering,MIN,3rd Year,2024-2028,2024,2401100726@gcekjr.ac.in,9191254548
2401100727,Kanchan Acharya,Female,Mining Engineering,MIN,3rd Year,2024-2028,2024,2401100727@gcekjr.ac.in,6474160575
2401100728,Rakesh Rout,Male,Mining Engineering,MIN,3rd Year,2024-2028,2024,2401100728@gcekjr.ac.in,8441492152
2401100729,Swagatika Naik,Female,Mining Engineering,MIN,3rd Year,2024-2028,2024,2401100729@gcekjr.ac.in,7087359501
2401100730,Hemant Pati,Male,Mining Engineering,MIN,3rd Year,2024-2028,2024,2401100730@gcekjr.ac.in,8179677749
2401100731,Kedar Jagadev,Male,Mining Engineering,MIN,3rd Year,2024-2028,2024,2401100731@gcekjr.ac.in,7049347132
2401100732,Lipsa Barik,Female,Mining Engineering,MIN,3rd Year,2024-2028,2024,2401100732@gcekjr.ac.in,6072709739
2401100733,Debendra Mallick,Male,Mining Engineering,MIN,3rd Year,2024-2028,2024,2401100733@gcekjr.ac.in,6615536843
2401100734,Hemalata Jena,Female,Mining Engineering,MIN,3rd Year,2024-2028,2024,2401100734@gcekjr.ac.in,9656675865
2401100735,Om Rout,Male,Mining Engineering,MIN,3rd Year,2024-2028,2024,2401100735@gcekjr.ac.in,8147977077
2401100736,Tapan Dash,Male,Mining Engineering,MIN,3rd Year,2024-2028,2024,2401100736@gcekjr.ac.in,6496106117
2401100737,Chinmay Swain,Male,Mining Engineering,MIN,3rd Year,2024-2028,2024,2401100737@gcekjr.ac.in,6485634567
2401100738,Swagatika Majhi,Female,Mining Engineering,MIN,3rd Year,2024-2028,2024,2401100738@gcekjr.ac.in,6903814935
2401100739,Utkarsh Jagadev,Male,Mining Engineering,MIN,3rd Year,2024-2028,2024,2401100739@gcekjr.ac.in,8306331289
2401100740,Chandan Acharya,Male,Mining Engineering,MIN,3rd Year,2024-2028,2024,2401100740@gcekjr.ac.in,6531528901
2401100741,Amit Pradhan,Male,Mining Engineering,MIN,3rd Year,2024-2028,2024,2401100741@gcekjr.ac.in,7179421132
2401100742,Gaurav Sahu,Male,Mining Engineering,MIN,3rd Year,2024-2028,2024,2401100742@gcekjr.ac.in,8543429483
2401100743,Jitendra Mishra,Male,Mining Engineering,MIN,3rd Year,2024-2028,2024,2401100743@gcekjr.ac.in,8413413397
2401100744,Rashmita Jena,Female,Mining Engineering,MIN,3rd Year,2024-2028,2024,2401100744@gcekjr.ac.in,7605120204
2401100745,Swagatika Sethi,Female,Mining Engineering,MIN,3rd Year,2024-2028,2024,2401100745@gcekjr.ac.in,6267464546
2401100746,Bijayalaxmi Barik,Female,Mining Engineering,MIN,3rd Year,2024-2028,2024,2401100746@gcekjr.ac.in,9704150594
2401100747,Tapan Panda,Male,Mining Engineering,MIN,3rd Year,2024-2028,2024,2401100747@gcekjr.ac.in,7143884000
2401100748,Chandrika Behera,Female,Mining Engineering,MIN,3rd Year,2024-2028,2024,2401100748@gcekjr.ac.in,8241107149
2401100749,Bikash Mohanty,Male,Mining Engineering,MIN,3rd Year,2024-2028,2024,2401100749@gcekjr.ac.in,8884575304
2401100750,Jagannath Senapati,Male,Mining Engineering,MIN,3rd Year,2024-2028,2024,2401100750@gcekjr.ac.in,9180561079
2401100751,Monalisa Khuntia,Female,Mineral Engineering,MEX,3rd Year,2024-2028,2024,2401100751@gcekjr.ac.in,8577335200
2401100752,Ipsita Sahu,Female,Mineral Engineering,MEX,3rd Year,2024-2028,2024,2401100752@gcekjr.ac.in,7354652115
2401100753,Lipsa Samal,Female,Mineral Engineering,MEX,3rd Year,2024-2028,2024,2401100753@gcekjr.ac.in,7920050106
2401100754,Chandan Behera,Male,Mineral Engineering,MEX,3rd Year,2024-2028,2024,2401100754@gcekjr.ac.in,7978245198
2401100755,Hemalata Routray,Female,Mineral Engineering,MEX,3rd Year,2024-2028,2024,2401100755@gcekjr.ac.in,9448048220
2401100756,Lokanath Barik,Male,Mineral Engineering,MEX,3rd Year,2024-2028,2024,2401100756@gcekjr.ac.in,7126259028
2401100757,Abhishek Behera,Male,Mineral Engineering,MEX,3rd Year,2024-2028,2024,2401100757@gcekjr.ac.in,9239595441
2401100758,Bikash Mishra,Male,Mineral Engineering,MEX,3rd Year,2024-2028,2024,2401100758@gcekjr.ac.in,7836188453
2401100759,Pratyusha Giri,Female,Mineral Engineering,MEX,3rd Year,2024-2028,2024,2401100759@gcekjr.ac.in,7458426141
2401100760,Hemant Routray,Male,Mineral Engineering,MEX,3rd Year,2024-2028,2024,2401100760@gcekjr.ac.in,8089005103
2401100761,Niranjan Biswal,Male,Mineral Engineering,MEX,3rd Year,2024-2028,2024,2401100761@gcekjr.ac.in,6842193284
2401100762,Gyana Jena,Male,Mineral Engineering,MEX,3rd Year,2024-2028,2024,2401100762@gcekjr.ac.in,9448034304
2401100763,Om Prava Mallick,Female,Mineral Engineering,MEX,3rd Year,2024-2028,2024,2401100763@gcekjr.ac.in,6226341178
2401100764,Deepak Jagadev,Male,Mineral Engineering,MEX,3rd Year,2024-2028,2024,2401100764@gcekjr.ac.in,8152501834
2401100765,Harekrushna Bhoi,Male,Mineral Engineering,MEX,3rd Year,2024-2028,2024,2401100765@gcekjr.ac.in,8261980973
2401100766,Bijayalaxmi Mishra,Female,Mineral Engineering,MEX,3rd Year,2024-2028,2024,2401100766@gcekjr.ac.in,8217197348
2401100767,Jitendra Maharana,Male,Mineral Engineering,MEX,3rd Year,2024-2028,2024,2401100767@gcekjr.ac.in,8862954172
2401100768,Snigdha Parida,Female,Mineral Engineering,MEX,3rd Year,2024-2028,2024,2401100768@gcekjr.ac.in,8100117518
2401100769,Yash Pati,Male,Mineral Engineering,MEX,3rd Year,2024-2028,2024,2401100769@gcekjr.ac.in,9897790417
2401100770,Bhagyashree Hota,Female,Mineral Engineering,MEX,3rd Year,2024-2028,2024,2401100770@gcekjr.ac.in,8971088959
2401100771,Tapaswini Swain,Female,Mineral Engineering,MEX,3rd Year,2024-2028,2024,2401100771@gcekjr.ac.in,9741508063
2401100772,Rakesh Giri,Male,Mineral Engineering,MEX,3rd Year,2024-2028,2024,2401100772@gcekjr.ac.in,6968848250
2401100773,Bijayalaxmi Bhoi,Female,Mineral Engineering,MEX,3rd Year,2024-2028,2024,2401100773@gcekjr.ac.in,9124684054
2401100774,Abhishek Patnaik,Male,Mineral Engineering,MEX,3rd Year,2024-2028,2024,2401100774@gcekjr.ac.in,6498255840
2401100775,Lopamudra Giri,Female,Mineral Engineering,MEX,3rd Year,2024-2028,2024,2401100775@gcekjr.ac.in,6424586721
2401100776,Trilochan Giri,Male,Mineral Engineering,MEX,3rd Year,2024-2028,2024,2401100776@gcekjr.ac.in,8281341792
2401100777,Elina Sahu,Female,Mineral Engineering,MEX,3rd Year,2024-2028,2024,2401100777@gcekjr.ac.in,8731615305
2401100778,Debasmita Sethi,Female,Mineral Engineering,MEX,3rd Year,2024-2028,2024,2401100778@gcekjr.ac.in,6956305695
2401100779,Aryan Bhoi,Male,Mineral Engineering,MEX,3rd Year,2024-2028,2024,2401100779@gcekjr.ac.in,9187428426
2401100780,Pradyumna Routray,Male,Mineral Engineering,MEX,3rd Year,2024-2028,2024,2401100780@gcekjr.ac.in,7998161860
2401100781,Om Dalai,Male,Mineral Engineering,MEX,3rd Year,2024-2028,2024,2401100781@gcekjr.ac.in,6501211760
2401100782,Om Mishra,Male,Mineral Engineering,MEX,3rd Year,2024-2028,2024,2401100782@gcekjr.ac.in,9742623435
2401100783,Amit Nayak,Male,Mineral Engineering,MEX,3rd Year,2024-2028,2024,2401100783@gcekjr.ac.in,9034565150
2401100784,Ujjwal Tripathy,Male,Mineral Engineering,MEX,3rd Year,2024-2028,2024,2401100784@gcekjr.ac.in,6203197240
2401100785,Manas Dash,Male,Mineral Engineering,MEX,3rd Year,2024-2028,2024,2401100785@gcekjr.ac.in,6319681805
2401100786,Ankit Khuntia,Male,Mineral Engineering,MEX,3rd Year,2024-2028,2024,2401100786@gcekjr.ac.in,7706204982
2401100787,Rakesh Barik,Male,Mineral Engineering,MEX,3rd Year,2024-2028,2024,2401100787@gcekjr.ac.in,7325067589
2401100788,Utkarsh Subudhi,Male,Mineral Engineering,MEX,3rd Year,2024-2028,2024,2401100788@gcekjr.ac.in,7339122063
2401100789,Madhusmita Acharya,Female,Mineral Engineering,MEX,3rd Year,2024-2028,2024,2401100789@gcekjr.ac.in,7232667479
2401100790,Ankita Palei,Female,Mineral Engineering,MEX,3rd Year,2024-2028,2024,2401100790@gcekjr.ac.in,7244627251
2401100791,Lalatendu Acharya,Male,Mineral Engineering,MEX,3rd Year,2024-2028,2024,2401100791@gcekjr.ac.in,9815902138
2401100792,Subham Panda,Male,Mineral Engineering,MEX,3rd Year,2024-2028,2024,2401100792@gcekjr.ac.in,7955277287
2401100793,Pratyusha Mohanty,Female,Mineral Engineering,MEX,3rd Year,2024-2028,2024,2401100793@gcekjr.ac.in,8308691601
2401100794,Lokanath Barik,Male,Mineral Engineering,MEX,3rd Year,2024-2028,2024,2401100794@gcekjr.ac.in,6810638255
2401100795,Saroj Dalai,Male,Mineral Engineering,MEX,3rd Year,2024-2028,2024,2401100795@gcekjr.ac.in,9951292547
2401100796,Itish Dey,Male,Mineral Engineering,MEX,3rd Year,2024-2028,2024,2401100796@gcekjr.ac.in,7679864376
2401100797,Rajesh Sahu,Male,Mineral Engineering,MEX,3rd Year,2024-2028,2024,2401100797@gcekjr.ac.in,7952821485
2401100798,Girish Panda,Male,Mineral Engineering,MEX,3rd Year,2024-2028,2024,2401100798@gcekjr.ac.in,7602218952
2401100799,Itish Swain,Male,Mineral Engineering,MEX,3rd Year,2024-2028,2024,2401100799@gcekjr.ac.in,6050204072
2401100800,Rakesh Barik,Male,Mineral Engineering,MEX,3rd Year,2024-2028,2024,2401100800@gcekjr.ac.in,8020165082
2401100801,Utkarsh Senapati,Male,Mineral Engineering,MEX,3rd Year,2024-2028,2024,2401100801@gcekjr.ac.in,8428937706
2401100802,Aryan Pati,Male,Mineral Engineering,MEX,3rd Year,2024-2028,2024,2401100802@gcekjr.ac.in,6891849686
2401100803,Deepak Kar,Male,Mineral Engineering,MEX,3rd Year,2024-2028,2024,2401100803@gcekjr.ac.in,9250287120
2401100804,Gyana Mohanty,Male,Mineral Engineering,MEX,3rd Year,2024-2028,2024,2401100804@gcekjr.ac.in,9602017528
2401100805,Ipsita Samal,Female,Mineral Engineering,MEX,3rd Year,2024-2028,2024,2401100805@gcekjr.ac.in,8223268300
2401100806,Ipsita Maharana,Female,Mineral Engineering,MEX,3rd Year,2024-2028,2024,2401100806@gcekjr.ac.in,8900878057
2401100807,Rajashree Acharya,Female,Mineral Engineering,MEX,3rd Year,2024-2028,2024,2401100807@gcekjr.ac.in,6437458308
2401100808,Tapaswini Dalai,Female,Mineral Engineering,MEX,3rd Year,2024-2028,2024,2401100808@gcekjr.ac.in,8808769876
2401100809,Kedar Jagadev,Male,Mineral Engineering,MEX,3rd Year,2024-2028,2024,2401100809@gcekjr.ac.in,7985817733
2401100810,Ipsit Parida,Male,Mineral Engineering,MEX,3rd Year,2024-2028,2024,2401100810@gcekjr.ac.in,9018707108
2401100811,Om Prava Behera,Female,Mineral Engineering,MEX,3rd Year,2024-2028,2024,2401100811@gcekjr.ac.in,7351412809
2401100812,Ashutosh Naik,Male,Mineral Engineering,MEX,3rd Year,2024-2028,2024,2401100812@gcekjr.ac.in,6811451305
2401100813,Vandana Das,Female,Mineral Engineering,MEX,3rd Year,2024-2028,2024,2401100813@gcekjr.ac.in,7798135905
2401100814,Biswajit Majhi,Male,Mineral Engineering,MEX,3rd Year,2024-2028,2024,2401100814@gcekjr.ac.in,6402432670
2401100815,Gaurav Giri,Male,Mineral Engineering,MEX,3rd Year,2024-2028,2024,2401100815@gcekjr.ac.in,8467120757
2401100816,Gitanjali Majhi,Female,Mineral Engineering,MEX,3rd Year,2024-2028,2024,2401100816@gcekjr.ac.in,6982705421
2401100817,Lopamudra Panda,Female,Mineral Engineering,MEX,3rd Year,2024-2028,2024,2401100817@gcekjr.ac.in,7337102132
2401100818,Bikash Swain,Male,Mineral Engineering,MEX,3rd Year,2024-2028,2024,2401100818@gcekjr.ac.in,7667437878
2401100819,Manisha Subudhi,Female,Mineral Engineering,MEX,3rd Year,2024-2028,2024,2401100819@gcekjr.ac.in,9298594165
2401100820,Abhishek Hota,Male,Mineral Engineering,MEX,3rd Year,2024-2028,2024,2401100820@gcekjr.ac.in,7331885694
2401100821,Tapan Panda,Male,Mineral Engineering,MEX,3rd Year,2024-2028,2024,2401100821@gcekjr.ac.in,8272783194
2401100822,Priyanka Majhi,Female,Mineral Engineering,MEX,3rd Year,2024-2028,2024,2401100822@gcekjr.ac.in,9875734543
2401100823,Ipsit Mohanty,Male,Mineral Engineering,MEX,3rd Year,2024-2028,2024,2401100823@gcekjr.ac.in,7535706461
2401100824,Debendra Dash,Male,Mineral Engineering,MEX,3rd Year,2024-2028,2024,2401100824@gcekjr.ac.in,9246845230
2401100825,Debendra Rout,Male,Mineral Engineering,MEX,3rd Year,2024-2028,2024,2401100825@gcekjr.ac.in,9748941684
2401100826,Snigdha Samal,Female,Mineral Engineering,MEX,3rd Year,2024-2028,2024,2401100826@gcekjr.ac.in,6782041921
2401100827,Lalatendu Tripathy,Male,Mineral Engineering,MEX,3rd Year,2024-2028,2024,2401100827@gcekjr.ac.in,9297653165
2401100828,Niranjan Dey,Male,Mineral Engineering,MEX,3rd Year,2024-2028,2024,2401100828@gcekjr.ac.in,6748447963
2401100829,Tapan Palei,Male,Mineral Engineering,MEX,3rd Year,2024-2028,2024,2401100829@gcekjr.ac.in,9772232127
2401100830,Sasmita Mallick,Female,Mineral Engineering,MEX,3rd Year,2024-2028,2024,2401100830@gcekjr.ac.in,6965386252
2401100831,Nabin Jagadev,Male,Mineral Engineering,MEX,3rd Year,2024-2028,2024,2401100831@gcekjr.ac.in,6299146514
2401100832,Itishree Panda,Female,Mineral Engineering,MEX,3rd Year,2024-2028,2024,2401100832@gcekjr.ac.in,9005545186
2401100833,Esha Maharana,Female,Mineral Engineering,MEX,3rd Year,2024-2028,2024,2401100833@gcekjr.ac.in,9311906155
2401100834,Pradyumna Tripathy,Male,Mineral Engineering,MEX,3rd Year,2024-2028,2024,2401100834@gcekjr.ac.in,8355812496
2401100835,Chandrika Jena,Female,Mineral Engineering,MEX,3rd Year,2024-2028,2024,2401100835@gcekjr.ac.in,8939472904
2401100836,Mantu Samal,Male,Mineral Engineering,MEX,3rd Year,2024-2028,2024,2401100836@gcekjr.ac.in,8824928281
2401100837,Om Mohanty,Male,Mineral Engineering,MEX,3rd Year,2024-2028,2024,2401100837@gcekjr.ac.in,7843351780
2401100838,Sagar Majhi,Male,Mineral Engineering,MEX,3rd Year,2024-2028,2024,2401100838@gcekjr.ac.in,6671607057
2401100839,Chinmayee Jagadev,Female,Mineral Engineering,MEX,3rd Year,2024-2028,2024,2401100839@gcekjr.ac.in,9826617221
2401100840,Nibedita Giri,Female,Mineral Engineering,MEX,3rd Year,2024-2028,2024,2401100840@gcekjr.ac.in,8293426103
2401100841,Manisha Routray,Female,Mineral Engineering,MEX,3rd Year,2024-2028,2024,2401100841@gcekjr.ac.in,7866207989
2401100842,Bhagyashree Subudhi,Female,Mineral Engineering,MEX,3rd Year,2024-2028,2024,2401100842@gcekjr.ac.in,7897652984
2401100843,Ipsit Naik,Male,Mineral Engineering,MEX,3rd Year,2024-2028,2024,2401100843@gcekjr.ac.in,7881374719
2401100844,Harapriya Bhoi,Female,Mineral Engineering,MEX,3rd Year,2024-2028,2024,2401100844@gcekjr.ac.in,9178149055
2401100845,Harapriya Giri,Female,Mineral Engineering,MEX,3rd Year,2024-2028,2024,2401100845@gcekjr.ac.in,8940238809
2401100846,Chandrika Pradhan,Female,Mineral Engineering,MEX,3rd Year,2024-2028,2024,2401100846@gcekjr.ac.in,9087944595
2401100847,Pradyumna Dalai,Male,Mineral Engineering,MEX,3rd Year,2024-2028,2024,2401100847@gcekjr.ac.in,6769774756
2401100848,Gayatri Khuntia,Female,Mineral Engineering,MEX,3rd Year,2024-2028,2024,2401100848@gcekjr.ac.in,7247429903
2401100849,Biswajit Mohanty,Male,Mineral Engineering,MEX,3rd Year,2024-2028,2024,2401100849@gcekjr.ac.in,6554602842
2401100850,Vivekananda Barik,Male,Mineral Engineering,MEX,3rd Year,2024-2028,2024,2401100850@gcekjr.ac.in,9176548177
2401100851,Namrata Sethi,Female,Mineral Engineering,MEX,3rd Year,2024-2028,2024,2401100851@gcekjr.ac.in,8595655758
2401100852,Yashaswini Patnaik,Female,Mineral Engineering,MEX,3rd Year,2024-2028,2024,2401100852@gcekjr.ac.in,6743133947
2401100853,Sarita Sahu,Female,Mineral Engineering,MEX,3rd Year,2024-2028,2024,2401100853@gcekjr.ac.in,8500222221
2401100854,Yash Parida,Male,Mineral Engineering,MEX,3rd Year,2024-2028,2024,2401100854@gcekjr.ac.in,6891140747
2401100855,Pratyusha Sethi,Female,Mineral Engineering,MEX,3rd Year,2024-2028,2024,2401100855@gcekjr.ac.in,7471331164
2401100856,Kajal Acharya,Female,Mineral Engineering,MEX,3rd Year,2024-2028,2024,2401100856@gcekjr.ac.in,6308481677
2401100857,Gaurav Giri,Male,Mineral Engineering,MEX,3rd Year,2024-2028,2024,2401100857@gcekjr.ac.in,8616050757
2401100858,Lopamudra Kar,Female,Mineral Engineering,MEX,3rd Year,2024-2028,2024,2401100858@gcekjr.ac.in,8053629545
2401100859,Trilochan Sethi,Male,Mineral Engineering,MEX,3rd Year,2024-2028,2024,2401100859@gcekjr.ac.in,7309157750
2401100860,Utkarsh Dey,Male,Mineral Engineering,MEX,3rd Year,2024-2028,2024,2401100860@gcekjr.ac.in,8067852086
2401100861,Niranjan Bhoi,Male,Mineral Engineering,MEX,3rd Year,2024-2028,2024,2401100861@gcekjr.ac.in,7155446232
2401100862,Namrata Sahu,Female,Mineral Engineering,MEX,3rd Year,2024-2028,2024,2401100862@gcekjr.ac.in,6656958066
2401100863,Elina Subudhi,Female,Mineral Engineering,MEX,3rd Year,2024-2028,2024,2401100863@gcekjr.ac.in,7042228167
2401100864,Rajesh Mallick,Male,Mineral Engineering,MEX,3rd Year,2024-2028,2024,2401100864@gcekjr.ac.in,8022722401
2401100865,Saroj Sahoo,Male,Mineral Engineering,MEX,3rd Year,2024-2028,2024,2401100865@gcekjr.ac.in,7466760039
2401100866,Manas Das,Male,Mineral Engineering,MEX,3rd Year,2024-2028,2024,2401100866@gcekjr.ac.in,7611169259
2401100867,Lalatendu Muduli,Male,Mineral Engineering,MEX,3rd Year,2024-2028,2024,2401100867@gcekjr.ac.in,9811615185
2401100868,Jagannath Jagadev,Male,Mineral Engineering,MEX,3rd Year,2024-2028,2024,2401100868@gcekjr.ac.in,7405622615
2401100869,Subham Rout,Male,Mineral Engineering,MEX,3rd Year,2024-2028,2024,2401100869@gcekjr.ac.in,7515222910
2401100870,Amit Maharana,Male,Mineral Engineering,MEX,3rd Year,2024-2028,2024,2401100870@gcekjr.ac.in,8155347946
2401100871,Vikram Parida,Male,Mineral Engineering,MEX,3rd Year,2024-2028,2024,2401100871@gcekjr.ac.in,9091981720
2401100872,Madhusmita Muduli,Female,Mineral Engineering,MEX,3rd Year,2024-2028,2024,2401100872@gcekjr.ac.in,6234106489
2401100873,Rakesh Subudhi,Male,Mineral Engineering,MEX,3rd Year,2024-2028,2024,2401100873@gcekjr.ac.in,9728212324
2401100874,Monalisa Routray,Female,Mineral Engineering,MEX,3rd Year,2024-2028,2024,2401100874@gcekjr.ac.in,7485240738
2401100875,Jyotiranjan Hota,Male,Mineral Engineering,MEX,3rd Year,2024-2028,2024,2401100875@gcekjr.ac.in,8141713456
2401100876,Hemant Panda,Male,Mineral Engineering,MEX,3rd Year,2024-2028,2024,2401100876@gcekjr.ac.in,8571677377
2401100877,Gitanjali Panda,Female,Mineral Engineering,MEX,3rd Year,2024-2028,2024,2401100877@gcekjr.ac.in,8507518117
2401100878,Tapaswini Dash,Female,Mineral Engineering,MEX,3rd Year,2024-2028,2024,2401100878@gcekjr.ac.in,6174167523
2401100879,Trilochan Jena,Male,Mineral Engineering,MEX,3rd Year,2024-2028,2024,2401100879@gcekjr.ac.in,8703740320
2401100880,Debasis Dey,Male,Mineral Engineering,MEX,3rd Year,2024-2028,2024,2401100880@gcekjr.ac.in,9740336153
2401100881,Usharani Biswal,Female,Mineral Engineering,MEX,3rd Year,2024-2028,2024,2401100881@gcekjr.ac.in,9810586541
2401100882,Rajesh Majhi,Male,Mineral Engineering,MEX,3rd Year,2024-2028,2024,2401100882@gcekjr.ac.in,6594054852
2401100883,Aryan Maharana,Male,Mineral Engineering,MEX,3rd Year,2024-2028,2024,2401100883@gcekjr.ac.in,6624419426
2401100884,Tapan Palei,Male,Mineral Engineering,MEX,3rd Year,2024-2028,2024,2401100884@gcekjr.ac.in,8352417609
2401100885,Monalisa Jena,Female,Mineral Engineering,MEX,3rd Year,2024-2028,2024,2401100885@gcekjr.ac.in,7586723557
2401100886,Nabin Bhoi,Male,Mineral Engineering,MEX,3rd Year,2024-2028,2024,2401100886@gcekjr.ac.in,8536721828
2401100887,Amit Samal,Male,Mineral Engineering,MEX,3rd Year,2024-2028,2024,2401100887@gcekjr.ac.in,8487543021
2401100888,Barsha Tripathy,Female,Mineral Engineering,MEX,3rd Year,2024-2028,2024,2401100888@gcekjr.ac.in,8678376995
2401100889,Nibedita Jagadev,Female,Mineral Engineering,MEX,3rd Year,2024-2028,2024,2401100889@gcekjr.ac.in,7786446100
2401100890,Debendra Majhi,Male,Mineral Engineering,MEX,3rd Year,2024-2028,2024,2401100890@gcekjr.ac.in,7512096450
2401100891,Bikash Giri,Male,Mineral Engineering,MEX,3rd Year,2024-2028,2024,2401100891@gcekjr.ac.in,8772090508
2401100892,Namrata Majhi,Female,Mineral Engineering,MEX,3rd Year,2024-2028,2024,2401100892@gcekjr.ac.in,6267220184
2401100893,Gyana Routray,Male,Mineral Engineering,MEX,3rd Year,2024-2028,2024,2401100893@gcekjr.ac.in,8381581770
2401100894,Gyana Tripathy,Male,Mineral Engineering,MEX,3rd Year,2024-2028,2024,2401100894@gcekjr.ac.in,8717941508
2401100895,Yash Palei,Male,Mineral Engineering,MEX,3rd Year,2024-2028,2024,2401100895@gcekjr.ac.in,7286745029
2401100896,Esha Rout,Female,Mineral Engineering,MEX,3rd Year,2024-2028,2024,2401100896@gcekjr.ac.in,8191504491
2401100897,Niranjan Mohanty,Male,Mineral Engineering,MEX,3rd Year,2024-2028,2024,2401100897@gcekjr.ac.in,7262096270
2401100898,Kedar Naik,Male,Mineral Engineering,MEX,3rd Year,2024-2028,2024,2401100898@gcekjr.ac.in,8045471210
2401100899,Gaurav Routray,Male,Mineral Engineering,MEX,3rd Year,2024-2028,2024,2401100899@gcekjr.ac.in,9516344035
2401100900,Ashutosh Senapati,Male,Mineral Engineering,MEX,3rd Year,2024-2028,2024,2401100900@gcekjr.ac.in,7616665428
2401100901,Om Acharya,Male,Mineral Engineering,MEX,3rd Year,2024-2028,2024,2401100901@gcekjr.ac.in,9611371300
2401100902,Priyanka Mishra,Female,Mineral Engineering,MEX,3rd Year,2024-2028,2024,2401100902@gcekjr.ac.in,7753668670
2401100903,Elina Dey,Female,Mineral Engineering,MEX,3rd Year,2024-2028,2024,2401100903@gcekjr.ac.in,6058995501
2401100904,Sarita Kar,Female,Mineral Engineering,MEX,3rd Year,2024-2028,2024,2401100904@gcekjr.ac.in,9310936600
2401100905,Namrata Naik,Female,Mineral Engineering,MEX,3rd Year,2024-2028,2024,2401100905@gcekjr.ac.in,7302211504
2401100906,Esha Khuntia,Female,Mineral Engineering,MEX,3rd Year,2024-2028,2024,2401100906@gcekjr.ac.in,6804282882
2401100907,Pragyan Rout,Female,Mineral Engineering,MEX,3rd Year,2024-2028,2024,2401100907@gcekjr.ac.in,8236658118
2401100908,Rajashree Parida,Female,Mineral Engineering,MEX,3rd Year,2024-2028,2024,2401100908@gcekjr.ac.in,7798271567
2401100909,Manas Swain,Male,Mineral Engineering,MEX,3rd Year,2024-2028,2024,2401100909@gcekjr.ac.in,6013479905
2401100910,Himanshu Maharana,Male,Mineral Engineering,MEX,3rd Year,2024-2028,2024,2401100910@gcekjr.ac.in,6485485287
2401100911,Sagar Sahu,Male,Mineral Engineering,MEX,3rd Year,2024-2028,2024,2401100911@gcekjr.ac.in,6110038549
2401100912,Dibyajyoti Behera,Male,Mineral Engineering,MEX,3rd Year,2024-2028,2024,2401100912@gcekjr.ac.in,9095658210
2401100913,Jyotsna Acharya,Female,Mineral Engineering,MEX,3rd Year,2024-2028,2024,2401100913@gcekjr.ac.in,7142461336
2401100914,Rajesh Barik,Male,Mineral Engineering,MEX,3rd Year,2024-2028,2024,2401100914@gcekjr.ac.in,8965776109
2401100915,Anita Majhi,Female,Mineral Engineering,MEX,3rd Year,2024-2028,2024,2401100915@gcekjr.ac.in,7266057981
2401100916,Manisha Nayak,Female,Mineral Engineering,MEX,3rd Year,2024-2028,2024,2401100916@gcekjr.ac.in,9331866175
2401100917,Chinmay Naik,Male,Mineral Engineering,MEX,3rd Year,2024-2028,2024,2401100917@gcekjr.ac.in,6618179877
2401100918,Ipsita Samal,Female,Mineral Engineering,MEX,3rd Year,2024-2028,2024,2401100918@gcekjr.ac.in,8393099517
2401100919,Subham Jagadev,Male,Mineral Engineering,MEX,3rd Year,2024-2028,2024,2401100919@gcekjr.ac.in,8242927196
2401100920,Eshan Subudhi,Male,Mineral Engineering,MEX,3rd Year,2024-2028,2024,2401100920@gcekjr.ac.in,7598088882
2401100921,Bibhu Senapati,Male,Mineral Engineering,MEX,3rd Year,2024-2028,2024,2401100921@gcekjr.ac.in,6829280163
2401100922,Jyotsna Palei,Female,Mineral Engineering,MEX,3rd Year,2024-2028,2024,2401100922@gcekjr.ac.in,6006836562
2401100923,Utkarsh Pradhan,Male,Mineral Engineering,MEX,3rd Year,2024-2028,2024,2401100923@gcekjr.ac.in,8996423810
2401100924,Chandan Swain,Male,Mineral Engineering,MEX,3rd Year,2024-2028,2024,2401100924@gcekjr.ac.in,7671642722
2401100925,Chinmayee Panda,Female,Mineral Engineering,MEX,3rd Year,2024-2028,2024,2401100925@gcekjr.ac.in,6876682001
2401100926,Jyotiranjan Behera,Male,Mineral Engineering,MEX,3rd Year,2024-2028,2024,2401100926@gcekjr.ac.in,6559543832
2401100927,Yash Patnaik,Male,Mineral Engineering,MEX,3rd Year,2024-2028,2024,2401100927@gcekjr.ac.in,7921273346
2401100928,Itish Naik,Male,Mineral Engineering,MEX,3rd Year,2024-2028,2024,2401100928@gcekjr.ac.in,6606589531
2401100929,Ipsit Nayak,Male,Mineral Engineering,MEX,3rd Year,2024-2028,2024,2401100929@gcekjr.ac.in,7001646926
2401100930,Yashaswini Jena,Female,Mineral Engineering,MEX,3rd Year,2024-2028,2024,2401100930@gcekjr.ac.in,6469546555
2401100931,Debendra Patnaik,Male,Mineral Engineering,MEX,3rd Year,2024-2028,2024,2401100931@gcekjr.ac.in,8435571902
2401100932,Pragyan Naik,Female,Mineral Engineering,MEX,3rd Year,2024-2028,2024,2401100932@gcekjr.ac.in,7941711620
2401100933,Nandini Behera,Female,Mineral Engineering,MEX,3rd Year,2024-2028,2024,2401100933@gcekjr.ac.in,8873785388
2401100934,Pragyan Routray,Female,Mineral Engineering,MEX,3rd Year,2024-2028,2024,2401100934@gcekjr.ac.in,6212913002
2401100935,Sagar Barik,Male,Mineral Engineering,MEX,3rd Year,2024-2028,2024,2401100935@gcekjr.ac.in,6995470080
2401100936,Varsha Swain,Female,Mineral Engineering,MEX,3rd Year,2024-2028,2024,2401100936@gcekjr.ac.in,8038655142
2401100937,Upasana Khuntia,Female,Mineral Engineering,MEX,3rd Year,2024-2028,2024,2401100937@gcekjr.ac.in,9337524627
2401100938,Lalatendu Jena,Male,Mineral Engineering,MEX,3rd Year,2024-2028,2024,2401100938@gcekjr.ac.in,6537787799
2401100939,Kedar Khuntia,Male,Mineral Engineering,MEX,3rd Year,2024-2028,2024,2401100939@gcekjr.ac.in,9091700194
2401100940,Gaurav Samal,Male,Mineral Engineering,MEX,3rd Year,2024-2028,2024,2401100940@gcekjr.ac.in,8341093290
2401100941,Barsha Behera,Female,Mineral Engineering,MEX,3rd Year,2024-2028,2024,2401100941@gcekjr.ac.in,8264253465
2401100942,Yash Jagadev,Male,Mineral Engineering,MEX,3rd Year,2024-2028,2024,2401100942@gcekjr.ac.in,8646024714
2401100943,Jagruti Sethi,Female,Mineral Engineering,MEX,3rd Year,2024-2028,2024,2401100943@gcekjr.ac.in,6086797191
2401100944,Biswajit Tripathy,Male,Mineral Engineering,MEX,3rd Year,2024-2028,2024,2401100944@gcekjr.ac.in,8450011126
2401100945,Chandrika Pati,Female,Mineral Engineering,MEX,3rd Year,2024-2028,2024,2401100945@gcekjr.ac.in,8099875038
2401100946,Vivekananda Acharya,Male,Mineral Engineering,MEX,3rd Year,2024-2028,2024,2401100946@gcekjr.ac.in,7076653854
2401100947,Bikash Giri,Male,Mineral Engineering,MEX,3rd Year,2024-2028,2024,2401100947@gcekjr.ac.in,8496615610
2401100948,Pratyusha Sahu,Female,Mineral Engineering,MEX,3rd Year,2024-2028,2024,2401100948@gcekjr.ac.in,7532530389
2401100949,Saroj Jena,Male,Mineral Engineering,MEX,3rd Year,2024-2028,2024,2401100949@gcekjr.ac.in,9076886147
2401100950,Pratap Pradhan,Male,Mineral Engineering,MEX,3rd Year,2024-2028,2024,2401100950@gcekjr.ac.in,9747364960
2401100951,Vandana Das,Female,Mineral Engineering,MEX,3rd Year,2024-2028,2024,2401100951@gcekjr.ac.in,8500727997
2401100952,Utkarsh Jena,Male,Mineral Engineering,MEX,3rd Year,2024-2028,2024,2401100952@gcekjr.ac.in,8562647327
2401100953,Itishree Swain,Female,Mineral Engineering,MEX,3rd Year,2024-2028,2024,2401100953@gcekjr.ac.in,8656657156
2401100954,Debasmita Das,Female,Mineral Engineering,MEX,3rd Year,2024-2028,2024,2401100954@gcekjr.ac.in,6855488633
2401100955,Rohit Naik,Male,Mineral Engineering,MEX,3rd Year,2024-2028,2024,2401100955@gcekjr.ac.in,8373740725
2401100956,Debasis Rout,Male,Mineral Engineering,MEX,3rd Year,2024-2028,2024,2401100956@gcekjr.ac.in,8009129134
2401100957,Snigdha Pradhan,Female,Mineral Engineering,MEX,3rd Year,2024-2028,2024,2401100957@gcekjr.ac.in,6970534168
2401100958,Debendra Giri,Male,Mineral Engineering,MEX,3rd Year,2024-2028,2024,2401100958@gcekjr.ac.in,6239281760
2401100959,Nandini Parida,Female,Mineral Engineering,MEX,3rd Year,2024-2028,2024,2401100959@gcekjr.ac.in,9424438599
2401100960,Hemalata Biswal,Female,Mineral Engineering,MEX,3rd Year,2024-2028,2024,2401100960@gcekjr.ac.in,9790422509
2401100961,Trilochan Routray,Male,Mineral Engineering,MEX,3rd Year,2024-2028,2024,2401100961@gcekjr.ac.in,7273862885
2401100962,Sushmita Biswal,Female,Mineral Engineering,MEX,3rd Year,2024-2028,2024,2401100962@gcekjr.ac.in,9750805800
2401100963,Tapaswini Muduli,Female,Mineral Engineering,MEX,3rd Year,2024-2028,2024,2401100963@gcekjr.ac.in,9186082553
2401100964,Chinmayee Senapati,Female,Mineral Engineering,MEX,3rd Year,2024-2028,2024,2401100964@gcekjr.ac.in,8476731279
2401100965,Pradyumna Tripathy,Male,Mineral Engineering,MEX,3rd Year,2024-2028,2024,2401100965@gcekjr.ac.in,7930650848
2401100966,Bhagyashree Senapati,Female,Mineral Engineering,MEX,3rd Year,2024-2028,2024,2401100966@gcekjr.ac.in,6861698022
2401100967,Saroj Acharya,Male,Mineral Engineering,MEX,3rd Year,2024-2028,2024,2401100967@gcekjr.ac.in,6363065297
2401100968,Nandini Mallick,Female,Mineral Engineering,MEX,3rd Year,2024-2028,2024,2401100968@gcekjr.ac.in,9524896174
2401100969,Madhusmita Majhi,Female,Mineral Engineering,MEX,3rd Year,2024-2028,2024,2401100969@gcekjr.ac.in,9773589481
2401100970,Debendra Das,Male,Mineral Engineering,MEX,3rd Year,2024-2028,2024,2401100970@gcekjr.ac.in,8329716442
2401100971,Rohit Pradhan,Male,Mineral Engineering,MEX,3rd Year,2024-2028,2024,2401100971@gcekjr.ac.in,8757864640
2401100972,Utkarsh Jagadev,Male,Mineral Engineering,MEX,3rd Year,2024-2028,2024,2401100972@gcekjr.ac.in,8102630594
2401100973,Trupti Pradhan,Female,Mineral Engineering,MEX,3rd Year,2024-2028,2024,2401100973@gcekjr.ac.in,7328696803
2401100974,Barsha Kar,Female,Mineral Engineering,MEX,3rd Year,2024-2028,2024,2401100974@gcekjr.ac.in,8717295833
2401100975,Himanshu Kar,Male,Mineral Engineering,MEX,3rd Year,2024-2028,2024,2401100975@gcekjr.ac.in,7755382355
2401100976,Girish Parida,Male,Mineral Engineering,MEX,3rd Year,2024-2028,2024,2401100976@gcekjr.ac.in,6057843377
2401100977,Ipsit Tripathy,Male,Mineral Engineering,MEX,3rd Year,2024-2028,2024,2401100977@gcekjr.ac.in,8359988858
2401100978,Esha Pati,Female,Mineral Engineering,MEX,3rd Year,2024-2028,2024,2401100978@gcekjr.ac.in,6379940105
2401100979,Bibhu Nayak,Male,Mineral Engineering,MEX,3rd Year,2024-2028,2024,2401100979@gcekjr.ac.in,9833499947
2401100980,Debasmita Acharya,Female,Mineral Engineering,MEX,3rd Year,2024-2028,2024,2401100980@gcekjr.ac.in,6268017610
2401100981,Lalatendu Kar,Male,Mineral Engineering,MEX,3rd Year,2024-2028,2024,2401100981@gcekjr.ac.in,8941813331
2401100982,Vivekananda Sahoo,Male,Mineral Engineering,MEX,3rd Year,2024-2028,2024,2401100982@gcekjr.ac.in,6120649797
2401100983,Nibedita Senapati,Female,Mineral Engineering,MEX,3rd Year,2024-2028,2024,2401100983@gcekjr.ac.in,6732571769
2401100984,Ipsita Behera,Female,Mineral Engineering,MEX,3rd Year,2024-2028,2024,2401100984@gcekjr.ac.in,9139553979
2401100985,Rajashree Jagadev,Female,Mineral Engineering,MEX,3rd Year,2024-2028,2024,2401100985@gcekjr.ac.in,6681353385
2401100986,Tapaswini Swain,Female,Mineral Engineering,MEX,3rd Year,2024-2028,2024,2401100986@gcekjr.ac.in,8680021654
2401100987,Debasis Parida,Male,Mineral Engineering,MEX,3rd Year,2024-2028,2024,2401100987@gcekjr.ac.in,6149258355
2401100988,Usharani Pati,Female,Mineral Engineering,MEX,3rd Year,2024-2028,2024,2401100988@gcekjr.ac.in,6329243673
2401100989,Bijayalaxmi Swain,Female,Mineral Engineering,MEX,3rd Year,2024-2028,2024,2401100989@gcekjr.ac.in,9048828585
2401100990,Ipsita Routray,Female,Mineral Engineering,MEX,3rd Year,2024-2028,2024,2401100990@gcekjr.ac.in,9628781910
2401100991,Subham Mohanty,Male,Mineral Engineering,MEX,3rd Year,2024-2028,2024,2401100991@gcekjr.ac.in,6790720982
2401100992,Chandrika Bhoi,Female,Mineral Engineering,MEX,3rd Year,2024-2028,2024,2401100992@gcekjr.ac.in,9441235722
2401100993,Deepak Mallick,Male,Mineral Engineering,MEX,3rd Year,2024-2028,2024,2401100993@gcekjr.ac.in,8317560944
2401100994,Nibedita Tripathy,Female,Mineral Engineering,MEX,3rd Year,2024-2028,2024,2401100994@gcekjr.ac.in,6678208621
2401100995,Kedar Kar,Male,Mineral Engineering,MEX,3rd Year,2024-2028,2024,2401100995@gcekjr.ac.in,6997431452
2401100996,Abhishek Hota,Male,Mineral Engineering,MEX,3rd Year,2024-2028,2024,2401100996@gcekjr.ac.in,6949062586
2401100997,Tapan Dash,Male,Mineral Engineering,MEX,3rd Year,2024-2028,2024,2401100997@gcekjr.ac.in,7717841504
2401100998,Ankita Khuntia,Female,Mineral Engineering,MEX,3rd Year,2024-2028,2024,2401100998@gcekjr.ac.in,6659716443
2401100999,Sasmita Majhi,Female,Mineral Engineering,MEX,3rd Year,2024-2028,2024,2401100999@gcekjr.ac.in,8746015157
2401101000,Jyotsna Patnaik,Female,Mineral Engineering,MEX,3rd Year,2024-2028,2024,2401101000@gcekjr.ac.in,6980203105
2401101001,Ankita Jagadev,Female,Mechanical Engineering,ME,3rd Year,2024-2028,2024,2401101001@gcekjr.ac.in,8305543663
2401101002,Vikram Jagadev,Male,Mechanical Engineering,ME,3rd Year,2024-2028,2024,2401101002@gcekjr.ac.in,8460446320
2401101003,Itish Naik,Male,Mechanical Engineering,ME,3rd Year,2024-2028,2024,2401101003@gcekjr.ac.in,7323291918
2401101004,Nabin Behera,Male,Mechanical Engineering,ME,3rd Year,2024-2028,2024,2401101004@gcekjr.ac.in,6115073180
2401101005,Namrata Sethi,Female,Mechanical Engineering,ME,3rd Year,2024-2028,2024,2401101005@gcekjr.ac.in,6660248915
2401101006,Debasis Sahoo,Male,Mechanical Engineering,ME,3rd Year,2024-2028,2024,2401101006@gcekjr.ac.in,6344037839
2401101007,Girish Nayak,Male,Mechanical Engineering,ME,3rd Year,2024-2028,2024,2401101007@gcekjr.ac.in,7228095941
2401101008,Aryan Kar,Male,Mechanical Engineering,ME,3rd Year,2024-2028,2024,2401101008@gcekjr.ac.in,8725633357
2401101009,Chinmay Barik,Male,Mechanical Engineering,ME,3rd Year,2024-2028,2024,2401101009@gcekjr.ac.in,9892508167
2401101010,Biswajit Mohanty,Male,Mechanical Engineering,ME,3rd Year,2024-2028,2024,2401101010@gcekjr.ac.in,7401560636
2401101011,Kartik Swain,Male,Mechanical Engineering,ME,3rd Year,2024-2028,2024,2401101011@gcekjr.ac.in,9419838613
2401101012,Jyotiranjan Tripathy,Male,Mechanical Engineering,ME,3rd Year,2024-2028,2024,2401101012@gcekjr.ac.in,9638630282
2401101013,Lipsa Jena,Female,Mechanical Engineering,ME,3rd Year,2024-2028,2024,2401101013@gcekjr.ac.in,7638986422
2401101014,Pratyusha Jagadev,Female,Mechanical Engineering,ME,3rd Year,2024-2028,2024,2401101014@gcekjr.ac.in,9937737164
2401101015,Sarita Patnaik,Female,Mechanical Engineering,ME,3rd Year,2024-2028,2024,2401101015@gcekjr.ac.in,9103439288
2401101016,Varsha Panda,Female,Mechanical Engineering,ME,3rd Year,2024-2028,2024,2401101016@gcekjr.ac.in,6970489395
2401101017,Amit Giri,Male,Mechanical Engineering,ME,3rd Year,2024-2028,2024,2401101017@gcekjr.ac.in,9068722523
2401101018,Subham Swain,Male,Mechanical Engineering,ME,3rd Year,2024-2028,2024,2401101018@gcekjr.ac.in,6415593803
2401101019,Debjani Dalai,Female,Mechanical Engineering,ME,3rd Year,2024-2028,2024,2401101019@gcekjr.ac.in,9781784386
2401101020,Nandini Sethi,Female,Mechanical Engineering,ME,3rd Year,2024-2028,2024,2401101020@gcekjr.ac.in,7669289628
2401101021,Lalatendu Khuntia,Male,Mechanical Engineering,ME,3rd Year,2024-2028,2024,2401101021@gcekjr.ac.in,8136630023
2401101022,Sagar Senapati,Male,Mechanical Engineering,ME,3rd Year,2024-2028,2024,2401101022@gcekjr.ac.in,8038428520
2401101023,Trupti Jena,Female,Mechanical Engineering,ME,3rd Year,2024-2028,2024,2401101023@gcekjr.ac.in,8115688553
2401101024,Alina Tripathy,Female,Mechanical Engineering,ME,3rd Year,2024-2028,2024,2401101024@gcekjr.ac.in,9487069924
2401101025,Kartik Pradhan,Male,Mechanical Engineering,ME,3rd Year,2024-2028,2024,2401101025@gcekjr.ac.in,6126067496
2401101026,Chandrika Jena,Female,Mechanical Engineering,ME,3rd Year,2024-2028,2024,2401101026@gcekjr.ac.in,9642465061
2401101027,Sasmita Jena,Female,Mechanical Engineering,ME,3rd Year,2024-2028,2024,2401101027@gcekjr.ac.in,8164066369
2401101028,Usharani Dalai,Female,Mechanical Engineering,ME,3rd Year,2024-2028,2024,2401101028@gcekjr.ac.in,7609274171
2401101029,Esha Bhoi,Female,Mechanical Engineering,ME,3rd Year,2024-2028,2024,2401101029@gcekjr.ac.in,7989474368
2401101030,Chinmay Acharya,Male,Mechanical Engineering,ME,3rd Year,2024-2028,2024,2401101030@gcekjr.ac.in,6072358723
2401101031,Tanmayee Rout,Female,Mechanical Engineering,ME,3rd Year,2024-2028,2024,2401101031@gcekjr.ac.in,6602933454
2401101032,Lalatendu Dalai,Male,Mechanical Engineering,ME,3rd Year,2024-2028,2024,2401101032@gcekjr.ac.in,8751351353
2401101033,Pratyusha Senapati,Female,Mechanical Engineering,ME,3rd Year,2024-2028,2024,2401101033@gcekjr.ac.in,6137638787
2401101034,Bhagyashree Mishra,Female,Mechanical Engineering,ME,3rd Year,2024-2028,2024,2401101034@gcekjr.ac.in,7435446048
2401101035,Sarita Giri,Female,Mechanical Engineering,ME,3rd Year,2024-2028,2024,2401101035@gcekjr.ac.in,7481782482
2401101036,Niranjan Samal,Male,Mechanical Engineering,ME,3rd Year,2024-2028,2024,2401101036@gcekjr.ac.in,8158754781
2401101037,Nibedita Mishra,Female,Mechanical Engineering,ME,3rd Year,2024-2028,2024,2401101037@gcekjr.ac.in,6457473515
2401101038,Harekrushna Dash,Male,Mechanical Engineering,ME,3rd Year,2024-2028,2024,2401101038@gcekjr.ac.in,6755822852
2401101039,Namrata Das,Female,Mechanical Engineering,ME,3rd Year,2024-2028,2024,2401101039@gcekjr.ac.in,8508374156
2401101040,Snigdha Mallick,Female,Mechanical Engineering,ME,3rd Year,2024-2028,2024,2401101040@gcekjr.ac.in,7203653449
2401101041,Rohit Dey,Male,Mechanical Engineering,ME,3rd Year,2024-2028,2024,2401101041@gcekjr.ac.in,6194628393
2401101042,Chinmay Mishra,Male,Mechanical Engineering,ME,3rd Year,2024-2028,2024,2401101042@gcekjr.ac.in,6469289673
2401101043,Vivekananda Senapati,Male,Mechanical Engineering,ME,3rd Year,2024-2028,2024,2401101043@gcekjr.ac.in,9342464460
2401101044,Elina Panda,Female,Mechanical Engineering,ME,3rd Year,2024-2028,2024,2401101044@gcekjr.ac.in,6352091020
2401101045,Himanshu Palei,Male,Mechanical Engineering,ME,3rd Year,2024-2028,2024,2401101045@gcekjr.ac.in,6759060738
2401101046,Abhishek Hota,Male,Mechanical Engineering,ME,3rd Year,2024-2028,2024,2401101046@gcekjr.ac.in,9773270743
2401101047,Saroj Muduli,Male,Mechanical Engineering,ME,3rd Year,2024-2028,2024,2401101047@gcekjr.ac.in,6048489927
2401101048,Abhishek Majhi,Male,Mechanical Engineering,ME,3rd Year,2024-2028,2024,2401101048@gcekjr.ac.in,8343320370
2401101049,Manas Palei,Male,Mechanical Engineering,ME,3rd Year,2024-2028,2024,2401101049@gcekjr.ac.in,8353821883
2401101050,Yash Kar,Male,Mechanical Engineering,ME,3rd Year,2024-2028,2024,2401101050@gcekjr.ac.in,7139800035
2401101051,Debendra Das,Male,Mechanical Engineering,ME,3rd Year,2024-2028,2024,2401101051@gcekjr.ac.in,9627003816
2401101052,Ipsita Tripathy,Female,Mechanical Engineering,ME,3rd Year,2024-2028,2024,2401101052@gcekjr.ac.in,6999290441
2401101053,Hemant Jagadev,Male,Mechanical Engineering,ME,3rd Year,2024-2028,2024,2401101053@gcekjr.ac.in,8988502587
2401101054,Om Prava Maharana,Female,Mechanical Engineering,ME,3rd Year,2024-2028,2024,2401101054@gcekjr.ac.in,6366732378
2401101055,Mantu Pati,Male,Mechanical Engineering,ME,3rd Year,2024-2028,2024,2401101055@gcekjr.ac.in,8629172998
2401101056,Yashaswini Das,Female,Mechanical Engineering,ME,3rd Year,2024-2028,2024,2401101056@gcekjr.ac.in,6347682316
2401101057,Lopamudra Naik,Female,Mechanical Engineering,ME,3rd Year,2024-2028,2024,2401101057@gcekjr.ac.in,8403177789
2401101058,Rashmita Mallick,Female,Mechanical Engineering,ME,3rd Year,2024-2028,2024,2401101058@gcekjr.ac.in,9010557004
2401101059,Trupti Rout,Female,Mechanical Engineering,ME,3rd Year,2024-2028,2024,2401101059@gcekjr.ac.in,8738061196
2401101060,Manas Khuntia,Male,Mechanical Engineering,ME,3rd Year,2024-2028,2024,2401101060@gcekjr.ac.in,6244308547
2401101061,Nibedita Biswal,Female,Mechanical Engineering,ME,3rd Year,2024-2028,2024,2401101061@gcekjr.ac.in,9962864355
2401101062,Chandrika Acharya,Female,Mechanical Engineering,ME,3rd Year,2024-2028,2024,2401101062@gcekjr.ac.in,7234241347
2401101063,Ashutosh Behera,Male,Mechanical Engineering,ME,3rd Year,2024-2028,2024,2401101063@gcekjr.ac.in,8298223447
2401101064,Saroj Acharya,Male,Mechanical Engineering,ME,3rd Year,2024-2028,2024,2401101064@gcekjr.ac.in,8185575482
2401101065,Sasmita Majhi,Female,Mechanical Engineering,ME,3rd Year,2024-2028,2024,2401101065@gcekjr.ac.in,8606852764
2401101066,Snigdha Subudhi,Female,Mechanical Engineering,ME,3rd Year,2024-2028,2024,2401101066@gcekjr.ac.in,9955694497
2401101067,Gyana Bhoi,Male,Mechanical Engineering,ME,3rd Year,2024-2028,2024,2401101067@gcekjr.ac.in,7412214879
2401101068,Esha Tripathy,Female,Mechanical Engineering,ME,3rd Year,2024-2028,2024,2401101068@gcekjr.ac.in,8128645140
2401101069,Gayatri Sethi,Female,Mechanical Engineering,ME,3rd Year,2024-2028,2024,2401101069@gcekjr.ac.in,7717107318
2401101070,Saroj Parida,Male,Mechanical Engineering,ME,3rd Year,2024-2028,2024,2401101070@gcekjr.ac.in,8922217755
2401101071,Jyotsna Behera,Female,Mechanical Engineering,ME,3rd Year,2024-2028,2024,2401101071@gcekjr.ac.in,7135685361
2401101072,Varsha Behera,Female,Mechanical Engineering,ME,3rd Year,2024-2028,2024,2401101072@gcekjr.ac.in,7002608739
2401101073,Pradyumna Patnaik,Male,Mechanical Engineering,ME,3rd Year,2024-2028,2024,2401101073@gcekjr.ac.in,8844741128
2401101074,Nabin Rout,Male,Mechanical Engineering,ME,3rd Year,2024-2028,2024,2401101074@gcekjr.ac.in,7289409624
2401101075,Tapan Palei,Male,Mechanical Engineering,ME,3rd Year,2024-2028,2024,2401101075@gcekjr.ac.in,8417633967
2401101076,Sagar Panda,Male,Mechanical Engineering,ME,3rd Year,2024-2028,2024,2401101076@gcekjr.ac.in,6964280329
2401101077,Debasis Swain,Male,Mechanical Engineering,ME,3rd Year,2024-2028,2024,2401101077@gcekjr.ac.in,8793743352
2401101078,Sasmita Khuntia,Female,Mechanical Engineering,ME,3rd Year,2024-2028,2024,2401101078@gcekjr.ac.in,7229851660
2401101079,Nibedita Sahoo,Female,Mechanical Engineering,ME,3rd Year,2024-2028,2024,2401101079@gcekjr.ac.in,6400253026
2401101080,Subham Majhi,Male,Mechanical Engineering,ME,3rd Year,2024-2028,2024,2401101080@gcekjr.ac.in,9167359124
2401101081,Snigdha Jagadev,Female,Mechanical Engineering,ME,3rd Year,2024-2028,2024,2401101081@gcekjr.ac.in,7598492840
2401101082,Tapan Khuntia,Male,Mechanical Engineering,ME,3rd Year,2024-2028,2024,2401101082@gcekjr.ac.in,8586828994
2401101083,Debasmita Biswal,Female,Mechanical Engineering,ME,3rd Year,2024-2028,2024,2401101083@gcekjr.ac.in,7159791129
2401101084,Debendra Pati,Male,Mechanical Engineering,ME,3rd Year,2024-2028,2024,2401101084@gcekjr.ac.in,8652215822
2401101085,Subham Giri,Male,Mechanical Engineering,ME,3rd Year,2024-2028,2024,2401101085@gcekjr.ac.in,6002010443
2401101086,Pratap Sahoo,Male,Mechanical Engineering,ME,3rd Year,2024-2028,2024,2401101086@gcekjr.ac.in,6730385017
2401101087,Deepak Rout,Male,Mechanical Engineering,ME,3rd Year,2024-2028,2024,2401101087@gcekjr.ac.in,6829397872
2401101088,Gyana Barik,Male,Mechanical Engineering,ME,3rd Year,2024-2028,2024,2401101088@gcekjr.ac.in,7905568948
2401101089,Nabin Parida,Male,Mechanical Engineering,ME,3rd Year,2024-2028,2024,2401101089@gcekjr.ac.in,6830924640
2401101090,Anita Mohanty,Female,Mechanical Engineering,ME,3rd Year,2024-2028,2024,2401101090@gcekjr.ac.in,9498662179
2401101091,Sushmita Pati,Female,Mechanical Engineering,ME,3rd Year,2024-2028,2024,2401101091@gcekjr.ac.in,9496754316
2401101092,Gyana Routray,Male,Mechanical Engineering,ME,3rd Year,2024-2028,2024,2401101092@gcekjr.ac.in,7370500109
2401101093,Upasana Parida,Female,Mechanical Engineering,ME,3rd Year,2024-2028,2024,2401101093@gcekjr.ac.in,8798936827
2401101094,Gaurav Pati,Male,Mechanical Engineering,ME,3rd Year,2024-2028,2024,2401101094@gcekjr.ac.in,8688207630
2401101095,Gitanjali Jena,Female,Mechanical Engineering,ME,3rd Year,2024-2028,2024,2401101095@gcekjr.ac.in,9692285429
2401101096,Sagar Swain,Male,Mechanical Engineering,ME,3rd Year,2024-2028,2024,2401101096@gcekjr.ac.in,7116798868
2401101097,Monalisa Sahu,Female,Mechanical Engineering,ME,3rd Year,2024-2028,2024,2401101097@gcekjr.ac.in,7789484093
2401101098,Rajesh Jagadev,Male,Mechanical Engineering,ME,3rd Year,2024-2028,2024,2401101098@gcekjr.ac.in,8457213008
2401101099,Dibyajyoti Hota,Male,Mechanical Engineering,ME,3rd Year,2024-2028,2024,2401101099@gcekjr.ac.in,8151198881
2401101100,Rakesh Sahoo,Male,Mechanical Engineering,ME,3rd Year,2024-2028,2024,2401101100@gcekjr.ac.in,8308137186
2401101101,Girish Bhoi,Male,Mechanical Engineering,ME,3rd Year,2024-2028,2024,2401101101@gcekjr.ac.in,9920537351
2401101102,Snigdha Muduli,Female,Mechanical Engineering,ME,3rd Year,2024-2028,2024,2401101102@gcekjr.ac.in,6832068860
2401101103,Lokanath Swain,Male,Mechanical Engineering,ME,3rd Year,2024-2028,2024,2401101103@gcekjr.ac.in,9249006672
2401101104,Lipsa Jena,Female,Mechanical Engineering,ME,3rd Year,2024-2028,2024,2401101104@gcekjr.ac.in,8552869369
2401101105,Gitanjali Maharana,Female,Mechanical Engineering,ME,3rd Year,2024-2028,2024,2401101105@gcekjr.ac.in,6312990003
2401101106,Kedar Kar,Male,Mechanical Engineering,ME,3rd Year,2024-2028,2024,2401101106@gcekjr.ac.in,9956975392
2401101107,Itish Sahu,Male,Mechanical Engineering,ME,3rd Year,2024-2028,2024,2401101107@gcekjr.ac.in,9549262499
2401101108,Hemant Biswal,Male,Mechanical Engineering,ME,3rd Year,2024-2028,2024,2401101108@gcekjr.ac.in,8657042532
2401101109,Ujjwal Khuntia,Male,Mechanical Engineering,ME,3rd Year,2024-2028,2024,2401101109@gcekjr.ac.in,7181548394
2401101110,Chinmay Muduli,Male,Mechanical Engineering,ME,3rd Year,2024-2028,2024,2401101110@gcekjr.ac.in,9123107122
2401101111,Jitendra Mishra,Male,Mechanical Engineering,ME,3rd Year,2024-2028,2024,2401101111@gcekjr.ac.in,9002591558
2401101112,Himanshu Barik,Male,Mechanical Engineering,ME,3rd Year,2024-2028,2024,2401101112@gcekjr.ac.in,9186928945
2401101113,Tapaswini Swain,Female,Mechanical Engineering,ME,3rd Year,2024-2028,2024,2401101113@gcekjr.ac.in,7338293668
2401101114,Yashaswini Das,Female,Mechanical Engineering,ME,3rd Year,2024-2028,2024,2401101114@gcekjr.ac.in,8940999434
2401101115,Nandini Muduli,Female,Mechanical Engineering,ME,3rd Year,2024-2028,2024,2401101115@gcekjr.ac.in,9999243449
2401101116,Pratyusha Routray,Female,Mechanical Engineering,ME,3rd Year,2024-2028,2024,2401101116@gcekjr.ac.in,8949436540
2401101117,Himanshu Majhi,Male,Mechanical Engineering,ME,3rd Year,2024-2028,2024,2401101117@gcekjr.ac.in,8711630500
2401101118,Bhagyashree Das,Female,Mechanical Engineering,ME,3rd Year,2024-2028,2024,2401101118@gcekjr.ac.in,6343271747
2401101119,Rashmita Hota,Female,Mechanical Engineering,ME,3rd Year,2024-2028,2024,2401101119@gcekjr.ac.in,6955332632
2401101120,Biswajit Senapati,Male,Mechanical Engineering,ME,3rd Year,2024-2028,2024,2401101120@gcekjr.ac.in,9069888295
2401101121,Elina Pradhan,Female,Mechanical Engineering,ME,3rd Year,2024-2028,2024,2401101121@gcekjr.ac.in,9971463500
2401101122,Himanshu Sethi,Male,Mechanical Engineering,ME,3rd Year,2024-2028,2024,2401101122@gcekjr.ac.in,9315529149
2401101123,Jagannath Mohanty,Male,Mechanical Engineering,ME,3rd Year,2024-2028,2024,2401101123@gcekjr.ac.in,6059075642
2401101124,Gitanjali Mallick,Female,Mechanical Engineering,ME,3rd Year,2024-2028,2024,2401101124@gcekjr.ac.in,6630702264
2401101125,Himanshu Panda,Male,Mechanical Engineering,ME,3rd Year,2024-2028,2024,2401101125@gcekjr.ac.in,7675744947
2401101126,Barsha Senapati,Female,Mechanical Engineering,ME,3rd Year,2024-2028,2024,2401101126@gcekjr.ac.in,9460267005
2401101127,Debasis Das,Male,Mechanical Engineering,ME,3rd Year,2024-2028,2024,2401101127@gcekjr.ac.in,9344127824
2401101128,Vikram Maharana,Male,Mechanical Engineering,ME,3rd Year,2024-2028,2024,2401101128@gcekjr.ac.in,6510367365
2401101129,Om Muduli,Male,Mechanical Engineering,ME,3rd Year,2024-2028,2024,2401101129@gcekjr.ac.in,9875039777
2401101130,Namrata Sahu,Female,Mechanical Engineering,ME,3rd Year,2024-2028,2024,2401101130@gcekjr.ac.in,8864545778
2401101131,Amit Naik,Male,Mechanical Engineering,ME,3rd Year,2024-2028,2024,2401101131@gcekjr.ac.in,6177199669
2401101132,Elina Sahoo,Female,Mechanical Engineering,ME,3rd Year,2024-2028,2024,2401101132@gcekjr.ac.in,6190940780
2401101133,Bijayalaxmi Pradhan,Female,Mechanical Engineering,ME,3rd Year,2024-2028,2024,2401101133@gcekjr.ac.in,9176189835
2401101134,Ankita Mallick,Female,Mechanical Engineering,ME,3rd Year,2024-2028,2024,2401101134@gcekjr.ac.in,8851405590
2401101135,Usharani Samal,Female,Mechanical Engineering,ME,3rd Year,2024-2028,2024,2401101135@gcekjr.ac.in,9023016694
2401101136,Itish Patnaik,Male,Mechanical Engineering,ME,3rd Year,2024-2028,2024,2401101136@gcekjr.ac.in,7329414244
2401101137,Gyana Barik,Male,Mechanical Engineering,ME,3rd Year,2024-2028,2024,2401101137@gcekjr.ac.in,7736606990
2401101138,Mantu Patnaik,Male,Mechanical Engineering,ME,3rd Year,2024-2028,2024,2401101138@gcekjr.ac.in,9039271930
2401101139,Saroj Dalai,Male,Mechanical Engineering,ME,3rd Year,2024-2028,2024,2401101139@gcekjr.ac.in,9168827453
2401101140,Nabin Pradhan,Male,Mechanical Engineering,ME,3rd Year,2024-2028,2024,2401101140@gcekjr.ac.in,8456506418
2401101141,Trilochan Acharya,Male,Mechanical Engineering,ME,3rd Year,2024-2028,2024,2401101141@gcekjr.ac.in,6058349144
2401101142,Bhagyashree Naik,Female,Mechanical Engineering,ME,3rd Year,2024-2028,2024,2401101142@gcekjr.ac.in,8717691764
2401101143,Harekrushna Swain,Male,Mechanical Engineering,ME,3rd Year,2024-2028,2024,2401101143@gcekjr.ac.in,7822512372
2401101144,Ankit Nayak,Male,Mechanical Engineering,ME,3rd Year,2024-2028,2024,2401101144@gcekjr.ac.in,8998889080
2401101145,Ipsita Routray,Female,Mechanical Engineering,ME,3rd Year,2024-2028,2024,2401101145@gcekjr.ac.in,8781759118
2401101146,Pradyumna Samal,Male,Mechanical Engineering,ME,3rd Year,2024-2028,2024,2401101146@gcekjr.ac.in,6383001026
2401101147,Ipsita Bhoi,Female,Mechanical Engineering,ME,3rd Year,2024-2028,2024,2401101147@gcekjr.ac.in,7678718403
2401101148,Harekrushna Mallick,Male,Mechanical Engineering,ME,3rd Year,2024-2028,2024,2401101148@gcekjr.ac.in,7150858114
2401101149,Vivekananda Sahoo,Male,Mechanical Engineering,ME,3rd Year,2024-2028,2024,2401101149@gcekjr.ac.in,7127550813
2401101150,Jyotsna Rout,Female,Mechanical Engineering,ME,3rd Year,2024-2028,2024,2401101150@gcekjr.ac.in,6375202705
2401101151,Niranjan Barik,Male,Mechanical Engineering,ME,3rd Year,2024-2028,2024,2401101151@gcekjr.ac.in,6406853278
2401101152,Namrata Mohanty,Female,Mechanical Engineering,ME,3rd Year,2024-2028,2024,2401101152@gcekjr.ac.in,6504301226
2401101153,Harekrushna Jena,Male,Mechanical Engineering,ME,3rd Year,2024-2028,2024,2401101153@gcekjr.ac.in,8637486705
2401101154,Pratyusha Mohanty,Female,Mechanical Engineering,ME,3rd Year,2024-2028,2024,2401101154@gcekjr.ac.in,8469336874
2401101155,Kanchan Jena,Female,Mechanical Engineering,ME,3rd Year,2024-2028,2024,2401101155@gcekjr.ac.in,8174048379
2401101156,Lokanath Pati,Male,Mechanical Engineering,ME,3rd Year,2024-2028,2024,2401101156@gcekjr.ac.in,8420001839
2401101157,Gaurav Naik,Male,Mechanical Engineering,ME,3rd Year,2024-2028,2024,2401101157@gcekjr.ac.in,9033110956
2401101158,Lopamudra Palei,Female,Mechanical Engineering,ME,3rd Year,2024-2028,2024,2401101158@gcekjr.ac.in,8179238383
2401101159,Chandan Pati,Male,Mechanical Engineering,ME,3rd Year,2024-2028,2024,2401101159@gcekjr.ac.in,7432203644
2401101160,Bikash Biswal,Male,Mechanical Engineering,ME,3rd Year,2024-2028,2024,2401101160@gcekjr.ac.in,9259728944
2401101161,Pradyumna Rout,Male,Mechanical Engineering,ME,3rd Year,2024-2028,2024,2401101161@gcekjr.ac.in,6853008036
2401101162,Lipsa Swain,Female,Mechanical Engineering,ME,3rd Year,2024-2028,2024,2401101162@gcekjr.ac.in,9341011432
2401101163,Subham Kar,Male,Mechanical Engineering,ME,3rd Year,2024-2028,2024,2401101163@gcekjr.ac.in,9233808257
2401101164,Gyana Dash,Male,Mechanical Engineering,ME,3rd Year,2024-2028,2024,2401101164@gcekjr.ac.in,8934876681
2401101165,Debasmita Panda,Female,Mechanical Engineering,ME,3rd Year,2024-2028,2024,2401101165@gcekjr.ac.in,9161435660
2401101166,Sarita Dey,Female,Mechanical Engineering,ME,3rd Year,2024-2028,2024,2401101166@gcekjr.ac.in,7372021750
2401101167,Tapaswini Jena,Female,Mechanical Engineering,ME,3rd Year,2024-2028,2024,2401101167@gcekjr.ac.in,9801260263
2401101168,Chinmayee Bhoi,Female,Mechanical Engineering,ME,3rd Year,2024-2028,2024,2401101168@gcekjr.ac.in,6219610221
2401101169,Pratap Pati,Male,Mechanical Engineering,ME,3rd Year,2024-2028,2024,2401101169@gcekjr.ac.in,7129813000
2401101170,Lopamudra Sahu,Female,Mechanical Engineering,ME,3rd Year,2024-2028,2024,2401101170@gcekjr.ac.in,6047517999
2401101171,Trilochan Senapati,Male,Mechanical Engineering,ME,3rd Year,2024-2028,2024,2401101171@gcekjr.ac.in,9620978434
2401101172,Nibedita Dey,Female,Mechanical Engineering,ME,3rd Year,2024-2028,2024,2401101172@gcekjr.ac.in,8217911880
2401101173,Pratap Tripathy,Male,Mechanical Engineering,ME,3rd Year,2024-2028,2024,2401101173@gcekjr.ac.in,9720881134
2401101174,Ipsita Giri,Female,Mechanical Engineering,ME,3rd Year,2024-2028,2024,2401101174@gcekjr.ac.in,7943861019
2401101175,Ashutosh Acharya,Male,Mechanical Engineering,ME,3rd Year,2024-2028,2024,2401101175@gcekjr.ac.in,8948299419
2401101176,Rashmita Acharya,Female,Mechanical Engineering,ME,3rd Year,2024-2028,2024,2401101176@gcekjr.ac.in,6238607471
2401101177,Upasana Behera,Female,Mechanical Engineering,ME,3rd Year,2024-2028,2024,2401101177@gcekjr.ac.in,8744068147
2401101178,Elina Das,Female,Mechanical Engineering,ME,3rd Year,2024-2028,2024,2401101178@gcekjr.ac.in,7195188040
2401101179,Lalatendu Palei,Male,Mechanical Engineering,ME,3rd Year,2024-2028,2024,2401101179@gcekjr.ac.in,7028864921
2401101180,Jagannath Hota,Male,Mechanical Engineering,ME,3rd Year,2024-2028,2024,2401101180@gcekjr.ac.in,6835157457
2401101181,Jyotsna Tripathy,Female,Mechanical Engineering,ME,3rd Year,2024-2028,2024,2401101181@gcekjr.ac.in,9398105692
2401101182,Bibhu Panda,Male,Mechanical Engineering,ME,3rd Year,2024-2028,2024,2401101182@gcekjr.ac.in,6535876233
2401101183,Alina Rout,Female,Mechanical Engineering,ME,3rd Year,2024-2028,2024,2401101183@gcekjr.ac.in,6494816290
2401101184,Lokanath Patnaik,Male,Mechanical Engineering,ME,3rd Year,2024-2028,2024,2401101184@gcekjr.ac.in,8080490791
2401101185,Jagannath Subudhi,Male,Mechanical Engineering,ME,3rd Year,2024-2028,2024,2401101185@gcekjr.ac.in,9013092799
2401101186,Tanmayee Das,Female,Mechanical Engineering,ME,3rd Year,2024-2028,2024,2401101186@gcekjr.ac.in,8964332044
2401101187,Bikash Panda,Male,Mechanical Engineering,ME,3rd Year,2024-2028,2024,2401101187@gcekjr.ac.in,6688962878
2401101188,Utkarsh Senapati,Male,Mechanical Engineering,ME,3rd Year,2024-2028,2024,2401101188@gcekjr.ac.in,9833764351
2401101189,Harekrushna Routray,Male,Mechanical Engineering,ME,3rd Year,2024-2028,2024,2401101189@gcekjr.ac.in,6169943888
2401101190,Snigdha Das,Female,Mechanical Engineering,ME,3rd Year,2024-2028,2024,2401101190@gcekjr.ac.in,7621942538
2401101191,Chinmayee Swain,Female,Mechanical Engineering,ME,3rd Year,2024-2028,2024,2401101191@gcekjr.ac.in,6147032997
2401101192,Pratap Rout,Male,Mechanical Engineering,ME,3rd Year,2024-2028,2024,2401101192@gcekjr.ac.in,8394423569
2401101193,Harapriya Kar,Female,Mechanical Engineering,ME,3rd Year,2024-2028,2024,2401101193@gcekjr.ac.in,9449924278
2401101194,Hemalata Patnaik,Female,Mechanical Engineering,ME,3rd Year,2024-2028,2024,2401101194@gcekjr.ac.in,6705899060
2401101195,Gaurav Mohanty,Male,Mechanical Engineering,ME,3rd Year,2024-2028,2024,2401101195@gcekjr.ac.in,8877675800
2401101196,Swagatika Naik,Female,Mechanical Engineering,ME,3rd Year,2024-2028,2024,2401101196@gcekjr.ac.in,9224772911
2401101197,Rajashree Routray,Female,Mechanical Engineering,ME,3rd Year,2024-2028,2024,2401101197@gcekjr.ac.in,8397921843
2401101198,Yash Sahoo,Male,Mechanical Engineering,ME,3rd Year,2024-2028,2024,2401101198@gcekjr.ac.in,6903028565
2401101199,Ujjwal Majhi,Male,Mechanical Engineering,ME,3rd Year,2024-2028,2024,2401101199@gcekjr.ac.in,7902651035
2401101200,Bhagyashree Subudhi,Female,Mechanical Engineering,ME,3rd Year,2024-2028,2024,2401101200@gcekjr.ac.in,6255655187
2401101201,Biswajit Rout,Male,Mechanical Engineering,ME,3rd Year,2024-2028,2024,2401101201@gcekjr.ac.in,9375374906
2401101202,Kartik Samal,Male,Mechanical Engineering,ME,3rd Year,2024-2028,2024,2401101202@gcekjr.ac.in,7313154261
2401101203,Trilochan Dalai,Male,Mechanical Engineering,ME,3rd Year,2024-2028,2024,2401101203@gcekjr.ac.in,6999545167
2401101204,Jyotsna Subudhi,Female,Mechanical Engineering,ME,3rd Year,2024-2028,2024,2401101204@gcekjr.ac.in,9071583722
2401101205,Vikram Patnaik,Male,Mechanical Engineering,ME,3rd Year,2024-2028,2024,2401101205@gcekjr.ac.in,7346984702
2401101206,Gyana Sethi,Male,Mechanical Engineering,ME,3rd Year,2024-2028,2024,2401101206@gcekjr.ac.in,9988370541
2401101207,Manisha Majhi,Female,Mechanical Engineering,ME,3rd Year,2024-2028,2024,2401101207@gcekjr.ac.in,8239904311
2401101208,Biswajit Majhi,Male,Mechanical Engineering,ME,3rd Year,2024-2028,2024,2401101208@gcekjr.ac.in,8289957017
2401101209,Bikash Bhoi,Male,Mechanical Engineering,ME,3rd Year,2024-2028,2024,2401101209@gcekjr.ac.in,9463778487
2401101210,Kedar Panda,Male,Mechanical Engineering,ME,3rd Year,2024-2028,2024,2401101210@gcekjr.ac.in,6219711599
2401101211,Abhishek Muduli,Male,Mechanical Engineering,ME,3rd Year,2024-2028,2024,2401101211@gcekjr.ac.in,7462282706
2401101212,Alina Samal,Female,Mechanical Engineering,ME,3rd Year,2024-2028,2024,2401101212@gcekjr.ac.in,8703279427
2401101213,Debasmita Dalai,Female,Mechanical Engineering,ME,3rd Year,2024-2028,2024,2401101213@gcekjr.ac.in,9775782153
2401101214,Rakesh Sahoo,Male,Mechanical Engineering,ME,3rd Year,2024-2028,2024,2401101214@gcekjr.ac.in,9357508958
2401101215,Debjani Pradhan,Female,Mechanical Engineering,ME,3rd Year,2024-2028,2024,2401101215@gcekjr.ac.in,8584957054
2401101216,Trupti Das,Female,Mechanical Engineering,ME,3rd Year,2024-2028,2024,2401101216@gcekjr.ac.in,9014053926
2401101217,Jagruti Pati,Female,Mechanical Engineering,ME,3rd Year,2024-2028,2024,2401101217@gcekjr.ac.in,7694898727
2401101218,Monalisa Senapati,Female,Mechanical Engineering,ME,3rd Year,2024-2028,2024,2401101218@gcekjr.ac.in,9301126586
2401101219,Lalatendu Barik,Male,Mechanical Engineering,ME,3rd Year,2024-2028,2024,2401101219@gcekjr.ac.in,6926944178
2401101220,Jitendra Tripathy,Male,Mechanical Engineering,ME,3rd Year,2024-2028,2024,2401101220@gcekjr.ac.in,8275796183
2401101221,Alina Parida,Female,Mechanical Engineering,ME,3rd Year,2024-2028,2024,2401101221@gcekjr.ac.in,8794965386
2401101222,Bijayalaxmi Khuntia,Female,Mechanical Engineering,ME,3rd Year,2024-2028,2024,2401101222@gcekjr.ac.in,6675293280
2401101223,Pradyumna Biswal,Male,Mechanical Engineering,ME,3rd Year,2024-2028,2024,2401101223@gcekjr.ac.in,8368941427
2401101224,Rashmita Sahoo,Female,Mechanical Engineering,ME,3rd Year,2024-2028,2024,2401101224@gcekjr.ac.in,6567433908
2401101225,Manas Pati,Male,Mechanical Engineering,ME,3rd Year,2024-2028,2024,2401101225@gcekjr.ac.in,7574380925
2401101226,Mantu Jena,Male,Mechanical Engineering,ME,3rd Year,2024-2028,2024,2401101226@gcekjr.ac.in,7511465873
2401101227,Tapaswini Panda,Female,Mechanical Engineering,ME,3rd Year,2024-2028,2024,2401101227@gcekjr.ac.in,9223263706
2401101228,Trupti Acharya,Female,Mechanical Engineering,ME,3rd Year,2024-2028,2024,2401101228@gcekjr.ac.in,7294736460
2401101229,Nandini Hota,Female,Mechanical Engineering,ME,3rd Year,2024-2028,2024,2401101229@gcekjr.ac.in,9409083823
2401101230,Pratyusha Khuntia,Female,Mechanical Engineering,ME,3rd Year,2024-2028,2024,2401101230@gcekjr.ac.in,7047104980
2401101231,Namrata Barik,Female,Mechanical Engineering,ME,3rd Year,2024-2028,2024,2401101231@gcekjr.ac.in,9522642750
2401101232,Aryan Samal,Male,Mechanical Engineering,ME,3rd Year,2024-2028,2024,2401101232@gcekjr.ac.in,9273606636
2401101233,Rajashree Jagadev,Female,Mechanical Engineering,ME,3rd Year,2024-2028,2024,2401101233@gcekjr.ac.in,8932864839
2401101234,Nandini Biswal,Female,Mechanical Engineering,ME,3rd Year,2024-2028,2024,2401101234@gcekjr.ac.in,9607823539
2401101235,Sagar Bhoi,Male,Mechanical Engineering,ME,3rd Year,2024-2028,2024,2401101235@gcekjr.ac.in,8354614105
2401101236,Vivekananda Acharya,Male,Mechanical Engineering,ME,3rd Year,2024-2028,2024,2401101236@gcekjr.ac.in,6906915984
2401101237,Manas Senapati,Male,Mechanical Engineering,ME,3rd Year,2024-2028,2024,2401101237@gcekjr.ac.in,8523831554
2401101238,Saroj Senapati,Male,Mechanical Engineering,ME,3rd Year,2024-2028,2024,2401101238@gcekjr.ac.in,7080131289
2401101239,Jyotiranjan Samal,Male,Mechanical Engineering,ME,3rd Year,2024-2028,2024,2401101239@gcekjr.ac.in,8650232292
2401101240,Kedar Swain,Male,Mechanical Engineering,ME,3rd Year,2024-2028,2024,2401101240@gcekjr.ac.in,6550250741
2401101241,Itish Nayak,Male,Mechanical Engineering,ME,3rd Year,2024-2028,2024,2401101241@gcekjr.ac.in,7912770475
2401101242,Trupti Dey,Female,Mechanical Engineering,ME,3rd Year,2024-2028,2024,2401101242@gcekjr.ac.in,8101212618
2401101243,Priyanka Palei,Female,Mechanical Engineering,ME,3rd Year,2024-2028,2024,2401101243@gcekjr.ac.in,6148936310
2401101244,Priyanka Muduli,Female,Mechanical Engineering,ME,3rd Year,2024-2028,2024,2401101244@gcekjr.ac.in,9358248090
2401101245,Namrata Sethi,Female,Mechanical Engineering,ME,3rd Year,2024-2028,2024,2401101245@gcekjr.ac.in,9158228143
2401101246,Rajesh Muduli,Male,Mechanical Engineering,ME,3rd Year,2024-2028,2024,2401101246@gcekjr.ac.in,7384057443
2401101247,Sasmita Pati,Female,Mechanical Engineering,ME,3rd Year,2024-2028,2024,2401101247@gcekjr.ac.in,7849282878
2401101248,Kanchan Tripathy,Female,Mechanical Engineering,ME,3rd Year,2024-2028,2024,2401101248@gcekjr.ac.in,7958830863
2401101249,Ujjwal Khuntia,Male,Mechanical Engineering,ME,3rd Year,2024-2028,2024,2401101249@gcekjr.ac.in,7599730743
2401101250,Gaurav Senapati,Male,Mechanical Engineering,ME,3rd Year,2024-2028,2024,2401101250@gcekjr.ac.in,7201719368
2401101251,Monalisa Dash,Female,Civil Engineering,CE,3rd Year,2024-2028,2024,2401101251@gcekjr.ac.in,9108834211
2401101252,Biswajit Dey,Male,Civil Engineering,CE,3rd Year,2024-2028,2024,2401101252@gcekjr.ac.in,7758901295
2401101253,Lopamudra Das,Female,Civil Engineering,CE,3rd Year,2024-2028,2024,2401101253@gcekjr.ac.in,6640205726
2401101254,Bijayalaxmi Das,Female,Civil Engineering,CE,3rd Year,2024-2028,2024,2401101254@gcekjr.ac.in,8612724471
2401101255,Bijayalaxmi Dey,Female,Civil Engineering,CE,3rd Year,2024-2028,2024,2401101255@gcekjr.ac.in,8820407700
2401101256,Gayatri Nayak,Female,Civil Engineering,CE,3rd Year,2024-2028,2024,2401101256@gcekjr.ac.in,6145207210
2401101257,Rajashree Behera,Female,Civil Engineering,CE,3rd Year,2024-2028,2024,2401101257@gcekjr.ac.in,6398880997
2401101258,Trupti Senapati,Female,Civil Engineering,CE,3rd Year,2024-2028,2024,2401101258@gcekjr.ac.in,6966699100
2401101259,Abhishek Parida,Male,Civil Engineering,CE,3rd Year,2024-2028,2024,2401101259@gcekjr.ac.in,6011111092
2401101260,Subham Mishra,Male,Civil Engineering,CE,3rd Year,2024-2028,2024,2401101260@gcekjr.ac.in,8797612396
2401101261,Subham Sahoo,Male,Civil Engineering,CE,3rd Year,2024-2028,2024,2401101261@gcekjr.ac.in,8869146636
2401101262,Hemant Giri,Male,Civil Engineering,CE,3rd Year,2024-2028,2024,2401101262@gcekjr.ac.in,6002259553
2401101263,Pragyan Nayak,Female,Civil Engineering,CE,3rd Year,2024-2028,2024,2401101263@gcekjr.ac.in,6337221003
2401101264,Rajashree Jagadev,Female,Civil Engineering,CE,3rd Year,2024-2028,2024,2401101264@gcekjr.ac.in,9934053037
2401101265,Bhagyashree Barik,Female,Civil Engineering,CE,3rd Year,2024-2028,2024,2401101265@gcekjr.ac.in,6671331575
2401101266,Monalisa Dalai,Female,Civil Engineering,CE,3rd Year,2024-2028,2024,2401101266@gcekjr.ac.in,9789004734
2401101267,Bibhu Barik,Male,Civil Engineering,CE,3rd Year,2024-2028,2024,2401101267@gcekjr.ac.in,6872807405
2401101268,Chandan Panda,Male,Civil Engineering,CE,3rd Year,2024-2028,2024,2401101268@gcekjr.ac.in,6028185992
2401101269,Jyotsna Mallick,Female,Civil Engineering,CE,3rd Year,2024-2028,2024,2401101269@gcekjr.ac.in,8781812860
2401101270,Lalatendu Palei,Male,Civil Engineering,CE,3rd Year,2024-2028,2024,2401101270@gcekjr.ac.in,7920739062
2401101271,Eshan Behera,Male,Civil Engineering,CE,3rd Year,2024-2028,2024,2401101271@gcekjr.ac.in,7516755738
2401101272,Saroj Naik,Male,Civil Engineering,CE,3rd Year,2024-2028,2024,2401101272@gcekjr.ac.in,9241008275
2401101273,Upasana Tripathy,Female,Civil Engineering,CE,3rd Year,2024-2028,2024,2401101273@gcekjr.ac.in,8052583843
2401101274,Gyana Mishra,Male,Civil Engineering,CE,3rd Year,2024-2028,2024,2401101274@gcekjr.ac.in,7113820785
2401101275,Bibhu Biswal,Male,Civil Engineering,CE,3rd Year,2024-2028,2024,2401101275@gcekjr.ac.in,8898635600
2401101276,Niranjan Tripathy,Male,Civil Engineering,CE,3rd Year,2024-2028,2024,2401101276@gcekjr.ac.in,7476832814
2401101277,Pradyumna Barik,Male,Civil Engineering,CE,3rd Year,2024-2028,2024,2401101277@gcekjr.ac.in,8753608993
2401101278,Amit Palei,Male,Civil Engineering,CE,3rd Year,2024-2028,2024,2401101278@gcekjr.ac.in,9002087397
2401101279,Chinmay Samal,Male,Civil Engineering,CE,3rd Year,2024-2028,2024,2401101279@gcekjr.ac.in,7392412502
2401101280,Barsha Routray,Female,Civil Engineering,CE,3rd Year,2024-2028,2024,2401101280@gcekjr.ac.in,9788635357
2401101281,Jitendra Sethi,Male,Civil Engineering,CE,3rd Year,2024-2028,2024,2401101281@gcekjr.ac.in,9138911007
2401101282,Girish Kar,Male,Civil Engineering,CE,3rd Year,2024-2028,2024,2401101282@gcekjr.ac.in,9179195170
2401101283,Alina Nayak,Female,Civil Engineering,CE,3rd Year,2024-2028,2024,2401101283@gcekjr.ac.in,7425121432
2401101284,Tapan Pradhan,Male,Civil Engineering,CE,3rd Year,2024-2028,2024,2401101284@gcekjr.ac.in,7708604681
2401101285,Pratyusha Mallick,Female,Civil Engineering,CE,3rd Year,2024-2028,2024,2401101285@gcekjr.ac.in,9310888214
2401101286,Aryan Bhoi,Male,Civil Engineering,CE,3rd Year,2024-2028,2024,2401101286@gcekjr.ac.in,7361250282
2401101287,Rakesh Behera,Male,Civil Engineering,CE,3rd Year,2024-2028,2024,2401101287@gcekjr.ac.in,9404053471
2401101288,Jyotiranjan Panda,Male,Civil Engineering,CE,3rd Year,2024-2028,2024,2401101288@gcekjr.ac.in,9911312218
2401101289,Sushmita Das,Female,Civil Engineering,CE,3rd Year,2024-2028,2024,2401101289@gcekjr.ac.in,6108448688
2401101290,Monalisa Biswal,Female,Civil Engineering,CE,3rd Year,2024-2028,2024,2401101290@gcekjr.ac.in,9561249961
2401101291,Lipsa Barik,Female,Civil Engineering,CE,3rd Year,2024-2028,2024,2401101291@gcekjr.ac.in,8654979850
2401101292,Bikash Jagadev,Male,Civil Engineering,CE,3rd Year,2024-2028,2024,2401101292@gcekjr.ac.in,9740103847
2401101293,Om Prava Acharya,Female,Civil Engineering,CE,3rd Year,2024-2028,2024,2401101293@gcekjr.ac.in,9708849586
2401101294,Biswajit Panda,Male,Civil Engineering,CE,3rd Year,2024-2028,2024,2401101294@gcekjr.ac.in,8671965688
2401101295,Madhusmita Khuntia,Female,Civil Engineering,CE,3rd Year,2024-2028,2024,2401101295@gcekjr.ac.in,8810225527
2401101296,Kanchan Mishra,Female,Civil Engineering,CE,3rd Year,2024-2028,2024,2401101296@gcekjr.ac.in,8907479648
2401101297,Varsha Pradhan,Female,Civil Engineering,CE,3rd Year,2024-2028,2024,2401101297@gcekjr.ac.in,8829029119
2401101298,Pragyan Mallick,Female,Civil Engineering,CE,3rd Year,2024-2028,2024,2401101298@gcekjr.ac.in,8100173630
2401101299,Biswajit Jena,Male,Civil Engineering,CE,3rd Year,2024-2028,2024,2401101299@gcekjr.ac.in,6229453110
2401101300,Pratap Majhi,Male,Civil Engineering,CE,3rd Year,2024-2028,2024,2401101300@gcekjr.ac.in,8924853593
2401101301,Rajashree Tripathy,Female,Civil Engineering,CE,3rd Year,2024-2028,2024,2401101301@gcekjr.ac.in,7997284743
2401101302,Rakesh Bhoi,Male,Civil Engineering,CE,3rd Year,2024-2028,2024,2401101302@gcekjr.ac.in,6246270943
2401101303,Trupti Palei,Female,Civil Engineering,CE,3rd Year,2024-2028,2024,2401101303@gcekjr.ac.in,6311999855
2401101304,Ujjwal Panda,Male,Civil Engineering,CE,3rd Year,2024-2028,2024,2401101304@gcekjr.ac.in,7384778996
2401101305,Rakesh Subudhi,Male,Civil Engineering,CE,3rd Year,2024-2028,2024,2401101305@gcekjr.ac.in,6402049283
2401101306,Trupti Hota,Female,Civil Engineering,CE,3rd Year,2024-2028,2024,2401101306@gcekjr.ac.in,9510853188
2401101307,Rohit Das,Male,Civil Engineering,CE,3rd Year,2024-2028,2024,2401101307@gcekjr.ac.in,9041818956
2401101308,Manisha Senapati,Female,Civil Engineering,CE,3rd Year,2024-2028,2024,2401101308@gcekjr.ac.in,6109224882
2401101309,Debasis Dash,Male,Civil Engineering,CE,3rd Year,2024-2028,2024,2401101309@gcekjr.ac.in,9921816318
2401101310,Itishree Naik,Female,Civil Engineering,CE,3rd Year,2024-2028,2024,2401101310@gcekjr.ac.in,9441508688
2401101311,Trupti Mallick,Female,Civil Engineering,CE,3rd Year,2024-2028,2024,2401101311@gcekjr.ac.in,8233244342
2401101312,Om Prava Majhi,Female,Civil Engineering,CE,3rd Year,2024-2028,2024,2401101312@gcekjr.ac.in,7305419269
2401101313,Itishree Dey,Female,Civil Engineering,CE,3rd Year,2024-2028,2024,2401101313@gcekjr.ac.in,7856092378
2401101314,Niranjan Kar,Male,Civil Engineering,CE,3rd Year,2024-2028,2024,2401101314@gcekjr.ac.in,8505702219
2401101315,Bikash Das,Male,Civil Engineering,CE,3rd Year,2024-2028,2024,2401101315@gcekjr.ac.in,7485783829
2401101316,Barsha Jagadev,Female,Civil Engineering,CE,3rd Year,2024-2028,2024,2401101316@gcekjr.ac.in,6531602466
2401101317,Pratap Panda,Male,Civil Engineering,CE,3rd Year,2024-2028,2024,2401101317@gcekjr.ac.in,6357818760
2401101318,Amit Muduli,Male,Civil Engineering,CE,3rd Year,2024-2028,2024,2401101318@gcekjr.ac.in,8858457447
2401101319,Rakesh Hota,Male,Civil Engineering,CE,3rd Year,2024-2028,2024,2401101319@gcekjr.ac.in,9048270966
2401101320,Yashaswini Mohanty,Female,Civil Engineering,CE,3rd Year,2024-2028,2024,2401101320@gcekjr.ac.in,9293411523
2401101321,Gitanjali Jagadev,Female,Civil Engineering,CE,3rd Year,2024-2028,2024,2401101321@gcekjr.ac.in,7549615952
2401101322,Gaurav Muduli,Male,Civil Engineering,CE,3rd Year,2024-2028,2024,2401101322@gcekjr.ac.in,8357456283
2401101323,Ankita Sahoo,Female,Civil Engineering,CE,3rd Year,2024-2028,2024,2401101323@gcekjr.ac.in,6963520244
2401101324,Gaurav Pati,Male,Civil Engineering,CE,3rd Year,2024-2028,2024,2401101324@gcekjr.ac.in,7752757733
2401101325,Itishree Rout,Female,Civil Engineering,CE,3rd Year,2024-2028,2024,2401101325@gcekjr.ac.in,9901738659
2401101326,Debasmita Subudhi,Female,Civil Engineering,CE,3rd Year,2024-2028,2024,2401101326@gcekjr.ac.in,7111114141
2401101327,Bijayalaxmi Biswal,Female,Civil Engineering,CE,3rd Year,2024-2028,2024,2401101327@gcekjr.ac.in,9988953565
2401101328,Ashutosh Hota,Male,Civil Engineering,CE,3rd Year,2024-2028,2024,2401101328@gcekjr.ac.in,7359473424
2401101329,Pratyusha Pati,Female,Civil Engineering,CE,3rd Year,2024-2028,2024,2401101329@gcekjr.ac.in,7996156465
2401101330,Jagruti Subudhi,Female,Civil Engineering,CE,3rd Year,2024-2028,2024,2401101330@gcekjr.ac.in,6395700798
2401101331,Varsha Panda,Female,Civil Engineering,CE,3rd Year,2024-2028,2024,2401101331@gcekjr.ac.in,8834272956
2401101332,Jyotiranjan Mallick,Male,Civil Engineering,CE,3rd Year,2024-2028,2024,2401101332@gcekjr.ac.in,9268535129
2401101333,Yashaswini Jena,Female,Civil Engineering,CE,3rd Year,2024-2028,2024,2401101333@gcekjr.ac.in,8769576396
2401101334,Tapan Nayak,Male,Civil Engineering,CE,3rd Year,2024-2028,2024,2401101334@gcekjr.ac.in,7971095354
2401101335,Tapaswini Samal,Female,Civil Engineering,CE,3rd Year,2024-2028,2024,2401101335@gcekjr.ac.in,9794628811
2401101336,Tapan Dash,Male,Civil Engineering,CE,3rd Year,2024-2028,2024,2401101336@gcekjr.ac.in,9279296097
2401101337,Rohit Nayak,Male,Civil Engineering,CE,3rd Year,2024-2028,2024,2401101337@gcekjr.ac.in,7166262837
2401101338,Sushmita Hota,Female,Civil Engineering,CE,3rd Year,2024-2028,2024,2401101338@gcekjr.ac.in,7772080325
2401101339,Lokanath Jagadev,Male,Civil Engineering,CE,3rd Year,2024-2028,2024,2401101339@gcekjr.ac.in,9125462748
2401101340,Hemant Sahoo,Male,Civil Engineering,CE,3rd Year,2024-2028,2024,2401101340@gcekjr.ac.in,6683990611
2401101341,Lalatendu Barik,Male,Civil Engineering,CE,3rd Year,2024-2028,2024,2401101341@gcekjr.ac.in,7175487642
2401101342,Lalatendu Sahu,Male,Civil Engineering,CE,3rd Year,2024-2028,2024,2401101342@gcekjr.ac.in,8914147572
2401101343,Rakesh Maharana,Male,Civil Engineering,CE,3rd Year,2024-2028,2024,2401101343@gcekjr.ac.in,8317898364
2401101344,Debendra Pradhan,Male,Civil Engineering,CE,3rd Year,2024-2028,2024,2401101344@gcekjr.ac.in,6095774496
2401101345,Manisha Mohanty,Female,Civil Engineering,CE,3rd Year,2024-2028,2024,2401101345@gcekjr.ac.in,6513078078
2401101346,Girish Tripathy,Male,Civil Engineering,CE,3rd Year,2024-2028,2024,2401101346@gcekjr.ac.in,6556798855
2401101347,Swagatika Dash,Female,Civil Engineering,CE,3rd Year,2024-2028,2024,2401101347@gcekjr.ac.in,9201789964
2401101348,Pradyumna Swain,Male,Civil Engineering,CE,3rd Year,2024-2028,2024,2401101348@gcekjr.ac.in,9917643690
2401101349,Bikash Jena,Male,Civil Engineering,CE,3rd Year,2024-2028,2024,2401101349@gcekjr.ac.in,6335911972
2401101350,Bijayalaxmi Mishra,Female,Civil Engineering,CE,3rd Year,2024-2028,2024,2401101350@gcekjr.ac.in,6674885466
2401101351,Jagruti Nayak,Female,Civil Engineering,CE,3rd Year,2024-2028,2024,2401101351@gcekjr.ac.in,9299379424
2401101352,Rashmita Biswal,Female,Civil Engineering,CE,3rd Year,2024-2028,2024,2401101352@gcekjr.ac.in,6096134001
2401101353,Kedar Parida,Male,Civil Engineering,CE,3rd Year,2024-2028,2024,2401101353@gcekjr.ac.in,7684591812
2401101354,Sarita Khuntia,Female,Civil Engineering,CE,3rd Year,2024-2028,2024,2401101354@gcekjr.ac.in,9883253854
2401101355,Subham Swain,Male,Civil Engineering,CE,3rd Year,2024-2028,2024,2401101355@gcekjr.ac.in,6605309948
2401101356,Rohit Muduli,Male,Civil Engineering,CE,3rd Year,2024-2028,2024,2401101356@gcekjr.ac.in,7747634034
2401101357,Eshan Senapati,Male,Civil Engineering,CE,3rd Year,2024-2028,2024,2401101357@gcekjr.ac.in,9367943481
2401101358,Chandan Bhoi,Male,Civil Engineering,CE,3rd Year,2024-2028,2024,2401101358@gcekjr.ac.in,6605228690
2401101359,Niranjan Pati,Male,Civil Engineering,CE,3rd Year,2024-2028,2024,2401101359@gcekjr.ac.in,6377049390
2401101360,Snigdha Mallick,Female,Civil Engineering,CE,3rd Year,2024-2028,2024,2401101360@gcekjr.ac.in,9402813685
2401101361,Sasmita Dash,Female,Civil Engineering,CE,3rd Year,2024-2028,2024,2401101361@gcekjr.ac.in,7877638567
2401101362,Chandan Nayak,Male,Civil Engineering,CE,3rd Year,2024-2028,2024,2401101362@gcekjr.ac.in,9683179920
2401101363,Yashaswini Giri,Female,Civil Engineering,CE,3rd Year,2024-2028,2024,2401101363@gcekjr.ac.in,8040773302
2401101364,Chinmayee Maharana,Female,Civil Engineering,CE,3rd Year,2024-2028,2024,2401101364@gcekjr.ac.in,8947496172
2401101365,Rajesh Dash,Male,Civil Engineering,CE,3rd Year,2024-2028,2024,2401101365@gcekjr.ac.in,9872747247
2401101366,Rohit Khuntia,Male,Civil Engineering,CE,3rd Year,2024-2028,2024,2401101366@gcekjr.ac.in,6891591243
2401101367,Jagannath Barik,Male,Civil Engineering,CE,3rd Year,2024-2028,2024,2401101367@gcekjr.ac.in,7653358326
2401101368,Girish Nayak,Male,Civil Engineering,CE,3rd Year,2024-2028,2024,2401101368@gcekjr.ac.in,7202682462
2401101369,Pratap Sahoo,Male,Civil Engineering,CE,3rd Year,2024-2028,2024,2401101369@gcekjr.ac.in,9064106106
2401101370,Bikash Das,Male,Civil Engineering,CE,3rd Year,2024-2028,2024,2401101370@gcekjr.ac.in,7440850902
2401101371,Ankit Majhi,Male,Civil Engineering,CE,3rd Year,2024-2028,2024,2401101371@gcekjr.ac.in,6503256007
2401101372,Kanchan Dalai,Female,Civil Engineering,CE,3rd Year,2024-2028,2024,2401101372@gcekjr.ac.in,9625818936
2401101373,Debendra Dash,Male,Civil Engineering,CE,3rd Year,2024-2028,2024,2401101373@gcekjr.ac.in,8773143743
2401101374,Rohit Acharya,Male,Civil Engineering,CE,3rd Year,2024-2028,2024,2401101374@gcekjr.ac.in,8883631801
2401101375,Biswajit Barik,Male,Civil Engineering,CE,3rd Year,2024-2028,2024,2401101375@gcekjr.ac.in,9359212833
2401101376,Esha Rout,Female,Civil Engineering,CE,3rd Year,2024-2028,2024,2401101376@gcekjr.ac.in,7551840995
2401101377,Kartik Panda,Male,Civil Engineering,CE,3rd Year,2024-2028,2024,2401101377@gcekjr.ac.in,9495629653
2401101378,Ujjwal Maharana,Male,Civil Engineering,CE,3rd Year,2024-2028,2024,2401101378@gcekjr.ac.in,6765680662
2401101379,Trilochan Parida,Male,Civil Engineering,CE,3rd Year,2024-2028,2024,2401101379@gcekjr.ac.in,9240798641
2401101380,Jitendra Barik,Male,Civil Engineering,CE,3rd Year,2024-2028,2024,2401101380@gcekjr.ac.in,8233026807
2401101381,Nibedita Panda,Female,Civil Engineering,CE,3rd Year,2024-2028,2024,2401101381@gcekjr.ac.in,7443094516
2401101382,Lokanath Routray,Male,Civil Engineering,CE,3rd Year,2024-2028,2024,2401101382@gcekjr.ac.in,6861838207
2401101383,Jyotiranjan Jena,Male,Civil Engineering,CE,3rd Year,2024-2028,2024,2401101383@gcekjr.ac.in,8483863893
2401101384,Priyanka Sahoo,Female,Civil Engineering,CE,3rd Year,2024-2028,2024,2401101384@gcekjr.ac.in,7496042243
2401101385,Utkarsh Pradhan,Male,Civil Engineering,CE,3rd Year,2024-2028,2024,2401101385@gcekjr.ac.in,6829772177
2401101386,Debasmita Khuntia,Female,Civil Engineering,CE,3rd Year,2024-2028,2024,2401101386@gcekjr.ac.in,6875719017
2401101387,Bibhu Dash,Male,Civil Engineering,CE,3rd Year,2024-2028,2024,2401101387@gcekjr.ac.in,7334153017
2401101388,Anita Acharya,Female,Civil Engineering,CE,3rd Year,2024-2028,2024,2401101388@gcekjr.ac.in,7982044094
2401101389,Monalisa Tripathy,Female,Civil Engineering,CE,3rd Year,2024-2028,2024,2401101389@gcekjr.ac.in,7206534272
2401101390,Kanchan Samal,Female,Civil Engineering,CE,3rd Year,2024-2028,2024,2401101390@gcekjr.ac.in,6329355533
2401101391,Rajesh Das,Male,Civil Engineering,CE,3rd Year,2024-2028,2024,2401101391@gcekjr.ac.in,6976952046
2401101392,Kajal Barik,Female,Civil Engineering,CE,3rd Year,2024-2028,2024,2401101392@gcekjr.ac.in,6719516612
2401101393,Aryan Senapati,Male,Civil Engineering,CE,3rd Year,2024-2028,2024,2401101393@gcekjr.ac.in,6825937856
2401101394,Jyotsna Palei,Female,Civil Engineering,CE,3rd Year,2024-2028,2024,2401101394@gcekjr.ac.in,8587727967
2401101395,Yash Mallick,Male,Civil Engineering,CE,3rd Year,2024-2028,2024,2401101395@gcekjr.ac.in,8411639811
2401101396,Trupti Swain,Female,Civil Engineering,CE,3rd Year,2024-2028,2024,2401101396@gcekjr.ac.in,9861465958
2401101397,Amit Subudhi,Male,Civil Engineering,CE,3rd Year,2024-2028,2024,2401101397@gcekjr.ac.in,8703426690
2401101398,Jyotiranjan Senapati,Male,Civil Engineering,CE,3rd Year,2024-2028,2024,2401101398@gcekjr.ac.in,6893509845
2401101399,Niranjan Acharya,Male,Civil Engineering,CE,3rd Year,2024-2028,2024,2401101399@gcekjr.ac.in,7590827281
2401101400,Tanmayee Dalai,Female,Civil Engineering,CE,3rd Year,2024-2028,2024,2401101400@gcekjr.ac.in,8559070589
2401101401,Sushmita Subudhi,Female,Civil Engineering,CE,3rd Year,2024-2028,2024,2401101401@gcekjr.ac.in,7733702103
2401101402,Nabin Behera,Male,Civil Engineering,CE,3rd Year,2024-2028,2024,2401101402@gcekjr.ac.in,6380327491
2401101403,Gaurav Tripathy,Male,Civil Engineering,CE,3rd Year,2024-2028,2024,2401101403@gcekjr.ac.in,8345848031
2401101404,Nabin Tripathy,Male,Civil Engineering,CE,3rd Year,2024-2028,2024,2401101404@gcekjr.ac.in,9843136453
2401101405,Pragyan Palei,Female,Civil Engineering,CE,3rd Year,2024-2028,2024,2401101405@gcekjr.ac.in,8658321357
2401101406,Ipsit Kar,Male,Civil Engineering,CE,3rd Year,2024-2028,2024,2401101406@gcekjr.ac.in,6020334137
2401101407,Rakesh Dalai,Male,Civil Engineering,CE,3rd Year,2024-2028,2024,2401101407@gcekjr.ac.in,6447934756
2401101408,Lopamudra Jagadev,Female,Civil Engineering,CE,3rd Year,2024-2028,2024,2401101408@gcekjr.ac.in,8399807279
2401101409,Kedar Patnaik,Male,Civil Engineering,CE,3rd Year,2024-2028,2024,2401101409@gcekjr.ac.in,7117225584
2401101410,Jitendra Sahoo,Male,Civil Engineering,CE,3rd Year,2024-2028,2024,2401101410@gcekjr.ac.in,6977298736
2401101411,Niranjan Naik,Male,Civil Engineering,CE,3rd Year,2024-2028,2024,2401101411@gcekjr.ac.in,9440691331
2401101412,Chinmay Rout,Male,Civil Engineering,CE,3rd Year,2024-2028,2024,2401101412@gcekjr.ac.in,9584885143
2401101413,Lokanath Bhoi,Male,Civil Engineering,CE,3rd Year,2024-2028,2024,2401101413@gcekjr.ac.in,8033908708
2401101414,Dibyajyoti Muduli,Male,Civil Engineering,CE,3rd Year,2024-2028,2024,2401101414@gcekjr.ac.in,8073563367
2401101415,Trupti Tripathy,Female,Civil Engineering,CE,3rd Year,2024-2028,2024,2401101415@gcekjr.ac.in,6847725366
2401101416,Sagar Samal,Male,Civil Engineering,CE,3rd Year,2024-2028,2024,2401101416@gcekjr.ac.in,9187124050
2401101417,Vivekananda Khuntia,Male,Civil Engineering,CE,3rd Year,2024-2028,2024,2401101417@gcekjr.ac.in,7803955393
2401101418,Bibhu Patnaik,Male,Civil Engineering,CE,3rd Year,2024-2028,2024,2401101418@gcekjr.ac.in,9535725764
2401101419,Bibhu Hota,Male,Civil Engineering,CE,3rd Year,2024-2028,2024,2401101419@gcekjr.ac.in,6159774439
2401101420,Ujjwal Kar,Male,Civil Engineering,CE,3rd Year,2024-2028,2024,2401101420@gcekjr.ac.in,7826178071
2401101421,Om Dalai,Male,Civil Engineering,CE,3rd Year,2024-2028,2024,2401101421@gcekjr.ac.in,8577426730
2401101422,Manas Subudhi,Male,Civil Engineering,CE,3rd Year,2024-2028,2024,2401101422@gcekjr.ac.in,9979262965
2401101423,Aryan Dash,Male,Civil Engineering,CE,3rd Year,2024-2028,2024,2401101423@gcekjr.ac.in,6424137735
2401101424,Nandini Das,Female,Civil Engineering,CE,3rd Year,2024-2028,2024,2401101424@gcekjr.ac.in,6018860286
2401101425,Itish Behera,Male,Civil Engineering,CE,3rd Year,2024-2028,2024,2401101425@gcekjr.ac.in,9976276901
2401101426,Vandana Mohanty,Female,Civil Engineering,CE,3rd Year,2024-2028,2024,2401101426@gcekjr.ac.in,8665229268
2401101427,Jagruti Acharya,Female,Civil Engineering,CE,3rd Year,2024-2028,2024,2401101427@gcekjr.ac.in,6484618290
2401101428,Yashaswini Behera,Female,Civil Engineering,CE,3rd Year,2024-2028,2024,2401101428@gcekjr.ac.in,6551624387
2401101429,Lipsa Pradhan,Female,Civil Engineering,CE,3rd Year,2024-2028,2024,2401101429@gcekjr.ac.in,9721519835
2401101430,Lokanath Mohanty,Male,Civil Engineering,CE,3rd Year,2024-2028,2024,2401101430@gcekjr.ac.in,7796047138
2401101431,Subham Dash,Male,Civil Engineering,CE,3rd Year,2024-2028,2024,2401101431@gcekjr.ac.in,9774928195
2401101432,Bhagyashree Parida,Female,Civil Engineering,CE,3rd Year,2024-2028,2024,2401101432@gcekjr.ac.in,8633355178
2401101433,Tapaswini Giri,Female,Civil Engineering,CE,3rd Year,2024-2028,2024,2401101433@gcekjr.ac.in,9456253162
2401101434,Jyotiranjan Mishra,Male,Civil Engineering,CE,3rd Year,2024-2028,2024,2401101434@gcekjr.ac.in,9342899104
2401101435,Gyana Muduli,Male,Civil Engineering,CE,3rd Year,2024-2028,2024,2401101435@gcekjr.ac.in,9343929108
2401101436,Aryan Palei,Male,Civil Engineering,CE,3rd Year,2024-2028,2024,2401101436@gcekjr.ac.in,8116517647
2401101437,Pratyusha Acharya,Female,Civil Engineering,CE,3rd Year,2024-2028,2024,2401101437@gcekjr.ac.in,6579191769
2401101438,Om Acharya,Male,Civil Engineering,CE,3rd Year,2024-2028,2024,2401101438@gcekjr.ac.in,6835394471
2401101439,Lalatendu Nayak,Male,Civil Engineering,CE,3rd Year,2024-2028,2024,2401101439@gcekjr.ac.in,8003733745
2401101440,Jitendra Senapati,Male,Civil Engineering,CE,3rd Year,2024-2028,2024,2401101440@gcekjr.ac.in,9928542478
2401101441,Jagruti Parida,Female,Civil Engineering,CE,3rd Year,2024-2028,2024,2401101441@gcekjr.ac.in,9393090372
2401101442,Vikram Dalai,Male,Civil Engineering,CE,3rd Year,2024-2028,2024,2401101442@gcekjr.ac.in,9554263048
2401101443,Trilochan Das,Male,Civil Engineering,CE,3rd Year,2024-2028,2024,2401101443@gcekjr.ac.in,9303304166
2401101444,Gitanjali Samal,Female,Civil Engineering,CE,3rd Year,2024-2028,2024,2401101444@gcekjr.ac.in,9319923161
2401101445,Girish Mishra,Male,Civil Engineering,CE,3rd Year,2024-2028,2024,2401101445@gcekjr.ac.in,8771621488
2401101446,Girish Palei,Male,Civil Engineering,CE,3rd Year,2024-2028,2024,2401101446@gcekjr.ac.in,7913108003
2401101447,Sagar Biswal,Male,Civil Engineering,CE,3rd Year,2024-2028,2024,2401101447@gcekjr.ac.in,8978212506
2401101448,Debendra Biswal,Male,Civil Engineering,CE,3rd Year,2024-2028,2024,2401101448@gcekjr.ac.in,7607092265
2401101449,Rakesh Mallick,Male,Civil Engineering,CE,3rd Year,2024-2028,2024,2401101449@gcekjr.ac.in,7276956912
2401101450,Ipsit Hota,Male,Civil Engineering,CE,3rd Year,2024-2028,2024,2401101450@gcekjr.ac.in,8792607670
2401101451,Bhagyashree Palei,Female,Civil Engineering,CE,3rd Year,2024-2028,2024,2401101451@gcekjr.ac.in,9499305411
2401101452,Jitendra Mohanty,Male,Civil Engineering,CE,3rd Year,2024-2028,2024,2401101452@gcekjr.ac.in,8257711720
2401101453,Rakesh Behera,Male,Civil Engineering,CE,3rd Year,2024-2028,2024,2401101453@gcekjr.ac.in,6360701662
2401101454,Gyana Barik,Male,Civil Engineering,CE,3rd Year,2024-2028,2024,2401101454@gcekjr.ac.in,8622344431
2401101455,Jyotsna Sahoo,Female,Civil Engineering,CE,3rd Year,2024-2028,2024,2401101455@gcekjr.ac.in,7530825031
2401101456,Dibyajyoti Mallick,Male,Civil Engineering,CE,3rd Year,2024-2028,2024,2401101456@gcekjr.ac.in,6825226136
2401101457,Chandrika Subudhi,Female,Civil Engineering,CE,3rd Year,2024-2028,2024,2401101457@gcekjr.ac.in,9638835368
2401101458,Sushmita Parida,Female,Civil Engineering,CE,3rd Year,2024-2028,2024,2401101458@gcekjr.ac.in,6849976123
2401101459,Rajashree Bhoi,Female,Civil Engineering,CE,3rd Year,2024-2028,2024,2401101459@gcekjr.ac.in,9118239969
2401101460,Kanchan Acharya,Female,Civil Engineering,CE,3rd Year,2024-2028,2024,2401101460@gcekjr.ac.in,9468893414
2401101461,Mantu Sahoo,Male,Civil Engineering,CE,3rd Year,2024-2028,2024,2401101461@gcekjr.ac.in,9148053929
2401101462,Gitanjali Sahu,Female,Civil Engineering,CE,3rd Year,2024-2028,2024,2401101462@gcekjr.ac.in,6267567977
2401101463,Bibhu Bhoi,Male,Civil Engineering,CE,3rd Year,2024-2028,2024,2401101463@gcekjr.ac.in,9424611720
2401101464,Utkarsh Pati,Male,Civil Engineering,CE,3rd Year,2024-2028,2024,2401101464@gcekjr.ac.in,6852262366
2401101465,Ankit Majhi,Male,Civil Engineering,CE,3rd Year,2024-2028,2024,2401101465@gcekjr.ac.in,7058314462
2401101466,Aryan Tripathy,Male,Civil Engineering,CE,3rd Year,2024-2028,2024,2401101466@gcekjr.ac.in,8540455455
2401101467,Kedar Sethi,Male,Civil Engineering,CE,3rd Year,2024-2028,2024,2401101467@gcekjr.ac.in,9446607717
2401101468,Pradyumna Dey,Male,Civil Engineering,CE,3rd Year,2024-2028,2024,2401101468@gcekjr.ac.in,6665557442
2401101469,Yashaswini Sahu,Female,Civil Engineering,CE,3rd Year,2024-2028,2024,2401101469@gcekjr.ac.in,6204340013
2401101470,Manisha Giri,Female,Civil Engineering,CE,3rd Year,2024-2028,2024,2401101470@gcekjr.ac.in,6971394107
2401101471,Gitanjali Behera,Female,Civil Engineering,CE,3rd Year,2024-2028,2024,2401101471@gcekjr.ac.in,8158385677
2401101472,Jitendra Palei,Male,Civil Engineering,CE,3rd Year,2024-2028,2024,2401101472@gcekjr.ac.in,9560300289
2401101473,Tapan Rout,Male,Civil Engineering,CE,3rd Year,2024-2028,2024,2401101473@gcekjr.ac.in,6555562317
2401101474,Ankita Senapati,Female,Civil Engineering,CE,3rd Year,2024-2028,2024,2401101474@gcekjr.ac.in,9102323360
2401101475,Vikram Bhoi,Male,Civil Engineering,CE,3rd Year,2024-2028,2024,2401101475@gcekjr.ac.in,6005402005
2401101476,Subham Senapati,Male,Civil Engineering,CE,3rd Year,2024-2028,2024,2401101476@gcekjr.ac.in,7798350585
2401101477,Rakesh Dalai,Male,Civil Engineering,CE,3rd Year,2024-2028,2024,2401101477@gcekjr.ac.in,7489152046
2401101478,Debasis Patnaik,Male,Civil Engineering,CE,3rd Year,2024-2028,2024,2401101478@gcekjr.ac.in,8952125943
2401101479,Harapriya Naik,Female,Civil Engineering,CE,3rd Year,2024-2028,2024,2401101479@gcekjr.ac.in,7732716985
2401101480,Harapriya Khuntia,Female,Civil Engineering,CE,3rd Year,2024-2028,2024,2401101480@gcekjr.ac.in,8868953655
2401101481,Vikram Muduli,Male,Civil Engineering,CE,3rd Year,2024-2028,2024,2401101481@gcekjr.ac.in,6448601621
2401101482,Varsha Dalai,Female,Civil Engineering,CE,3rd Year,2024-2028,2024,2401101482@gcekjr.ac.in,9025488158
2401101483,Gitanjali Naik,Female,Civil Engineering,CE,3rd Year,2024-2028,2024,2401101483@gcekjr.ac.in,8340508901
2401101484,Abhishek Pradhan,Male,Civil Engineering,CE,3rd Year,2024-2028,2024,2401101484@gcekjr.ac.in,6956500585
2401101485,Pratap Dash,Male,Civil Engineering,CE,3rd Year,2024-2028,2024,2401101485@gcekjr.ac.in,6927090147
2401101486,Gyana Pradhan,Male,Civil Engineering,CE,3rd Year,2024-2028,2024,2401101486@gcekjr.ac.in,9353783011
2401101487,Lopamudra Mishra,Female,Civil Engineering,CE,3rd Year,2024-2028,2024,2401101487@gcekjr.ac.in,7405145901
2401101488,Trilochan Dalai,Male,Civil Engineering,CE,3rd Year,2024-2028,2024,2401101488@gcekjr.ac.in,8403772812
2401101489,Niranjan Panda,Male,Civil Engineering,CE,3rd Year,2024-2028,2024,2401101489@gcekjr.ac.in,6747500887
2401101490,Himanshu Rout,Male,Civil Engineering,CE,3rd Year,2024-2028,2024,2401101490@gcekjr.ac.in,7412826499
2401101491,Rajashree Swain,Female,Civil Engineering,CE,3rd Year,2024-2028,2024,2401101491@gcekjr.ac.in,8000355086
2401101492,Pratyusha Rout,Female,Civil Engineering,CE,3rd Year,2024-2028,2024,2401101492@gcekjr.ac.in,7652086132
2401101493,Aryan Behera,Male,Civil Engineering,CE,3rd Year,2024-2028,2024,2401101493@gcekjr.ac.in,7528945421
2401101494,Chandrika Maharana,Female,Civil Engineering,CE,3rd Year,2024-2028,2024,2401101494@gcekjr.ac.in,7864055468
2401101495,Amit Giri,Male,Civil Engineering,CE,3rd Year,2024-2028,2024,2401101495@gcekjr.ac.in,8279342566
2401101496,Ankit Maharana,Male,Civil Engineering,CE,3rd Year,2024-2028,2024,2401101496@gcekjr.ac.in,7865853987
2401101497,Monalisa Dalai,Female,Civil Engineering,CE,3rd Year,2024-2028,2024,2401101497@gcekjr.ac.in,8095217455
2401101498,Niranjan Nayak,Male,Civil Engineering,CE,3rd Year,2024-2028,2024,2401101498@gcekjr.ac.in,6808651581
2401101499,Bhagyashree Pradhan,Female,Civil Engineering,CE,3rd Year,2024-2028,2024,2401101499@gcekjr.ac.in,6723427840
2401101500,Itish Khuntia,Male,Civil Engineering,CE,3rd Year,2024-2028,2024,2401101500@gcekjr.ac.in,6400764769
2501100001,Jagruti Dash,Female,Computer Science and Engineering,CSE,2nd Year,2025-2029,2025,2501100001@gcekjr.ac.in,9149710671
2501100002,Sasmita Sahoo,Female,Computer Science and Engineering,CSE,2nd Year,2025-2029,2025,2501100002@gcekjr.ac.in,6434451545
2501100003,Himanshu Acharya,Male,Computer Science and Engineering,CSE,2nd Year,2025-2029,2025,2501100003@gcekjr.ac.in,9904526145
2501100004,Ipsit Kar,Male,Computer Science and Engineering,CSE,2nd Year,2025-2029,2025,2501100004@gcekjr.ac.in,8822637793
2501100005,Aryan Pati,Male,Computer Science and Engineering,CSE,2nd Year,2025-2029,2025,2501100005@gcekjr.ac.in,6556890353
2501100006,Rashmita Sahu,Female,Computer Science and Engineering,CSE,2nd Year,2025-2029,2025,2501100006@gcekjr.ac.in,8621024474
2501100007,Debasis Subudhi,Male,Computer Science and Engineering,CSE,2nd Year,2025-2029,2025,2501100007@gcekjr.ac.in,7849064817
2501100008,Rajesh Dash,Male,Computer Science and Engineering,CSE,2nd Year,2025-2029,2025,2501100008@gcekjr.ac.in,8059024175
2501100009,Rajesh Biswal,Male,Computer Science and Engineering,CSE,2nd Year,2025-2029,2025,2501100009@gcekjr.ac.in,9379226299
2501100010,Monalisa Senapati,Female,Computer Science and Engineering,CSE,2nd Year,2025-2029,2025,2501100010@gcekjr.ac.in,8473452376
2501100011,Ankita Pati,Female,Computer Science and Engineering,CSE,2nd Year,2025-2029,2025,2501100011@gcekjr.ac.in,6362827340
2501100012,Bikash Maharana,Male,Computer Science and Engineering,CSE,2nd Year,2025-2029,2025,2501100012@gcekjr.ac.in,9446200216
2501100013,Tapaswini Dash,Female,Computer Science and Engineering,CSE,2nd Year,2025-2029,2025,2501100013@gcekjr.ac.in,6768085237
2501100014,Eshan Mallick,Male,Computer Science and Engineering,CSE,2nd Year,2025-2029,2025,2501100014@gcekjr.ac.in,6027437033
2501100015,Debasis Acharya,Male,Computer Science and Engineering,CSE,2nd Year,2025-2029,2025,2501100015@gcekjr.ac.in,7256443408
2501100016,Eshan Hota,Male,Computer Science and Engineering,CSE,2nd Year,2025-2029,2025,2501100016@gcekjr.ac.in,6660123551
2501100017,Rohit Dash,Male,Computer Science and Engineering,CSE,2nd Year,2025-2029,2025,2501100017@gcekjr.ac.in,7633276850
2501100018,Pradyumna Mishra,Male,Computer Science and Engineering,CSE,2nd Year,2025-2029,2025,2501100018@gcekjr.ac.in,9747151485
2501100019,Vikram Sahu,Male,Computer Science and Engineering,CSE,2nd Year,2025-2029,2025,2501100019@gcekjr.ac.in,8231687828
2501100020,Rakesh Senapati,Male,Computer Science and Engineering,CSE,2nd Year,2025-2029,2025,2501100020@gcekjr.ac.in,9671890410
2501100021,Manisha Giri,Female,Computer Science and Engineering,CSE,2nd Year,2025-2029,2025,2501100021@gcekjr.ac.in,6586044321
2501100022,Itish Routray,Male,Computer Science and Engineering,CSE,2nd Year,2025-2029,2025,2501100022@gcekjr.ac.in,6242125437
2501100023,Debendra Biswal,Male,Computer Science and Engineering,CSE,2nd Year,2025-2029,2025,2501100023@gcekjr.ac.in,9229405505
2501100024,Chinmay Acharya,Male,Computer Science and Engineering,CSE,2nd Year,2025-2029,2025,2501100024@gcekjr.ac.in,7994924245
2501100025,Ipsita Mallick,Female,Computer Science and Engineering,CSE,2nd Year,2025-2029,2025,2501100025@gcekjr.ac.in,6282174790
2501100026,Rohit Hota,Male,Computer Science and Engineering,CSE,2nd Year,2025-2029,2025,2501100026@gcekjr.ac.in,7327087484
2501100027,Pratyusha Mallick,Female,Computer Science and Engineering,CSE,2nd Year,2025-2029,2025,2501100027@gcekjr.ac.in,8368787162
2501100028,Manas Kar,Male,Computer Science and Engineering,CSE,2nd Year,2025-2029,2025,2501100028@gcekjr.ac.in,6167441217
2501100029,Jagruti Senapati,Female,Computer Science and Engineering,CSE,2nd Year,2025-2029,2025,2501100029@gcekjr.ac.in,6984885501
2501100030,Rashmita Hota,Female,Computer Science and Engineering,CSE,2nd Year,2025-2029,2025,2501100030@gcekjr.ac.in,7504097215
2501100031,Rajesh Mallick,Male,Computer Science and Engineering,CSE,2nd Year,2025-2029,2025,2501100031@gcekjr.ac.in,8862578248
2501100032,Tapan Sahu,Male,Computer Science and Engineering,CSE,2nd Year,2025-2029,2025,2501100032@gcekjr.ac.in,7217170513
2501100033,Rashmita Mishra,Female,Computer Science and Engineering,CSE,2nd Year,2025-2029,2025,2501100033@gcekjr.ac.in,7314391808
2501100034,Ujjwal Swain,Male,Computer Science and Engineering,CSE,2nd Year,2025-2029,2025,2501100034@gcekjr.ac.in,7029206636
2501100035,Tapaswini Rout,Female,Computer Science and Engineering,CSE,2nd Year,2025-2029,2025,2501100035@gcekjr.ac.in,8309461590
2501100036,Tapan Mallick,Male,Computer Science and Engineering,CSE,2nd Year,2025-2029,2025,2501100036@gcekjr.ac.in,9170235840
2501100037,Mantu Bhoi,Male,Computer Science and Engineering,CSE,2nd Year,2025-2029,2025,2501100037@gcekjr.ac.in,6118474627
2501100038,Nabin Tripathy,Male,Computer Science and Engineering,CSE,2nd Year,2025-2029,2025,2501100038@gcekjr.ac.in,6798458021
2501100039,Bhagyashree Bhoi,Female,Computer Science and Engineering,CSE,2nd Year,2025-2029,2025,2501100039@gcekjr.ac.in,7744559716
2501100040,Nibedita Mallick,Female,Computer Science and Engineering,CSE,2nd Year,2025-2029,2025,2501100040@gcekjr.ac.in,6191549373
2501100041,Subham Acharya,Male,Computer Science and Engineering,CSE,2nd Year,2025-2029,2025,2501100041@gcekjr.ac.in,7133273305
2501100042,Vivekananda Giri,Male,Computer Science and Engineering,CSE,2nd Year,2025-2029,2025,2501100042@gcekjr.ac.in,6947389728
2501100043,Jyotiranjan Mishra,Male,Computer Science and Engineering,CSE,2nd Year,2025-2029,2025,2501100043@gcekjr.ac.in,8052309124
2501100044,Nabin Mohanty,Male,Computer Science and Engineering,CSE,2nd Year,2025-2029,2025,2501100044@gcekjr.ac.in,6045659598
2501100045,Tanmayee Sahu,Female,Computer Science and Engineering,CSE,2nd Year,2025-2029,2025,2501100045@gcekjr.ac.in,7093463937
2501100046,Sagar Senapati,Male,Computer Science and Engineering,CSE,2nd Year,2025-2029,2025,2501100046@gcekjr.ac.in,6703608464
2501100047,Ipsita Nayak,Female,Computer Science and Engineering,CSE,2nd Year,2025-2029,2025,2501100047@gcekjr.ac.in,7160774953
2501100048,Rohit Pradhan,Male,Computer Science and Engineering,CSE,2nd Year,2025-2029,2025,2501100048@gcekjr.ac.in,8328338322
2501100049,Mantu Barik,Male,Computer Science and Engineering,CSE,2nd Year,2025-2029,2025,2501100049@gcekjr.ac.in,7142043470
2501100050,Ujjwal Hota,Male,Computer Science and Engineering,CSE,2nd Year,2025-2029,2025,2501100050@gcekjr.ac.in,6343212183
2501100051,Trilochan Subudhi,Male,Computer Science and Engineering,CSE,2nd Year,2025-2029,2025,2501100051@gcekjr.ac.in,6482199330
2501100052,Manisha Khuntia,Female,Computer Science and Engineering,CSE,2nd Year,2025-2029,2025,2501100052@gcekjr.ac.in,9674666719
2501100053,Pragyan Sethi,Female,Computer Science and Engineering,CSE,2nd Year,2025-2029,2025,2501100053@gcekjr.ac.in,9589413458
2501100054,Rajashree Dash,Female,Computer Science and Engineering,CSE,2nd Year,2025-2029,2025,2501100054@gcekjr.ac.in,6561628290
2501100055,Jitendra Hota,Male,Computer Science and Engineering,CSE,2nd Year,2025-2029,2025,2501100055@gcekjr.ac.in,8245469481
2501100056,Upasana Giri,Female,Computer Science and Engineering,CSE,2nd Year,2025-2029,2025,2501100056@gcekjr.ac.in,6650125396
2501100057,Gaurav Das,Male,Computer Science and Engineering,CSE,2nd Year,2025-2029,2025,2501100057@gcekjr.ac.in,9523091551
2501100058,Bibhu Routray,Male,Computer Science and Engineering,CSE,2nd Year,2025-2029,2025,2501100058@gcekjr.ac.in,8558914002
2501100059,Bikash Barik,Male,Computer Science and Engineering,CSE,2nd Year,2025-2029,2025,2501100059@gcekjr.ac.in,8778539882
2501100060,Niranjan Mohanty,Male,Computer Science and Engineering,CSE,2nd Year,2025-2029,2025,2501100060@gcekjr.ac.in,7323266343
2501100061,Anita Patnaik,Female,Computer Science and Engineering,CSE,2nd Year,2025-2029,2025,2501100061@gcekjr.ac.in,7340180239
2501100062,Chinmayee Sahoo,Female,Computer Science and Engineering,CSE,2nd Year,2025-2029,2025,2501100062@gcekjr.ac.in,7616180535
2501100063,Eshan Maharana,Male,Computer Science and Engineering,CSE,2nd Year,2025-2029,2025,2501100063@gcekjr.ac.in,7502133633
2501100064,Kajal Samal,Female,Computer Science and Engineering,CSE,2nd Year,2025-2029,2025,2501100064@gcekjr.ac.in,8960609939
2501100065,Himanshu Majhi,Male,Computer Science and Engineering,CSE,2nd Year,2025-2029,2025,2501100065@gcekjr.ac.in,7096742657
2501100066,Aryan Senapati,Male,Computer Science and Engineering,CSE,2nd Year,2025-2029,2025,2501100066@gcekjr.ac.in,8208383160
2501100067,Hemant Acharya,Male,Computer Science and Engineering,CSE,2nd Year,2025-2029,2025,2501100067@gcekjr.ac.in,9357279572
2501100068,Jagruti Barik,Female,Computer Science and Engineering,CSE,2nd Year,2025-2029,2025,2501100068@gcekjr.ac.in,6300310585
2501100069,Rohit Pradhan,Male,Computer Science and Engineering,CSE,2nd Year,2025-2029,2025,2501100069@gcekjr.ac.in,9524849756
2501100070,Pragyan Hota,Female,Computer Science and Engineering,CSE,2nd Year,2025-2029,2025,2501100070@gcekjr.ac.in,6824974338
2501100071,Upasana Palei,Female,Computer Science and Engineering,CSE,2nd Year,2025-2029,2025,2501100071@gcekjr.ac.in,8003135791
2501100072,Abhishek Senapati,Male,Computer Science and Engineering,CSE,2nd Year,2025-2029,2025,2501100072@gcekjr.ac.in,6569258954
2501100073,Chinmay Rout,Male,Computer Science and Engineering,CSE,2nd Year,2025-2029,2025,2501100073@gcekjr.ac.in,8193971614
2501100074,Lalatendu Muduli,Male,Computer Science and Engineering,CSE,2nd Year,2025-2029,2025,2501100074@gcekjr.ac.in,6901943788
2501100075,Gyana Parida,Male,Computer Science and Engineering,CSE,2nd Year,2025-2029,2025,2501100075@gcekjr.ac.in,6543357787
2501100076,Alina Dalai,Female,Computer Science and Engineering,CSE,2nd Year,2025-2029,2025,2501100076@gcekjr.ac.in,7914187734
2501100077,Jyotiranjan Khuntia,Male,Computer Science and Engineering,CSE,2nd Year,2025-2029,2025,2501100077@gcekjr.ac.in,7942164292
2501100078,Eshan Pati,Male,Computer Science and Engineering,CSE,2nd Year,2025-2029,2025,2501100078@gcekjr.ac.in,9639769756
2501100079,Biswajit Giri,Male,Computer Science and Engineering,CSE,2nd Year,2025-2029,2025,2501100079@gcekjr.ac.in,6082045935
2501100080,Sarita Routray,Female,Computer Science and Engineering,CSE,2nd Year,2025-2029,2025,2501100080@gcekjr.ac.in,8641908011
2501100081,Mantu Senapati,Male,Computer Science and Engineering,CSE,2nd Year,2025-2029,2025,2501100081@gcekjr.ac.in,8059769190
2501100082,Lalatendu Kar,Male,Computer Science and Engineering,CSE,2nd Year,2025-2029,2025,2501100082@gcekjr.ac.in,6861272994
2501100083,Monalisa Jagadev,Female,Computer Science and Engineering,CSE,2nd Year,2025-2029,2025,2501100083@gcekjr.ac.in,7948608438
2501100084,Varsha Pati,Female,Computer Science and Engineering,CSE,2nd Year,2025-2029,2025,2501100084@gcekjr.ac.in,7781558157
2501100085,Deepak Mohanty,Male,Computer Science and Engineering,CSE,2nd Year,2025-2029,2025,2501100085@gcekjr.ac.in,8934556989
2501100086,Itishree Nayak,Female,Computer Science and Engineering,CSE,2nd Year,2025-2029,2025,2501100086@gcekjr.ac.in,6189265248
2501100087,Sagar Jena,Male,Computer Science and Engineering,CSE,2nd Year,2025-2029,2025,2501100087@gcekjr.ac.in,6666842006
2501100088,Trilochan Dey,Male,Computer Science and Engineering,CSE,2nd Year,2025-2029,2025,2501100088@gcekjr.ac.in,9182078729
2501100089,Girish Giri,Male,Computer Science and Engineering,CSE,2nd Year,2025-2029,2025,2501100089@gcekjr.ac.in,7469391221
2501100090,Subham Bhoi,Male,Computer Science and Engineering,CSE,2nd Year,2025-2029,2025,2501100090@gcekjr.ac.in,7168272805
2501100091,Hemalata Dalai,Female,Computer Science and Engineering,CSE,2nd Year,2025-2029,2025,2501100091@gcekjr.ac.in,7482539713
2501100092,Bikash Senapati,Male,Computer Science and Engineering,CSE,2nd Year,2025-2029,2025,2501100092@gcekjr.ac.in,7009306085
2501100093,Madhusmita Das,Female,Computer Science and Engineering,CSE,2nd Year,2025-2029,2025,2501100093@gcekjr.ac.in,9169013989
2501100094,Eshan Acharya,Male,Computer Science and Engineering,CSE,2nd Year,2025-2029,2025,2501100094@gcekjr.ac.in,6580413813
2501100095,Kanchan Parida,Female,Computer Science and Engineering,CSE,2nd Year,2025-2029,2025,2501100095@gcekjr.ac.in,9272780903
2501100096,Tanmayee Mallick,Female,Computer Science and Engineering,CSE,2nd Year,2025-2029,2025,2501100096@gcekjr.ac.in,8953431083
2501100097,Dibyajyoti Dalai,Male,Computer Science and Engineering,CSE,2nd Year,2025-2029,2025,2501100097@gcekjr.ac.in,9475626991
2501100098,Upasana Routray,Female,Computer Science and Engineering,CSE,2nd Year,2025-2029,2025,2501100098@gcekjr.ac.in,9724809329
2501100099,Manas Maharana,Male,Computer Science and Engineering,CSE,2nd Year,2025-2029,2025,2501100099@gcekjr.ac.in,7460312095
2501100100,Sasmita Jagadev,Female,Computer Science and Engineering,CSE,2nd Year,2025-2029,2025,2501100100@gcekjr.ac.in,9507956348
2501100101,Chandrika Mallick,Female,Computer Science and Engineering,CSE,2nd Year,2025-2029,2025,2501100101@gcekjr.ac.in,7863453362
2501100102,Nabin Jagadev,Male,Computer Science and Engineering,CSE,2nd Year,2025-2029,2025,2501100102@gcekjr.ac.in,8165261978
2501100103,Vivekananda Parida,Male,Computer Science and Engineering,CSE,2nd Year,2025-2029,2025,2501100103@gcekjr.ac.in,9822273613
2501100104,Mantu Pati,Male,Computer Science and Engineering,CSE,2nd Year,2025-2029,2025,2501100104@gcekjr.ac.in,7044522025
2501100105,Gayatri Sahu,Female,Computer Science and Engineering,CSE,2nd Year,2025-2029,2025,2501100105@gcekjr.ac.in,7398346421
2501100106,Ashutosh Bhoi,Male,Computer Science and Engineering,CSE,2nd Year,2025-2029,2025,2501100106@gcekjr.ac.in,8877783402
2501100107,Himanshu Majhi,Male,Computer Science and Engineering,CSE,2nd Year,2025-2029,2025,2501100107@gcekjr.ac.in,6938994375
2501100108,Bikash Pati,Male,Computer Science and Engineering,CSE,2nd Year,2025-2029,2025,2501100108@gcekjr.ac.in,8254764526
2501100109,Himanshu Samal,Male,Computer Science and Engineering,CSE,2nd Year,2025-2029,2025,2501100109@gcekjr.ac.in,9107002144
2501100110,Debasmita Panda,Female,Computer Science and Engineering,CSE,2nd Year,2025-2029,2025,2501100110@gcekjr.ac.in,7415049153
2501100111,Debasmita Maharana,Female,Computer Science and Engineering,CSE,2nd Year,2025-2029,2025,2501100111@gcekjr.ac.in,7520813203
2501100112,Debasis Pati,Male,Computer Science and Engineering,CSE,2nd Year,2025-2029,2025,2501100112@gcekjr.ac.in,6732139538
2501100113,Aryan Hota,Male,Computer Science and Engineering,CSE,2nd Year,2025-2029,2025,2501100113@gcekjr.ac.in,6996407533
2501100114,Bhagyashree Hota,Female,Computer Science and Engineering,CSE,2nd Year,2025-2029,2025,2501100114@gcekjr.ac.in,6578600339
2501100115,Vikram Mohanty,Male,Computer Science and Engineering,CSE,2nd Year,2025-2029,2025,2501100115@gcekjr.ac.in,9429342270
2501100116,Harekrushna Naik,Male,Computer Science and Engineering,CSE,2nd Year,2025-2029,2025,2501100116@gcekjr.ac.in,6768032043
2501100117,Ankita Swain,Female,Computer Science and Engineering,CSE,2nd Year,2025-2029,2025,2501100117@gcekjr.ac.in,6706465087
2501100118,Chandrika Subudhi,Female,Computer Science and Engineering,CSE,2nd Year,2025-2029,2025,2501100118@gcekjr.ac.in,8298190244
2501100119,Debendra Kar,Male,Computer Science and Engineering,CSE,2nd Year,2025-2029,2025,2501100119@gcekjr.ac.in,6330572420
2501100120,Anita Dalai,Female,Computer Science and Engineering,CSE,2nd Year,2025-2029,2025,2501100120@gcekjr.ac.in,8105952504
2501100121,Subham Panda,Male,Computer Science and Engineering,CSE,2nd Year,2025-2029,2025,2501100121@gcekjr.ac.in,8208934547
2501100122,Elina Mallick,Female,Computer Science and Engineering,CSE,2nd Year,2025-2029,2025,2501100122@gcekjr.ac.in,6024655866
2501100123,Saroj Kar,Male,Computer Science and Engineering,CSE,2nd Year,2025-2029,2025,2501100123@gcekjr.ac.in,9026709502
2501100124,Bibhu Naik,Male,Computer Science and Engineering,CSE,2nd Year,2025-2029,2025,2501100124@gcekjr.ac.in,8899586598
2501100125,Namrata Khuntia,Female,Computer Science and Engineering,CSE,2nd Year,2025-2029,2025,2501100125@gcekjr.ac.in,7314287595
2501100126,Bikash Tripathy,Male,Computer Science and Engineering,CSE,2nd Year,2025-2029,2025,2501100126@gcekjr.ac.in,8165886679
2501100127,Subham Mohanty,Male,Computer Science and Engineering,CSE,2nd Year,2025-2029,2025,2501100127@gcekjr.ac.in,6080510302
2501100128,Eshan Jagadev,Male,Computer Science and Engineering,CSE,2nd Year,2025-2029,2025,2501100128@gcekjr.ac.in,9964621530
2501100129,Jitendra Pradhan,Male,Computer Science and Engineering,CSE,2nd Year,2025-2029,2025,2501100129@gcekjr.ac.in,8576782002
2501100130,Vivekananda Bhoi,Male,Computer Science and Engineering,CSE,2nd Year,2025-2029,2025,2501100130@gcekjr.ac.in,6435793497
2501100131,Kedar Dalai,Male,Computer Science and Engineering,CSE,2nd Year,2025-2029,2025,2501100131@gcekjr.ac.in,9426257732
2501100132,Om Nayak,Male,Computer Science and Engineering,CSE,2nd Year,2025-2029,2025,2501100132@gcekjr.ac.in,8155189395
2501100133,Trilochan Majhi,Male,Computer Science and Engineering,CSE,2nd Year,2025-2029,2025,2501100133@gcekjr.ac.in,7036486064
2501100134,Anita Mishra,Female,Computer Science and Engineering,CSE,2nd Year,2025-2029,2025,2501100134@gcekjr.ac.in,6037479369
2501100135,Amit Rout,Male,Computer Science and Engineering,CSE,2nd Year,2025-2029,2025,2501100135@gcekjr.ac.in,6824804735
2501100136,Bibhu Patnaik,Male,Computer Science and Engineering,CSE,2nd Year,2025-2029,2025,2501100136@gcekjr.ac.in,9028139036
2501100137,Ipsit Giri,Male,Computer Science and Engineering,CSE,2nd Year,2025-2029,2025,2501100137@gcekjr.ac.in,8395422422
2501100138,Niranjan Muduli,Male,Computer Science and Engineering,CSE,2nd Year,2025-2029,2025,2501100138@gcekjr.ac.in,9960834148
2501100139,Debendra Patnaik,Male,Computer Science and Engineering,CSE,2nd Year,2025-2029,2025,2501100139@gcekjr.ac.in,8053373177
2501100140,Gyana Khuntia,Male,Computer Science and Engineering,CSE,2nd Year,2025-2029,2025,2501100140@gcekjr.ac.in,9882174088
2501100141,Nibedita Tripathy,Female,Computer Science and Engineering,CSE,2nd Year,2025-2029,2025,2501100141@gcekjr.ac.in,7815937944
2501100142,Dibyajyoti Muduli,Male,Computer Science and Engineering,CSE,2nd Year,2025-2029,2025,2501100142@gcekjr.ac.in,6584328572
2501100143,Barsha Nayak,Female,Computer Science and Engineering,CSE,2nd Year,2025-2029,2025,2501100143@gcekjr.ac.in,7654771779
2501100144,Upasana Dey,Female,Computer Science and Engineering,CSE,2nd Year,2025-2029,2025,2501100144@gcekjr.ac.in,7104145817
2501100145,Nibedita Dalai,Female,Computer Science and Engineering,CSE,2nd Year,2025-2029,2025,2501100145@gcekjr.ac.in,7048289415
2501100146,Niranjan Mallick,Male,Computer Science and Engineering,CSE,2nd Year,2025-2029,2025,2501100146@gcekjr.ac.in,9547433975
2501100147,Lopamudra Jena,Female,Computer Science and Engineering,CSE,2nd Year,2025-2029,2025,2501100147@gcekjr.ac.in,6584179632
2501100148,Bhagyashree Jena,Female,Computer Science and Engineering,CSE,2nd Year,2025-2029,2025,2501100148@gcekjr.ac.in,8489690023
2501100149,Eshan Panda,Male,Computer Science and Engineering,CSE,2nd Year,2025-2029,2025,2501100149@gcekjr.ac.in,9500770465
2501100150,Jyotsna Routray,Female,Computer Science and Engineering,CSE,2nd Year,2025-2029,2025,2501100150@gcekjr.ac.in,7388019875
2501100151,Vivekananda Palei,Male,Computer Science and Engineering,CSE,2nd Year,2025-2029,2025,2501100151@gcekjr.ac.in,7693049810
2501100152,Tapan Samal,Male,Computer Science and Engineering,CSE,2nd Year,2025-2029,2025,2501100152@gcekjr.ac.in,7754570377
2501100153,Pratap Bhoi,Male,Computer Science and Engineering,CSE,2nd Year,2025-2029,2025,2501100153@gcekjr.ac.in,6910459863
2501100154,Hemant Swain,Male,Computer Science and Engineering,CSE,2nd Year,2025-2029,2025,2501100154@gcekjr.ac.in,8551284119
2501100155,Lalatendu Panda,Male,Computer Science and Engineering,CSE,2nd Year,2025-2029,2025,2501100155@gcekjr.ac.in,7999415225
2501100156,Nabin Patnaik,Male,Computer Science and Engineering,CSE,2nd Year,2025-2029,2025,2501100156@gcekjr.ac.in,6922534387
2501100157,Esha Mohanty,Female,Computer Science and Engineering,CSE,2nd Year,2025-2029,2025,2501100157@gcekjr.ac.in,9350240493
2501100158,Dibyajyoti Subudhi,Male,Computer Science and Engineering,CSE,2nd Year,2025-2029,2025,2501100158@gcekjr.ac.in,8609666603
2501100159,Usharani Mallick,Female,Computer Science and Engineering,CSE,2nd Year,2025-2029,2025,2501100159@gcekjr.ac.in,6475106679
2501100160,Lokanath Sethi,Male,Computer Science and Engineering,CSE,2nd Year,2025-2029,2025,2501100160@gcekjr.ac.in,9385908274
2501100161,Alina Tripathy,Female,Computer Science and Engineering,CSE,2nd Year,2025-2029,2025,2501100161@gcekjr.ac.in,8483926841
2501100162,Kajal Nayak,Female,Computer Science and Engineering,CSE,2nd Year,2025-2029,2025,2501100162@gcekjr.ac.in,9948262227
2501100163,Lalatendu Subudhi,Male,Computer Science and Engineering,CSE,2nd Year,2025-2029,2025,2501100163@gcekjr.ac.in,6726233687
2501100164,Bijayalaxmi Kar,Female,Computer Science and Engineering,CSE,2nd Year,2025-2029,2025,2501100164@gcekjr.ac.in,8362059763
2501100165,Aryan Sahoo,Male,Computer Science and Engineering,CSE,2nd Year,2025-2029,2025,2501100165@gcekjr.ac.in,9257754009
2501100166,Lopamudra Naik,Female,Computer Science and Engineering,CSE,2nd Year,2025-2029,2025,2501100166@gcekjr.ac.in,6190090349
2501100167,Snigdha Jagadev,Female,Computer Science and Engineering,CSE,2nd Year,2025-2029,2025,2501100167@gcekjr.ac.in,8644446411
2501100168,Tapan Sethi,Male,Computer Science and Engineering,CSE,2nd Year,2025-2029,2025,2501100168@gcekjr.ac.in,6844252230
2501100169,Biswajit Swain,Male,Computer Science and Engineering,CSE,2nd Year,2025-2029,2025,2501100169@gcekjr.ac.in,9049935535
2501100170,Ankit Jagadev,Male,Computer Science and Engineering,CSE,2nd Year,2025-2029,2025,2501100170@gcekjr.ac.in,8746493886
2501100171,Kartik Naik,Male,Computer Science and Engineering,CSE,2nd Year,2025-2029,2025,2501100171@gcekjr.ac.in,6145569533
2501100172,Sarita Pati,Female,Computer Science and Engineering,CSE,2nd Year,2025-2029,2025,2501100172@gcekjr.ac.in,9975568703
2501100173,Ashutosh Bhoi,Male,Computer Science and Engineering,CSE,2nd Year,2025-2029,2025,2501100173@gcekjr.ac.in,9329039020
2501100174,Bikash Khuntia,Male,Computer Science and Engineering,CSE,2nd Year,2025-2029,2025,2501100174@gcekjr.ac.in,9024573200
2501100175,Kanchan Giri,Female,Computer Science and Engineering,CSE,2nd Year,2025-2029,2025,2501100175@gcekjr.ac.in,9403269313
2501100176,Vivekananda Khuntia,Male,Computer Science and Engineering,CSE,2nd Year,2025-2029,2025,2501100176@gcekjr.ac.in,7428598166
2501100177,Itishree Routray,Female,Computer Science and Engineering,CSE,2nd Year,2025-2029,2025,2501100177@gcekjr.ac.in,6771314139
2501100178,Gitanjali Pati,Female,Computer Science and Engineering,CSE,2nd Year,2025-2029,2025,2501100178@gcekjr.ac.in,9263978927
2501100179,Sushmita Sethi,Female,Computer Science and Engineering,CSE,2nd Year,2025-2029,2025,2501100179@gcekjr.ac.in,9605659264
2501100180,Gitanjali Mallick,Female,Computer Science and Engineering,CSE,2nd Year,2025-2029,2025,2501100180@gcekjr.ac.in,6824255857
2501100181,Ankita Pati,Female,Computer Science and Engineering,CSE,2nd Year,2025-2029,2025,2501100181@gcekjr.ac.in,8651085016
2501100182,Ankit Bhoi,Male,Computer Science and Engineering,CSE,2nd Year,2025-2029,2025,2501100182@gcekjr.ac.in,9412244340
2501100183,Om Prava Parida,Female,Computer Science and Engineering,CSE,2nd Year,2025-2029,2025,2501100183@gcekjr.ac.in,7143125453
2501100184,Jagannath Routray,Male,Computer Science and Engineering,CSE,2nd Year,2025-2029,2025,2501100184@gcekjr.ac.in,6875148123
2501100185,Jyotiranjan Barik,Male,Computer Science and Engineering,CSE,2nd Year,2025-2029,2025,2501100185@gcekjr.ac.in,7392579386
2501100186,Kedar Palei,Male,Computer Science and Engineering,CSE,2nd Year,2025-2029,2025,2501100186@gcekjr.ac.in,8186853114
2501100187,Deepak Maharana,Male,Computer Science and Engineering,CSE,2nd Year,2025-2029,2025,2501100187@gcekjr.ac.in,8841277935
2501100188,Chandrika Rout,Female,Computer Science and Engineering,CSE,2nd Year,2025-2029,2025,2501100188@gcekjr.ac.in,6531797721
2501100189,Subham Subudhi,Male,Computer Science and Engineering,CSE,2nd Year,2025-2029,2025,2501100189@gcekjr.ac.in,8376633041
2501100190,Manas Routray,Male,Computer Science and Engineering,CSE,2nd Year,2025-2029,2025,2501100190@gcekjr.ac.in,6463515864
2501100191,Hemant Das,Male,Computer Science and Engineering,CSE,2nd Year,2025-2029,2025,2501100191@gcekjr.ac.in,6113800986
2501100192,Nabin Subudhi,Male,Computer Science and Engineering,CSE,2nd Year,2025-2029,2025,2501100192@gcekjr.ac.in,8982104322
2501100193,Jagannath Majhi,Male,Computer Science and Engineering,CSE,2nd Year,2025-2029,2025,2501100193@gcekjr.ac.in,9861322550
2501100194,Bibhu Mallick,Male,Computer Science and Engineering,CSE,2nd Year,2025-2029,2025,2501100194@gcekjr.ac.in,8143409240
2501100195,Kanchan Kar,Female,Computer Science and Engineering,CSE,2nd Year,2025-2029,2025,2501100195@gcekjr.ac.in,9011093226
2501100196,Biswajit Routray,Male,Computer Science and Engineering,CSE,2nd Year,2025-2029,2025,2501100196@gcekjr.ac.in,7783489144
2501100197,Debjani Jena,Female,Computer Science and Engineering,CSE,2nd Year,2025-2029,2025,2501100197@gcekjr.ac.in,8938496346
2501100198,Sushmita Dalai,Female,Computer Science and Engineering,CSE,2nd Year,2025-2029,2025,2501100198@gcekjr.ac.in,7716418828
2501100199,Amit Routray,Male,Computer Science and Engineering,CSE,2nd Year,2025-2029,2025,2501100199@gcekjr.ac.in,7560434380
2501100200,Biswajit Dey,Male,Computer Science and Engineering,CSE,2nd Year,2025-2029,2025,2501100200@gcekjr.ac.in,8612452145
2501100201,Aryan Palei,Male,Computer Science and Engineering,CSE,2nd Year,2025-2029,2025,2501100201@gcekjr.ac.in,6268100717
2501100202,Debasis Khuntia,Male,Computer Science and Engineering,CSE,2nd Year,2025-2029,2025,2501100202@gcekjr.ac.in,6254967626
2501100203,Manas Pradhan,Male,Computer Science and Engineering,CSE,2nd Year,2025-2029,2025,2501100203@gcekjr.ac.in,9881088587
2501100204,Esha Routray,Female,Computer Science and Engineering,CSE,2nd Year,2025-2029,2025,2501100204@gcekjr.ac.in,9689782928
2501100205,Ipsit Subudhi,Male,Computer Science and Engineering,CSE,2nd Year,2025-2029,2025,2501100205@gcekjr.ac.in,9657578309
2501100206,Nabin Sahoo,Male,Computer Science and Engineering,CSE,2nd Year,2025-2029,2025,2501100206@gcekjr.ac.in,9948366997
2501100207,Ipsita Mallick,Female,Computer Science and Engineering,CSE,2nd Year,2025-2029,2025,2501100207@gcekjr.ac.in,6851655769
2501100208,Tapan Das,Male,Computer Science and Engineering,CSE,2nd Year,2025-2029,2025,2501100208@gcekjr.ac.in,6548146557
2501100209,Pratyusha Nayak,Female,Computer Science and Engineering,CSE,2nd Year,2025-2029,2025,2501100209@gcekjr.ac.in,6321505766
2501100210,Bikash Swain,Male,Computer Science and Engineering,CSE,2nd Year,2025-2029,2025,2501100210@gcekjr.ac.in,9206707477
2501100211,Rakesh Majhi,Male,Computer Science and Engineering,CSE,2nd Year,2025-2029,2025,2501100211@gcekjr.ac.in,9830411256
2501100212,Ashutosh Hota,Male,Computer Science and Engineering,CSE,2nd Year,2025-2029,2025,2501100212@gcekjr.ac.in,8855240823
2501100213,Rajashree Barik,Female,Computer Science and Engineering,CSE,2nd Year,2025-2029,2025,2501100213@gcekjr.ac.in,9431856660
2501100214,Ipsita Routray,Female,Computer Science and Engineering,CSE,2nd Year,2025-2029,2025,2501100214@gcekjr.ac.in,8878474397
2501100215,Debjani Sethi,Female,Computer Science and Engineering,CSE,2nd Year,2025-2029,2025,2501100215@gcekjr.ac.in,9827327460
2501100216,Abhishek Sahu,Male,Computer Science and Engineering,CSE,2nd Year,2025-2029,2025,2501100216@gcekjr.ac.in,9519864135
2501100217,Sushmita Routray,Female,Computer Science and Engineering,CSE,2nd Year,2025-2029,2025,2501100217@gcekjr.ac.in,6199923318
2501100218,Lopamudra Senapati,Female,Computer Science and Engineering,CSE,2nd Year,2025-2029,2025,2501100218@gcekjr.ac.in,8508604874
2501100219,Amit Palei,Male,Computer Science and Engineering,CSE,2nd Year,2025-2029,2025,2501100219@gcekjr.ac.in,6057571342
2501100220,Lipsa Hota,Female,Computer Science and Engineering,CSE,2nd Year,2025-2029,2025,2501100220@gcekjr.ac.in,9121805598
2501100221,Pratap Mishra,Male,Computer Science and Engineering,CSE,2nd Year,2025-2029,2025,2501100221@gcekjr.ac.in,8743129149
2501100222,Vivekananda Bhoi,Male,Computer Science and Engineering,CSE,2nd Year,2025-2029,2025,2501100222@gcekjr.ac.in,8300299459
2501100223,Pratap Jagadev,Male,Computer Science and Engineering,CSE,2nd Year,2025-2029,2025,2501100223@gcekjr.ac.in,8757546273
2501100224,Debjani Pati,Female,Computer Science and Engineering,CSE,2nd Year,2025-2029,2025,2501100224@gcekjr.ac.in,9996442824
2501100225,Sagar Nayak,Male,Computer Science and Engineering,CSE,2nd Year,2025-2029,2025,2501100225@gcekjr.ac.in,9745065014
2501100226,Bhagyashree Kar,Female,Computer Science and Engineering,CSE,2nd Year,2025-2029,2025,2501100226@gcekjr.ac.in,6033506407
2501100227,Pratap Acharya,Male,Computer Science and Engineering,CSE,2nd Year,2025-2029,2025,2501100227@gcekjr.ac.in,9955378407
2501100228,Ashutosh Subudhi,Male,Computer Science and Engineering,CSE,2nd Year,2025-2029,2025,2501100228@gcekjr.ac.in,8845759439
2501100229,Yashaswini Pradhan,Female,Computer Science and Engineering,CSE,2nd Year,2025-2029,2025,2501100229@gcekjr.ac.in,8952187839
2501100230,Vikram Pradhan,Male,Computer Science and Engineering,CSE,2nd Year,2025-2029,2025,2501100230@gcekjr.ac.in,7886359362
2501100231,Lopamudra Acharya,Female,Computer Science and Engineering,CSE,2nd Year,2025-2029,2025,2501100231@gcekjr.ac.in,9366656324
2501100232,Pragyan Sethi,Female,Computer Science and Engineering,CSE,2nd Year,2025-2029,2025,2501100232@gcekjr.ac.in,7583607578
2501100233,Bikash Rout,Male,Computer Science and Engineering,CSE,2nd Year,2025-2029,2025,2501100233@gcekjr.ac.in,9401708279
2501100234,Bijayalaxmi Majhi,Female,Computer Science and Engineering,CSE,2nd Year,2025-2029,2025,2501100234@gcekjr.ac.in,6466527682
2501100235,Hemalata Swain,Female,Computer Science and Engineering,CSE,2nd Year,2025-2029,2025,2501100235@gcekjr.ac.in,7878215508
2501100236,Barsha Nayak,Female,Computer Science and Engineering,CSE,2nd Year,2025-2029,2025,2501100236@gcekjr.ac.in,9327801631
2501100237,Chinmay Tripathy,Male,Computer Science and Engineering,CSE,2nd Year,2025-2029,2025,2501100237@gcekjr.ac.in,7253268605
2501100238,Ankit Dalai,Male,Computer Science and Engineering,CSE,2nd Year,2025-2029,2025,2501100238@gcekjr.ac.in,7987715469
2501100239,Rakesh Giri,Male,Computer Science and Engineering,CSE,2nd Year,2025-2029,2025,2501100239@gcekjr.ac.in,9744425678
2501100240,Chinmay Rout,Male,Computer Science and Engineering,CSE,2nd Year,2025-2029,2025,2501100240@gcekjr.ac.in,8619749087
2501100241,Jyotsna Patnaik,Female,Computer Science and Engineering,CSE,2nd Year,2025-2029,2025,2501100241@gcekjr.ac.in,8747462341
2501100242,Gaurav Senapati,Male,Computer Science and Engineering,CSE,2nd Year,2025-2029,2025,2501100242@gcekjr.ac.in,7709014909
2501100243,Nibedita Mallick,Female,Computer Science and Engineering,CSE,2nd Year,2025-2029,2025,2501100243@gcekjr.ac.in,8957903985
2501100244,Nabin Hota,Male,Computer Science and Engineering,CSE,2nd Year,2025-2029,2025,2501100244@gcekjr.ac.in,9988918973
2501100245,Varsha Dey,Female,Computer Science and Engineering,CSE,2nd Year,2025-2029,2025,2501100245@gcekjr.ac.in,6183755465
2501100246,Snigdha Pradhan,Female,Computer Science and Engineering,CSE,2nd Year,2025-2029,2025,2501100246@gcekjr.ac.in,9751438970
2501100247,Chandan Giri,Male,Computer Science and Engineering,CSE,2nd Year,2025-2029,2025,2501100247@gcekjr.ac.in,6814630719
2501100248,Om Jagadev,Male,Computer Science and Engineering,CSE,2nd Year,2025-2029,2025,2501100248@gcekjr.ac.in,9683352704
2501100249,Saroj Sahoo,Male,Computer Science and Engineering,CSE,2nd Year,2025-2029,2025,2501100249@gcekjr.ac.in,6517919230
2501100250,Jagruti Sahu,Female,Computer Science and Engineering,CSE,2nd Year,2025-2029,2025,2501100250@gcekjr.ac.in,7849884802
2501100251,Pragyan Khuntia,Female,Electrical Engineering,EE,2nd Year,2025-2029,2025,2501100251@gcekjr.ac.in,6002409726
2501100252,Lokanath Muduli,Male,Electrical Engineering,EE,2nd Year,2025-2029,2025,2501100252@gcekjr.ac.in,8100890836
2501100253,Manisha Pradhan,Female,Electrical Engineering,EE,2nd Year,2025-2029,2025,2501100253@gcekjr.ac.in,7683363790
2501100254,Hemalata Naik,Female,Electrical Engineering,EE,2nd Year,2025-2029,2025,2501100254@gcekjr.ac.in,7948299983
2501100255,Utkarsh Subudhi,Male,Electrical Engineering,EE,2nd Year,2025-2029,2025,2501100255@gcekjr.ac.in,8476716973
2501100256,Nandini Routray,Female,Electrical Engineering,EE,2nd Year,2025-2029,2025,2501100256@gcekjr.ac.in,7527659277
2501100257,Madhusmita Palei,Female,Electrical Engineering,EE,2nd Year,2025-2029,2025,2501100257@gcekjr.ac.in,6450905519
2501100258,Tanmayee Das,Female,Electrical Engineering,EE,2nd Year,2025-2029,2025,2501100258@gcekjr.ac.in,6915397543
2501100259,Lokanath Behera,Male,Electrical Engineering,EE,2nd Year,2025-2029,2025,2501100259@gcekjr.ac.in,6200923968
2501100260,Niranjan Bhoi,Male,Electrical Engineering,EE,2nd Year,2025-2029,2025,2501100260@gcekjr.ac.in,8011871365
2501100261,Harapriya Sahoo,Female,Electrical Engineering,EE,2nd Year,2025-2029,2025,2501100261@gcekjr.ac.in,8099475585
2501100262,Lipsa Sahu,Female,Electrical Engineering,EE,2nd Year,2025-2029,2025,2501100262@gcekjr.ac.in,6065307753
2501100263,Gayatri Jena,Female,Electrical Engineering,EE,2nd Year,2025-2029,2025,2501100263@gcekjr.ac.in,7332578733
2501100264,Pragyan Tripathy,Female,Electrical Engineering,EE,2nd Year,2025-2029,2025,2501100264@gcekjr.ac.in,9526058402
2501100265,Chinmayee Maharana,Female,Electrical Engineering,EE,2nd Year,2025-2029,2025,2501100265@gcekjr.ac.in,6308449857
2501100266,Subham Sethi,Male,Electrical Engineering,EE,2nd Year,2025-2029,2025,2501100266@gcekjr.ac.in,9728215234
2501100267,Chinmayee Naik,Female,Electrical Engineering,EE,2nd Year,2025-2029,2025,2501100267@gcekjr.ac.in,8827047791
2501100268,Debasmita Subudhi,Female,Electrical Engineering,EE,2nd Year,2025-2029,2025,2501100268@gcekjr.ac.in,6157428718
2501100269,Sagar Sahu,Male,Electrical Engineering,EE,2nd Year,2025-2029,2025,2501100269@gcekjr.ac.in,7614969880
2501100270,Mantu Patnaik,Male,Electrical Engineering,EE,2nd Year,2025-2029,2025,2501100270@gcekjr.ac.in,8233192130
2501100271,Kedar Tripathy,Male,Electrical Engineering,EE,2nd Year,2025-2029,2025,2501100271@gcekjr.ac.in,7687088723
2501100272,Kedar Khuntia,Male,Electrical Engineering,EE,2nd Year,2025-2029,2025,2501100272@gcekjr.ac.in,9447693963
2501100273,Ankit Pradhan,Male,Electrical Engineering,EE,2nd Year,2025-2029,2025,2501100273@gcekjr.ac.in,9215605799
2501100274,Itishree Dalai,Female,Electrical Engineering,EE,2nd Year,2025-2029,2025,2501100274@gcekjr.ac.in,9900519907
2501100275,Kajal Samal,Female,Electrical Engineering,EE,2nd Year,2025-2029,2025,2501100275@gcekjr.ac.in,8811803608
2501100276,Kedar Sethi,Male,Electrical Engineering,EE,2nd Year,2025-2029,2025,2501100276@gcekjr.ac.in,8259289054
2501100277,Chinmayee Kar,Female,Electrical Engineering,EE,2nd Year,2025-2029,2025,2501100277@gcekjr.ac.in,9903597864
2501100278,Kajal Naik,Female,Electrical Engineering,EE,2nd Year,2025-2029,2025,2501100278@gcekjr.ac.in,8794156305
2501100279,Swagatika Jagadev,Female,Electrical Engineering,EE,2nd Year,2025-2029,2025,2501100279@gcekjr.ac.in,8797530665
2501100280,Niranjan Khuntia,Male,Electrical Engineering,EE,2nd Year,2025-2029,2025,2501100280@gcekjr.ac.in,7276222390
2501100281,Jyotsna Sahoo,Female,Electrical Engineering,EE,2nd Year,2025-2029,2025,2501100281@gcekjr.ac.in,9940802624
2501100282,Elina Parida,Female,Electrical Engineering,EE,2nd Year,2025-2029,2025,2501100282@gcekjr.ac.in,7533140843
2501100283,Hemalata Maharana,Female,Electrical Engineering,EE,2nd Year,2025-2029,2025,2501100283@gcekjr.ac.in,7452250553
2501100284,Debasis Senapati,Male,Electrical Engineering,EE,2nd Year,2025-2029,2025,2501100284@gcekjr.ac.in,7313321730
2501100285,Manas Dalai,Male,Electrical Engineering,EE,2nd Year,2025-2029,2025,2501100285@gcekjr.ac.in,9462870636
2501100286,Esha Palei,Female,Electrical Engineering,EE,2nd Year,2025-2029,2025,2501100286@gcekjr.ac.in,6800478586
2501100287,Swagatika Dash,Female,Electrical Engineering,EE,2nd Year,2025-2029,2025,2501100287@gcekjr.ac.in,8060845681
2501100288,Ankit Mohanty,Male,Electrical Engineering,EE,2nd Year,2025-2029,2025,2501100288@gcekjr.ac.in,6387497443
2501100289,Chinmay Dalai,Male,Electrical Engineering,EE,2nd Year,2025-2029,2025,2501100289@gcekjr.ac.in,7562387002
2501100290,Vivekananda Jagadev,Male,Electrical Engineering,EE,2nd Year,2025-2029,2025,2501100290@gcekjr.ac.in,6679841453
2501100291,Dibyajyoti Bhoi,Male,Electrical Engineering,EE,2nd Year,2025-2029,2025,2501100291@gcekjr.ac.in,8250047290
2501100292,Utkarsh Khuntia,Male,Electrical Engineering,EE,2nd Year,2025-2029,2025,2501100292@gcekjr.ac.in,8724418937
2501100293,Bibhu Swain,Male,Electrical Engineering,EE,2nd Year,2025-2029,2025,2501100293@gcekjr.ac.in,8539102389
2501100294,Chandrika Bhoi,Female,Electrical Engineering,EE,2nd Year,2025-2029,2025,2501100294@gcekjr.ac.in,9339636564
2501100295,Kajal Nayak,Female,Electrical Engineering,EE,2nd Year,2025-2029,2025,2501100295@gcekjr.ac.in,8429570628
2501100296,Gitanjali Routray,Female,Electrical Engineering,EE,2nd Year,2025-2029,2025,2501100296@gcekjr.ac.in,7890102062
2501100297,Jyotsna Mohanty,Female,Electrical Engineering,EE,2nd Year,2025-2029,2025,2501100297@gcekjr.ac.in,9832082001
2501100298,Yashaswini Maharana,Female,Electrical Engineering,EE,2nd Year,2025-2029,2025,2501100298@gcekjr.ac.in,9122880289
2501100299,Priyanka Senapati,Female,Electrical Engineering,EE,2nd Year,2025-2029,2025,2501100299@gcekjr.ac.in,9379196106
2501100300,Namrata Barik,Female,Electrical Engineering,EE,2nd Year,2025-2029,2025,2501100300@gcekjr.ac.in,9535511154
2501100301,Lokanath Mallick,Male,Electrical Engineering,EE,2nd Year,2025-2029,2025,2501100301@gcekjr.ac.in,9249684947
2501100302,Mantu Swain,Male,Electrical Engineering,EE,2nd Year,2025-2029,2025,2501100302@gcekjr.ac.in,9969317034
2501100303,Abhishek Das,Male,Electrical Engineering,EE,2nd Year,2025-2029,2025,2501100303@gcekjr.ac.in,8777478236
2501100304,Debjani Jagadev,Female,Electrical Engineering,EE,2nd Year,2025-2029,2025,2501100304@gcekjr.ac.in,9891660068
2501100305,Rohit Das,Male,Electrical Engineering,EE,2nd Year,2025-2029,2025,2501100305@gcekjr.ac.in,6263272609
2501100306,Bibhu Jena,Male,Electrical Engineering,EE,2nd Year,2025-2029,2025,2501100306@gcekjr.ac.in,8537466973
2501100307,Nabin Das,Male,Electrical Engineering,EE,2nd Year,2025-2029,2025,2501100307@gcekjr.ac.in,8695232017
2501100308,Gitanjali Naik,Female,Electrical Engineering,EE,2nd Year,2025-2029,2025,2501100308@gcekjr.ac.in,8920824844
2501100309,Vandana Sethi,Female,Electrical Engineering,EE,2nd Year,2025-2029,2025,2501100309@gcekjr.ac.in,9638613981
2501100310,Ankit Palei,Male,Electrical Engineering,EE,2nd Year,2025-2029,2025,2501100310@gcekjr.ac.in,8080494191
2501100311,Dibyajyoti Pati,Male,Electrical Engineering,EE,2nd Year,2025-2029,2025,2501100311@gcekjr.ac.in,8660534999
2501100312,Jyotiranjan Maharana,Male,Electrical Engineering,EE,2nd Year,2025-2029,2025,2501100312@gcekjr.ac.in,7949839990
2501100313,Nibedita Tripathy,Female,Electrical Engineering,EE,2nd Year,2025-2029,2025,2501100313@gcekjr.ac.in,9753351810
2501100314,Pratyusha Nayak,Female,Electrical Engineering,EE,2nd Year,2025-2029,2025,2501100314@gcekjr.ac.in,7766219896
2501100315,Mantu Dash,Male,Electrical Engineering,EE,2nd Year,2025-2029,2025,2501100315@gcekjr.ac.in,7942904366
2501100316,Rajashree Rout,Female,Electrical Engineering,EE,2nd Year,2025-2029,2025,2501100316@gcekjr.ac.in,7206707244
2501100317,Harekrushna Jena,Male,Electrical Engineering,EE,2nd Year,2025-2029,2025,2501100317@gcekjr.ac.in,6299584651
2501100318,Jagannath Sahu,Male,Electrical Engineering,EE,2nd Year,2025-2029,2025,2501100318@gcekjr.ac.in,8375711502
2501100319,Gitanjali Rout,Female,Electrical Engineering,EE,2nd Year,2025-2029,2025,2501100319@gcekjr.ac.in,6896265139
2501100320,Pradyumna Nayak,Male,Electrical Engineering,EE,2nd Year,2025-2029,2025,2501100320@gcekjr.ac.in,9771180342
2501100321,Ankit Rout,Male,Electrical Engineering,EE,2nd Year,2025-2029,2025,2501100321@gcekjr.ac.in,7442717849
2501100322,Chandrika Maharana,Female,Electrical Engineering,EE,2nd Year,2025-2029,2025,2501100322@gcekjr.ac.in,8448072699
2501100323,Gaurav Patnaik,Male,Electrical Engineering,EE,2nd Year,2025-2029,2025,2501100323@gcekjr.ac.in,8506341568
2501100324,Lipsa Muduli,Female,Electrical Engineering,EE,2nd Year,2025-2029,2025,2501100324@gcekjr.ac.in,6900218523
2501100325,Itish Panda,Male,Electrical Engineering,EE,2nd Year,2025-2029,2025,2501100325@gcekjr.ac.in,9263509513
2501100326,Manas Palei,Male,Electrical Engineering,EE,2nd Year,2025-2029,2025,2501100326@gcekjr.ac.in,9837732810
2501100327,Sasmita Naik,Female,Electrical Engineering,EE,2nd Year,2025-2029,2025,2501100327@gcekjr.ac.in,9422625851
2501100328,Debendra Sethi,Male,Electrical Engineering,EE,2nd Year,2025-2029,2025,2501100328@gcekjr.ac.in,8108785393
2501100329,Kartik Acharya,Male,Electrical Engineering,EE,2nd Year,2025-2029,2025,2501100329@gcekjr.ac.in,8697465189
2501100330,Lipsa Muduli,Female,Electrical Engineering,EE,2nd Year,2025-2029,2025,2501100330@gcekjr.ac.in,7357891320
2501100331,Om Naik,Male,Electrical Engineering,EE,2nd Year,2025-2029,2025,2501100331@gcekjr.ac.in,9799249771
2501100332,Ankit Jena,Male,Electrical Engineering,EE,2nd Year,2025-2029,2025,2501100332@gcekjr.ac.in,8261879149
2501100333,Abhishek Swain,Male,Electrical Engineering,EE,2nd Year,2025-2029,2025,2501100333@gcekjr.ac.in,7037645220
2501100334,Om Prava Sahoo,Female,Electrical Engineering,EE,2nd Year,2025-2029,2025,2501100334@gcekjr.ac.in,9985308830
2501100335,Aryan Khuntia,Male,Electrical Engineering,EE,2nd Year,2025-2029,2025,2501100335@gcekjr.ac.in,9713939787
2501100336,Lokanath Muduli,Male,Electrical Engineering,EE,2nd Year,2025-2029,2025,2501100336@gcekjr.ac.in,9191327238
2501100337,Ankita Samal,Female,Electrical Engineering,EE,2nd Year,2025-2029,2025,2501100337@gcekjr.ac.in,6544494883
2501100338,Kanchan Panda,Female,Electrical Engineering,EE,2nd Year,2025-2029,2025,2501100338@gcekjr.ac.in,8397691901
2501100339,Trupti Biswal,Female,Electrical Engineering,EE,2nd Year,2025-2029,2025,2501100339@gcekjr.ac.in,9116496519
2501100340,Usharani Acharya,Female,Electrical Engineering,EE,2nd Year,2025-2029,2025,2501100340@gcekjr.ac.in,8224442555
2501100341,Dibyajyoti Jagadev,Male,Electrical Engineering,EE,2nd Year,2025-2029,2025,2501100341@gcekjr.ac.in,8604790114
2501100342,Itishree Das,Female,Electrical Engineering,EE,2nd Year,2025-2029,2025,2501100342@gcekjr.ac.in,8831655701
2501100343,Sushmita Majhi,Female,Electrical Engineering,EE,2nd Year,2025-2029,2025,2501100343@gcekjr.ac.in,8270038232
2501100344,Bijayalaxmi Dalai,Female,Electrical Engineering,EE,2nd Year,2025-2029,2025,2501100344@gcekjr.ac.in,7927139343
2501100345,Ashutosh Panda,Male,Electrical Engineering,EE,2nd Year,2025-2029,2025,2501100345@gcekjr.ac.in,6702773421
2501100346,Chandrika Mishra,Female,Electrical Engineering,EE,2nd Year,2025-2029,2025,2501100346@gcekjr.ac.in,8801132215
2501100347,Manas Sahu,Male,Electrical Engineering,EE,2nd Year,2025-2029,2025,2501100347@gcekjr.ac.in,9741216046
2501100348,Niranjan Mallick,Male,Electrical Engineering,EE,2nd Year,2025-2029,2025,2501100348@gcekjr.ac.in,7677430656
2501100349,Pragyan Giri,Female,Electrical Engineering,EE,2nd Year,2025-2029,2025,2501100349@gcekjr.ac.in,9676593501
2501100350,Ankit Pati,Male,Electrical Engineering,EE,2nd Year,2025-2029,2025,2501100350@gcekjr.ac.in,9498153515
2501100351,Pratyusha Pradhan,Female,Electrical Engineering,EE,2nd Year,2025-2029,2025,2501100351@gcekjr.ac.in,7815719444
2501100352,Rajashree Samal,Female,Electrical Engineering,EE,2nd Year,2025-2029,2025,2501100352@gcekjr.ac.in,6136504885
2501100353,Tapaswini Behera,Female,Electrical Engineering,EE,2nd Year,2025-2029,2025,2501100353@gcekjr.ac.in,6993463995
2501100354,Eshan Das,Male,Electrical Engineering,EE,2nd Year,2025-2029,2025,2501100354@gcekjr.ac.in,6816091067
2501100355,Amit Swain,Male,Electrical Engineering,EE,2nd Year,2025-2029,2025,2501100355@gcekjr.ac.in,8528951582
2501100356,Girish Patnaik,Male,Electrical Engineering,EE,2nd Year,2025-2029,2025,2501100356@gcekjr.ac.in,7815011795
2501100357,Harekrushna Panda,Male,Electrical Engineering,EE,2nd Year,2025-2029,2025,2501100357@gcekjr.ac.in,9489759549
2501100358,Tapaswini Majhi,Female,Electrical Engineering,EE,2nd Year,2025-2029,2025,2501100358@gcekjr.ac.in,6936466739
2501100359,Pradyumna Samal,Male,Electrical Engineering,EE,2nd Year,2025-2029,2025,2501100359@gcekjr.ac.in,8465517083
2501100360,Debasis Muduli,Male,Electrical Engineering,EE,2nd Year,2025-2029,2025,2501100360@gcekjr.ac.in,6138422835
2501100361,Gitanjali Behera,Female,Electrical Engineering,EE,2nd Year,2025-2029,2025,2501100361@gcekjr.ac.in,8748637568
2501100362,Trilochan Sahu,Male,Electrical Engineering,EE,2nd Year,2025-2029,2025,2501100362@gcekjr.ac.in,7890565789
2501100363,Monalisa Jena,Female,Electrical Engineering,EE,2nd Year,2025-2029,2025,2501100363@gcekjr.ac.in,7176990983
2501100364,Rajesh Biswal,Male,Electrical Engineering,EE,2nd Year,2025-2029,2025,2501100364@gcekjr.ac.in,8572485143
2501100365,Jyotiranjan Behera,Male,Electrical Engineering,EE,2nd Year,2025-2029,2025,2501100365@gcekjr.ac.in,7300667756
2501100366,Manas Naik,Male,Electrical Engineering,EE,2nd Year,2025-2029,2025,2501100366@gcekjr.ac.in,7435919153
2501100367,Niranjan Naik,Male,Electrical Engineering,EE,2nd Year,2025-2029,2025,2501100367@gcekjr.ac.in,7789708955
2501100368,Esha Behera,Female,Electrical Engineering,EE,2nd Year,2025-2029,2025,2501100368@gcekjr.ac.in,7865982068
2501100369,Jagannath Mohanty,Male,Electrical Engineering,EE,2nd Year,2025-2029,2025,2501100369@gcekjr.ac.in,6218839875
2501100370,Ankit Sahoo,Male,Electrical Engineering,EE,2nd Year,2025-2029,2025,2501100370@gcekjr.ac.in,9037930477
2501100371,Om Prava Biswal,Female,Electrical Engineering,EE,2nd Year,2025-2029,2025,2501100371@gcekjr.ac.in,9734892651
2501100372,Sasmita Barik,Female,Electrical Engineering,EE,2nd Year,2025-2029,2025,2501100372@gcekjr.ac.in,6679085038
2501100373,Lokanath Routray,Male,Electrical Engineering,EE,2nd Year,2025-2029,2025,2501100373@gcekjr.ac.in,8368136487
2501100374,Amit Palei,Male,Electrical Engineering,EE,2nd Year,2025-2029,2025,2501100374@gcekjr.ac.in,6555058246
2501100375,Trilochan Panda,Male,Electrical Engineering,EE,2nd Year,2025-2029,2025,2501100375@gcekjr.ac.in,7882907441
2501100376,Nibedita Jena,Female,Electrical Engineering,EE,2nd Year,2025-2029,2025,2501100376@gcekjr.ac.in,6144349089
2501100377,Monalisa Khuntia,Female,Electrical Engineering,EE,2nd Year,2025-2029,2025,2501100377@gcekjr.ac.in,8370120021
2501100378,Deepak Parida,Male,Electrical Engineering,EE,2nd Year,2025-2029,2025,2501100378@gcekjr.ac.in,9871228379
2501100379,Barsha Khuntia,Female,Electrical Engineering,EE,2nd Year,2025-2029,2025,2501100379@gcekjr.ac.in,8891932451
2501100380,Debasmita Sahu,Female,Electrical Engineering,EE,2nd Year,2025-2029,2025,2501100380@gcekjr.ac.in,9205425324
2501100381,Himanshu Kar,Male,Electrical Engineering,EE,2nd Year,2025-2029,2025,2501100381@gcekjr.ac.in,8911236581
2501100382,Chandan Behera,Male,Electrical Engineering,EE,2nd Year,2025-2029,2025,2501100382@gcekjr.ac.in,7984706661
2501100383,Jagannath Acharya,Male,Electrical Engineering,EE,2nd Year,2025-2029,2025,2501100383@gcekjr.ac.in,8022098048
2501100384,Kajal Nayak,Female,Electrical Engineering,EE,2nd Year,2025-2029,2025,2501100384@gcekjr.ac.in,8232515708
2501100385,Esha Biswal,Female,Electrical Engineering,EE,2nd Year,2025-2029,2025,2501100385@gcekjr.ac.in,9216352295
2501100386,Esha Khuntia,Female,Electrical Engineering,EE,2nd Year,2025-2029,2025,2501100386@gcekjr.ac.in,9950855739
2501100387,Dibyajyoti Bhoi,Male,Electrical Engineering,EE,2nd Year,2025-2029,2025,2501100387@gcekjr.ac.in,7042541516
2501100388,Vivekananda Barik,Male,Electrical Engineering,EE,2nd Year,2025-2029,2025,2501100388@gcekjr.ac.in,9775016361
2501100389,Niranjan Das,Male,Electrical Engineering,EE,2nd Year,2025-2029,2025,2501100389@gcekjr.ac.in,6564427797
2501100390,Chinmayee Acharya,Female,Electrical Engineering,EE,2nd Year,2025-2029,2025,2501100390@gcekjr.ac.in,9108844373
2501100391,Trilochan Jagadev,Male,Electrical Engineering,EE,2nd Year,2025-2029,2025,2501100391@gcekjr.ac.in,8390494029
2501100392,Pratap Bhoi,Male,Electrical Engineering,EE,2nd Year,2025-2029,2025,2501100392@gcekjr.ac.in,7040816829
2501100393,Tapan Swain,Male,Electrical Engineering,EE,2nd Year,2025-2029,2025,2501100393@gcekjr.ac.in,9800813291
2501100394,Niranjan Maharana,Male,Electrical Engineering,EE,2nd Year,2025-2029,2025,2501100394@gcekjr.ac.in,6651001032
2501100395,Bibhu Giri,Male,Electrical Engineering,EE,2nd Year,2025-2029,2025,2501100395@gcekjr.ac.in,8738700428
2501100396,Jagannath Senapati,Male,Electrical Engineering,EE,2nd Year,2025-2029,2025,2501100396@gcekjr.ac.in,6078409912
2501100397,Vivekananda Biswal,Male,Electrical Engineering,EE,2nd Year,2025-2029,2025,2501100397@gcekjr.ac.in,7220860475
2501100398,Deepak Giri,Male,Electrical Engineering,EE,2nd Year,2025-2029,2025,2501100398@gcekjr.ac.in,7030178334
2501100399,Rajesh Panda,Male,Electrical Engineering,EE,2nd Year,2025-2029,2025,2501100399@gcekjr.ac.in,8075988163
2501100400,Bibhu Mishra,Male,Electrical Engineering,EE,2nd Year,2025-2029,2025,2501100400@gcekjr.ac.in,8497465022
2501100401,Tapaswini Sethi,Female,Electrical Engineering,EE,2nd Year,2025-2029,2025,2501100401@gcekjr.ac.in,9676669296
2501100402,Nabin Barik,Male,Electrical Engineering,EE,2nd Year,2025-2029,2025,2501100402@gcekjr.ac.in,6947953387
2501100403,Gitanjali Dash,Female,Electrical Engineering,EE,2nd Year,2025-2029,2025,2501100403@gcekjr.ac.in,6155849162
2501100404,Ankit Giri,Male,Electrical Engineering,EE,2nd Year,2025-2029,2025,2501100404@gcekjr.ac.in,6845827568
2501100405,Usharani Rout,Female,Electrical Engineering,EE,2nd Year,2025-2029,2025,2501100405@gcekjr.ac.in,7135226368
2501100406,Nibedita Mishra,Female,Electrical Engineering,EE,2nd Year,2025-2029,2025,2501100406@gcekjr.ac.in,6679329623
2501100407,Saroj Mallick,Male,Electrical Engineering,EE,2nd Year,2025-2029,2025,2501100407@gcekjr.ac.in,9231375336
2501100408,Jyotsna Bhoi,Female,Electrical Engineering,EE,2nd Year,2025-2029,2025,2501100408@gcekjr.ac.in,8738906805
2501100409,Utkarsh Routray,Male,Electrical Engineering,EE,2nd Year,2025-2029,2025,2501100409@gcekjr.ac.in,7676759152
2501100410,Kedar Rout,Male,Electrical Engineering,EE,2nd Year,2025-2029,2025,2501100410@gcekjr.ac.in,7856306527
2501100411,Gayatri Kar,Female,Electrical Engineering,EE,2nd Year,2025-2029,2025,2501100411@gcekjr.ac.in,9745858278
2501100412,Elina Behera,Female,Electrical Engineering,EE,2nd Year,2025-2029,2025,2501100412@gcekjr.ac.in,7483224770
2501100413,Yashaswini Behera,Female,Electrical Engineering,EE,2nd Year,2025-2029,2025,2501100413@gcekjr.ac.in,9553575046
2501100414,Om Prava Dash,Female,Electrical Engineering,EE,2nd Year,2025-2029,2025,2501100414@gcekjr.ac.in,9929988417
2501100415,Sagar Hota,Male,Electrical Engineering,EE,2nd Year,2025-2029,2025,2501100415@gcekjr.ac.in,7817185603
2501100416,Bijayalaxmi Sahu,Female,Electrical Engineering,EE,2nd Year,2025-2029,2025,2501100416@gcekjr.ac.in,7712581093
2501100417,Ipsit Sethi,Male,Electrical Engineering,EE,2nd Year,2025-2029,2025,2501100417@gcekjr.ac.in,6174220635
2501100418,Om Sahoo,Male,Electrical Engineering,EE,2nd Year,2025-2029,2025,2501100418@gcekjr.ac.in,6162355603
2501100419,Hemalata Parida,Female,Electrical Engineering,EE,2nd Year,2025-2029,2025,2501100419@gcekjr.ac.in,8058680233
2501100420,Pratap Bhoi,Male,Electrical Engineering,EE,2nd Year,2025-2029,2025,2501100420@gcekjr.ac.in,8532379607
2501100421,Itish Giri,Male,Electrical Engineering,EE,2nd Year,2025-2029,2025,2501100421@gcekjr.ac.in,8644053679
2501100422,Om Prava Das,Female,Electrical Engineering,EE,2nd Year,2025-2029,2025,2501100422@gcekjr.ac.in,6200902831
2501100423,Tapan Subudhi,Male,Electrical Engineering,EE,2nd Year,2025-2029,2025,2501100423@gcekjr.ac.in,7411989524
2501100424,Lokanath Hota,Male,Electrical Engineering,EE,2nd Year,2025-2029,2025,2501100424@gcekjr.ac.in,7784341295
2501100425,Ankita Dash,Female,Electrical Engineering,EE,2nd Year,2025-2029,2025,2501100425@gcekjr.ac.in,6309549021
2501100426,Jitendra Maharana,Male,Electrical Engineering,EE,2nd Year,2025-2029,2025,2501100426@gcekjr.ac.in,8019707260
2501100427,Manas Acharya,Male,Electrical Engineering,EE,2nd Year,2025-2029,2025,2501100427@gcekjr.ac.in,9015122879
2501100428,Himanshu Palei,Male,Electrical Engineering,EE,2nd Year,2025-2029,2025,2501100428@gcekjr.ac.in,7881013843
2501100429,Trupti Mallick,Female,Electrical Engineering,EE,2nd Year,2025-2029,2025,2501100429@gcekjr.ac.in,9959189080
2501100430,Harekrushna Jena,Male,Electrical Engineering,EE,2nd Year,2025-2029,2025,2501100430@gcekjr.ac.in,6461557093
2501100431,Kajal Rout,Female,Electrical Engineering,EE,2nd Year,2025-2029,2025,2501100431@gcekjr.ac.in,9396538322
2501100432,Nandini Kar,Female,Electrical Engineering,EE,2nd Year,2025-2029,2025,2501100432@gcekjr.ac.in,9534375557
2501100433,Sasmita Swain,Female,Electrical Engineering,EE,2nd Year,2025-2029,2025,2501100433@gcekjr.ac.in,9702201092
2501100434,Kedar Giri,Male,Electrical Engineering,EE,2nd Year,2025-2029,2025,2501100434@gcekjr.ac.in,7680668881
2501100435,Usharani Giri,Female,Electrical Engineering,EE,2nd Year,2025-2029,2025,2501100435@gcekjr.ac.in,6416216428
2501100436,Kedar Khuntia,Male,Electrical Engineering,EE,2nd Year,2025-2029,2025,2501100436@gcekjr.ac.in,7025278239
2501100437,Alina Mishra,Female,Electrical Engineering,EE,2nd Year,2025-2029,2025,2501100437@gcekjr.ac.in,6685071897
2501100438,Jyotsna Jena,Female,Electrical Engineering,EE,2nd Year,2025-2029,2025,2501100438@gcekjr.ac.in,8023789420
2501100439,Jitendra Das,Male,Electrical Engineering,EE,2nd Year,2025-2029,2025,2501100439@gcekjr.ac.in,7652141073
2501100440,Jyotiranjan Bhoi,Male,Electrical Engineering,EE,2nd Year,2025-2029,2025,2501100440@gcekjr.ac.in,6725760385
2501100441,Itish Tripathy,Male,Electrical Engineering,EE,2nd Year,2025-2029,2025,2501100441@gcekjr.ac.in,8725359216
2501100442,Niranjan Panda,Male,Electrical Engineering,EE,2nd Year,2025-2029,2025,2501100442@gcekjr.ac.in,6986269433
2501100443,Kajal Pradhan,Female,Electrical Engineering,EE,2nd Year,2025-2029,2025,2501100443@gcekjr.ac.in,8781618311
2501100444,Jyotiranjan Majhi,Male,Electrical Engineering,EE,2nd Year,2025-2029,2025,2501100444@gcekjr.ac.in,8745425532
2501100445,Ipsita Giri,Female,Electrical Engineering,EE,2nd Year,2025-2029,2025,2501100445@gcekjr.ac.in,6020954776
2501100446,Priyanka Subudhi,Female,Electrical Engineering,EE,2nd Year,2025-2029,2025,2501100446@gcekjr.ac.in,7937200043
2501100447,Sarita Naik,Female,Electrical Engineering,EE,2nd Year,2025-2029,2025,2501100447@gcekjr.ac.in,6050579980
2501100448,Kanchan Palei,Female,Electrical Engineering,EE,2nd Year,2025-2029,2025,2501100448@gcekjr.ac.in,8582583903
2501100449,Lalatendu Khuntia,Male,Electrical Engineering,EE,2nd Year,2025-2029,2025,2501100449@gcekjr.ac.in,8787446046
2501100450,Debendra Bhoi,Male,Electrical Engineering,EE,2nd Year,2025-2029,2025,2501100450@gcekjr.ac.in,9080742789
2501100451,Monalisa Barik,Female,Electrical Engineering,EE,2nd Year,2025-2029,2025,2501100451@gcekjr.ac.in,8931073300
2501100452,Hemalata Routray,Female,Electrical Engineering,EE,2nd Year,2025-2029,2025,2501100452@gcekjr.ac.in,8232561415
2501100453,Tapaswini Kar,Female,Electrical Engineering,EE,2nd Year,2025-2029,2025,2501100453@gcekjr.ac.in,9264551488
2501100454,Pragyan Behera,Female,Electrical Engineering,EE,2nd Year,2025-2029,2025,2501100454@gcekjr.ac.in,8406839000
2501100455,Chandrika Panda,Female,Electrical Engineering,EE,2nd Year,2025-2029,2025,2501100455@gcekjr.ac.in,9496200113
2501100456,Trupti Sahu,Female,Electrical Engineering,EE,2nd Year,2025-2029,2025,2501100456@gcekjr.ac.in,9855420821
2501100457,Ashutosh Khuntia,Male,Electrical Engineering,EE,2nd Year,2025-2029,2025,2501100457@gcekjr.ac.in,9404186083
2501100458,Swagatika Maharana,Female,Electrical Engineering,EE,2nd Year,2025-2029,2025,2501100458@gcekjr.ac.in,6983559034
2501100459,Niranjan Dey,Male,Electrical Engineering,EE,2nd Year,2025-2029,2025,2501100459@gcekjr.ac.in,9849676515
2501100460,Lopamudra Hota,Female,Electrical Engineering,EE,2nd Year,2025-2029,2025,2501100460@gcekjr.ac.in,6338818388
2501100461,Girish Mishra,Male,Electrical Engineering,EE,2nd Year,2025-2029,2025,2501100461@gcekjr.ac.in,7916882506
2501100462,Rakesh Mallick,Male,Electrical Engineering,EE,2nd Year,2025-2029,2025,2501100462@gcekjr.ac.in,7967296168
2501100463,Sagar Jagadev,Male,Electrical Engineering,EE,2nd Year,2025-2029,2025,2501100463@gcekjr.ac.in,9203071870
2501100464,Chinmay Giri,Male,Electrical Engineering,EE,2nd Year,2025-2029,2025,2501100464@gcekjr.ac.in,9613282407
2501100465,Chandan Palei,Male,Electrical Engineering,EE,2nd Year,2025-2029,2025,2501100465@gcekjr.ac.in,7114350319
2501100466,Tapaswini Hota,Female,Electrical Engineering,EE,2nd Year,2025-2029,2025,2501100466@gcekjr.ac.in,7867761875
2501100467,Gayatri Mohanty,Female,Electrical Engineering,EE,2nd Year,2025-2029,2025,2501100467@gcekjr.ac.in,9150631717
2501100468,Sagar Dalai,Male,Electrical Engineering,EE,2nd Year,2025-2029,2025,2501100468@gcekjr.ac.in,7018309611
2501100469,Monalisa Majhi,Female,Electrical Engineering,EE,2nd Year,2025-2029,2025,2501100469@gcekjr.ac.in,6562952778
2501100470,Lopamudra Das,Female,Electrical Engineering,EE,2nd Year,2025-2029,2025,2501100470@gcekjr.ac.in,7112502217
2501100471,Manas Parida,Male,Electrical Engineering,EE,2nd Year,2025-2029,2025,2501100471@gcekjr.ac.in,7413164054
2501100472,Sagar Panda,Male,Electrical Engineering,EE,2nd Year,2025-2029,2025,2501100472@gcekjr.ac.in,7497780692
2501100473,Namrata Naik,Female,Electrical Engineering,EE,2nd Year,2025-2029,2025,2501100473@gcekjr.ac.in,8585490961
2501100474,Sarita Barik,Female,Electrical Engineering,EE,2nd Year,2025-2029,2025,2501100474@gcekjr.ac.in,6789577757
2501100475,Ankita Giri,Female,Electrical Engineering,EE,2nd Year,2025-2029,2025,2501100475@gcekjr.ac.in,6736936665
2501100476,Lalatendu Kar,Male,Electrical Engineering,EE,2nd Year,2025-2029,2025,2501100476@gcekjr.ac.in,6684840951
2501100477,Biswajit Das,Male,Electrical Engineering,EE,2nd Year,2025-2029,2025,2501100477@gcekjr.ac.in,6228204456
2501100478,Sagar Hota,Male,Electrical Engineering,EE,2nd Year,2025-2029,2025,2501100478@gcekjr.ac.in,9448305741
2501100479,Ipsit Sethi,Male,Electrical Engineering,EE,2nd Year,2025-2029,2025,2501100479@gcekjr.ac.in,9657371239
2501100480,Niranjan Dey,Male,Electrical Engineering,EE,2nd Year,2025-2029,2025,2501100480@gcekjr.ac.in,6956110014
2501100481,Debasmita Patnaik,Female,Electrical Engineering,EE,2nd Year,2025-2029,2025,2501100481@gcekjr.ac.in,9279322143
2501100482,Jyotsna Bhoi,Female,Electrical Engineering,EE,2nd Year,2025-2029,2025,2501100482@gcekjr.ac.in,9206859159
2501100483,Abhishek Tripathy,Male,Electrical Engineering,EE,2nd Year,2025-2029,2025,2501100483@gcekjr.ac.in,9131663828
2501100484,Jyotiranjan Pradhan,Male,Electrical Engineering,EE,2nd Year,2025-2029,2025,2501100484@gcekjr.ac.in,6748155663
2501100485,Vandana Kar,Female,Electrical Engineering,EE,2nd Year,2025-2029,2025,2501100485@gcekjr.ac.in,8291440301
2501100486,Ankit Muduli,Male,Electrical Engineering,EE,2nd Year,2025-2029,2025,2501100486@gcekjr.ac.in,6797288911
2501100487,Jagruti Behera,Female,Electrical Engineering,EE,2nd Year,2025-2029,2025,2501100487@gcekjr.ac.in,6664207614
2501100488,Esha Nayak,Female,Electrical Engineering,EE,2nd Year,2025-2029,2025,2501100488@gcekjr.ac.in,8446938551
2501100489,Eshan Sahu,Male,Electrical Engineering,EE,2nd Year,2025-2029,2025,2501100489@gcekjr.ac.in,9959469272
2501100490,Ankit Majhi,Male,Electrical Engineering,EE,2nd Year,2025-2029,2025,2501100490@gcekjr.ac.in,9502026916
2501100491,Itish Maharana,Male,Electrical Engineering,EE,2nd Year,2025-2029,2025,2501100491@gcekjr.ac.in,8310076868
2501100492,Gayatri Senapati,Female,Electrical Engineering,EE,2nd Year,2025-2029,2025,2501100492@gcekjr.ac.in,9769904403
2501100493,Bibhu Sethi,Male,Electrical Engineering,EE,2nd Year,2025-2029,2025,2501100493@gcekjr.ac.in,6073581020
2501100494,Saroj Pradhan,Male,Electrical Engineering,EE,2nd Year,2025-2029,2025,2501100494@gcekjr.ac.in,8332178144
2501100495,Varsha Muduli,Female,Electrical Engineering,EE,2nd Year,2025-2029,2025,2501100495@gcekjr.ac.in,8501251982
2501100496,Chandrika Hota,Female,Electrical Engineering,EE,2nd Year,2025-2029,2025,2501100496@gcekjr.ac.in,8126697875
2501100497,Manas Jena,Male,Electrical Engineering,EE,2nd Year,2025-2029,2025,2501100497@gcekjr.ac.in,6135705804
2501100498,Alina Parida,Female,Electrical Engineering,EE,2nd Year,2025-2029,2025,2501100498@gcekjr.ac.in,7807723782
2501100499,Debasis Sethi,Male,Electrical Engineering,EE,2nd Year,2025-2029,2025,2501100499@gcekjr.ac.in,9554534571
2501100500,Yash Sethi,Male,Electrical Engineering,EE,2nd Year,2025-2029,2025,2501100500@gcekjr.ac.in,6190332865
2501100501,Amit Naik,Male,Mining Engineering,MIN,2nd Year,2025-2029,2025,2501100501@gcekjr.ac.in,9006128980
2501100502,Jitendra Mallick,Male,Mining Engineering,MIN,2nd Year,2025-2029,2025,2501100502@gcekjr.ac.in,7665388241
2501100503,Kanchan Mishra,Female,Mining Engineering,MIN,2nd Year,2025-2029,2025,2501100503@gcekjr.ac.in,6365883445
2501100504,Sasmita Samal,Female,Mining Engineering,MIN,2nd Year,2025-2029,2025,2501100504@gcekjr.ac.in,8296820528
2501100505,Usharani Patnaik,Female,Mining Engineering,MIN,2nd Year,2025-2029,2025,2501100505@gcekjr.ac.in,7499479634
2501100506,Jagruti Rout,Female,Mining Engineering,MIN,2nd Year,2025-2029,2025,2501100506@gcekjr.ac.in,8949946863
2501100507,Rakesh Parida,Male,Mining Engineering,MIN,2nd Year,2025-2029,2025,2501100507@gcekjr.ac.in,9774417063
2501100508,Rohit Sahu,Male,Mining Engineering,MIN,2nd Year,2025-2029,2025,2501100508@gcekjr.ac.in,6715814755
2501100509,Chinmay Behera,Male,Mining Engineering,MIN,2nd Year,2025-2029,2025,2501100509@gcekjr.ac.in,8695889015
2501100510,Jyotsna Tripathy,Female,Mining Engineering,MIN,2nd Year,2025-2029,2025,2501100510@gcekjr.ac.in,8150142489
2501100511,Om Prava Mishra,Female,Mining Engineering,MIN,2nd Year,2025-2029,2025,2501100511@gcekjr.ac.in,9467850729
2501100512,Rohit Majhi,Male,Mining Engineering,MIN,2nd Year,2025-2029,2025,2501100512@gcekjr.ac.in,7920264199
2501100513,Nibedita Maharana,Female,Mining Engineering,MIN,2nd Year,2025-2029,2025,2501100513@gcekjr.ac.in,6793038496
2501100514,Debendra Palei,Male,Mining Engineering,MIN,2nd Year,2025-2029,2025,2501100514@gcekjr.ac.in,6734617287
2501100515,Subham Mallick,Male,Mining Engineering,MIN,2nd Year,2025-2029,2025,2501100515@gcekjr.ac.in,9539828040
2501100516,Rajashree Kar,Female,Mining Engineering,MIN,2nd Year,2025-2029,2025,2501100516@gcekjr.ac.in,7713435409
2501100517,Pratyusha Nayak,Female,Mining Engineering,MIN,2nd Year,2025-2029,2025,2501100517@gcekjr.ac.in,8023718608
2501100518,Kajal Sethi,Female,Mining Engineering,MIN,2nd Year,2025-2029,2025,2501100518@gcekjr.ac.in,8186893398
2501100519,Gitanjali Pati,Female,Mining Engineering,MIN,2nd Year,2025-2029,2025,2501100519@gcekjr.ac.in,8902417322
2501100520,Hemalata Hota,Female,Mining Engineering,MIN,2nd Year,2025-2029,2025,2501100520@gcekjr.ac.in,6199174290
2501100521,Saroj Tripathy,Male,Mining Engineering,MIN,2nd Year,2025-2029,2025,2501100521@gcekjr.ac.in,8726735854
2501100522,Niranjan Dalai,Male,Mining Engineering,MIN,2nd Year,2025-2029,2025,2501100522@gcekjr.ac.in,8534683879
2501100523,Lalatendu Senapati,Male,Mining Engineering,MIN,2nd Year,2025-2029,2025,2501100523@gcekjr.ac.in,8387220000
2501100524,Kanchan Swain,Female,Mining Engineering,MIN,2nd Year,2025-2029,2025,2501100524@gcekjr.ac.in,8073151095
2501100525,Snigdha Biswal,Female,Mining Engineering,MIN,2nd Year,2025-2029,2025,2501100525@gcekjr.ac.in,6938328155
2501100526,Tapaswini Routray,Female,Mining Engineering,MIN,2nd Year,2025-2029,2025,2501100526@gcekjr.ac.in,8546026434
2501100527,Chandrika Muduli,Female,Mining Engineering,MIN,2nd Year,2025-2029,2025,2501100527@gcekjr.ac.in,9001398456
2501100528,Bhagyashree Sethi,Female,Mining Engineering,MIN,2nd Year,2025-2029,2025,2501100528@gcekjr.ac.in,8810793756
2501100529,Alina Barik,Female,Mining Engineering,MIN,2nd Year,2025-2029,2025,2501100529@gcekjr.ac.in,6648628033
2501100530,Lokanath Majhi,Male,Mining Engineering,MIN,2nd Year,2025-2029,2025,2501100530@gcekjr.ac.in,9423445033
2501100531,Lokanath Hota,Male,Mining Engineering,MIN,2nd Year,2025-2029,2025,2501100531@gcekjr.ac.in,9575420747
2501100532,Chandan Das,Male,Mining Engineering,MIN,2nd Year,2025-2029,2025,2501100532@gcekjr.ac.in,8568667371
2501100533,Kedar Kar,Male,Mining Engineering,MIN,2nd Year,2025-2029,2025,2501100533@gcekjr.ac.in,6289569265
2501100534,Sagar Hota,Male,Mining Engineering,MIN,2nd Year,2025-2029,2025,2501100534@gcekjr.ac.in,7978190927
2501100535,Ujjwal Behera,Male,Mining Engineering,MIN,2nd Year,2025-2029,2025,2501100535@gcekjr.ac.in,9685097419
2501100536,Manas Senapati,Male,Mining Engineering,MIN,2nd Year,2025-2029,2025,2501100536@gcekjr.ac.in,9648509760
2501100537,Gaurav Acharya,Male,Mining Engineering,MIN,2nd Year,2025-2029,2025,2501100537@gcekjr.ac.in,9364934349
2501100538,Monalisa Pati,Female,Mining Engineering,MIN,2nd Year,2025-2029,2025,2501100538@gcekjr.ac.in,7919335363
2501100539,Jitendra Kar,Male,Mining Engineering,MIN,2nd Year,2025-2029,2025,2501100539@gcekjr.ac.in,6482673221
2501100540,Tapaswini Panda,Female,Mining Engineering,MIN,2nd Year,2025-2029,2025,2501100540@gcekjr.ac.in,8256958025
2501100541,Itish Nayak,Male,Mining Engineering,MIN,2nd Year,2025-2029,2025,2501100541@gcekjr.ac.in,7999105872
2501100542,Namrata Parida,Female,Mining Engineering,MIN,2nd Year,2025-2029,2025,2501100542@gcekjr.ac.in,6625019968
2501100543,Pradyumna Parida,Male,Mining Engineering,MIN,2nd Year,2025-2029,2025,2501100543@gcekjr.ac.in,6293897901
2501100544,Lipsa Pradhan,Female,Mining Engineering,MIN,2nd Year,2025-2029,2025,2501100544@gcekjr.ac.in,6846762134
2501100545,Trupti Dash,Female,Mining Engineering,MIN,2nd Year,2025-2029,2025,2501100545@gcekjr.ac.in,6940020155
2501100546,Kajal Subudhi,Female,Mining Engineering,MIN,2nd Year,2025-2029,2025,2501100546@gcekjr.ac.in,9168994744
2501100547,Itish Sahu,Male,Mining Engineering,MIN,2nd Year,2025-2029,2025,2501100547@gcekjr.ac.in,8235907070
2501100548,Lalatendu Khuntia,Male,Mining Engineering,MIN,2nd Year,2025-2029,2025,2501100548@gcekjr.ac.in,6059994866
2501100549,Utkarsh Swain,Male,Mining Engineering,MIN,2nd Year,2025-2029,2025,2501100549@gcekjr.ac.in,8971901255
2501100550,Itishree Subudhi,Female,Mining Engineering,MIN,2nd Year,2025-2029,2025,2501100550@gcekjr.ac.in,7316115402
2501100551,Ankit Mallick,Male,Mining Engineering,MIN,2nd Year,2025-2029,2025,2501100551@gcekjr.ac.in,7323551736
2501100552,Usharani Biswal,Female,Mining Engineering,MIN,2nd Year,2025-2029,2025,2501100552@gcekjr.ac.in,8098984014
2501100553,Sasmita Muduli,Female,Mining Engineering,MIN,2nd Year,2025-2029,2025,2501100553@gcekjr.ac.in,6612737909
2501100554,Ipsit Subudhi,Male,Mining Engineering,MIN,2nd Year,2025-2029,2025,2501100554@gcekjr.ac.in,8425069888
2501100555,Amit Palei,Male,Mining Engineering,MIN,2nd Year,2025-2029,2025,2501100555@gcekjr.ac.in,8540218897
2501100556,Yash Sethi,Male,Mining Engineering,MIN,2nd Year,2025-2029,2025,2501100556@gcekjr.ac.in,6250255231
2501100557,Ankita Patnaik,Female,Mining Engineering,MIN,2nd Year,2025-2029,2025,2501100557@gcekjr.ac.in,6558538246
2501100558,Manas Swain,Male,Mining Engineering,MIN,2nd Year,2025-2029,2025,2501100558@gcekjr.ac.in,9677897077
2501100559,Chinmay Nayak,Male,Mining Engineering,MIN,2nd Year,2025-2029,2025,2501100559@gcekjr.ac.in,9538219379
2501100560,Chinmay Patnaik,Male,Mining Engineering,MIN,2nd Year,2025-2029,2025,2501100560@gcekjr.ac.in,6970053589
2501100561,Anita Khuntia,Female,Mining Engineering,MIN,2nd Year,2025-2029,2025,2501100561@gcekjr.ac.in,7657300857
2501100562,Jyotsna Dash,Female,Mining Engineering,MIN,2nd Year,2025-2029,2025,2501100562@gcekjr.ac.in,8419655248
2501100563,Ujjwal Muduli,Male,Mining Engineering,MIN,2nd Year,2025-2029,2025,2501100563@gcekjr.ac.in,6792776513
2501100564,Snigdha Palei,Female,Mining Engineering,MIN,2nd Year,2025-2029,2025,2501100564@gcekjr.ac.in,7227318632
2501100565,Lipsa Biswal,Female,Mining Engineering,MIN,2nd Year,2025-2029,2025,2501100565@gcekjr.ac.in,7789437755
2501100566,Amit Senapati,Male,Mining Engineering,MIN,2nd Year,2025-2029,2025,2501100566@gcekjr.ac.in,7203579419
2501100567,Ujjwal Pradhan,Male,Mining Engineering,MIN,2nd Year,2025-2029,2025,2501100567@gcekjr.ac.in,7464222680
2501100568,Usharani Naik,Female,Mining Engineering,MIN,2nd Year,2025-2029,2025,2501100568@gcekjr.ac.in,8675217031
2501100569,Manisha Panda,Female,Mining Engineering,MIN,2nd Year,2025-2029,2025,2501100569@gcekjr.ac.in,9157621738
2501100570,Debasis Panda,Male,Mining Engineering,MIN,2nd Year,2025-2029,2025,2501100570@gcekjr.ac.in,6793692612
2501100571,Usharani Patnaik,Female,Mining Engineering,MIN,2nd Year,2025-2029,2025,2501100571@gcekjr.ac.in,6214436049
2501100572,Rakesh Palei,Male,Mining Engineering,MIN,2nd Year,2025-2029,2025,2501100572@gcekjr.ac.in,7646179256
2501100573,Madhusmita Rout,Female,Mining Engineering,MIN,2nd Year,2025-2029,2025,2501100573@gcekjr.ac.in,9684218024
2501100574,Jagannath Behera,Male,Mining Engineering,MIN,2nd Year,2025-2029,2025,2501100574@gcekjr.ac.in,7962340370
2501100575,Pragyan Patnaik,Female,Mining Engineering,MIN,2nd Year,2025-2029,2025,2501100575@gcekjr.ac.in,9915793853
2501100576,Sasmita Das,Female,Mining Engineering,MIN,2nd Year,2025-2029,2025,2501100576@gcekjr.ac.in,7296823501
2501100577,Bijayalaxmi Samal,Female,Mining Engineering,MIN,2nd Year,2025-2029,2025,2501100577@gcekjr.ac.in,6999783650
2501100578,Sasmita Routray,Female,Mining Engineering,MIN,2nd Year,2025-2029,2025,2501100578@gcekjr.ac.in,8797215230
2501100579,Rajashree Hota,Female,Mining Engineering,MIN,2nd Year,2025-2029,2025,2501100579@gcekjr.ac.in,8519573427
2501100580,Upasana Swain,Female,Mining Engineering,MIN,2nd Year,2025-2029,2025,2501100580@gcekjr.ac.in,9722947220
2501100581,Usharani Sahu,Female,Mining Engineering,MIN,2nd Year,2025-2029,2025,2501100581@gcekjr.ac.in,7090271117
2501100582,Sushmita Samal,Female,Mining Engineering,MIN,2nd Year,2025-2029,2025,2501100582@gcekjr.ac.in,8250452609
2501100583,Utkarsh Parida,Male,Mining Engineering,MIN,2nd Year,2025-2029,2025,2501100583@gcekjr.ac.in,6597020631
2501100584,Snigdha Acharya,Female,Mining Engineering,MIN,2nd Year,2025-2029,2025,2501100584@gcekjr.ac.in,7775855661
2501100585,Himanshu Tripathy,Male,Mining Engineering,MIN,2nd Year,2025-2029,2025,2501100585@gcekjr.ac.in,6216883741
2501100586,Ipsita Palei,Female,Mining Engineering,MIN,2nd Year,2025-2029,2025,2501100586@gcekjr.ac.in,8368351132
2501100587,Saroj Pradhan,Male,Mining Engineering,MIN,2nd Year,2025-2029,2025,2501100587@gcekjr.ac.in,8737017724
2501100588,Sasmita Jena,Female,Mining Engineering,MIN,2nd Year,2025-2029,2025,2501100588@gcekjr.ac.in,8420456545
2501100589,Tapan Panda,Male,Mining Engineering,MIN,2nd Year,2025-2029,2025,2501100589@gcekjr.ac.in,6792348655
2501100590,Biswajit Dalai,Male,Mining Engineering,MIN,2nd Year,2025-2029,2025,2501100590@gcekjr.ac.in,6970198061
2501100591,Barsha Routray,Female,Mining Engineering,MIN,2nd Year,2025-2029,2025,2501100591@gcekjr.ac.in,9401824324
2501100592,Lokanath Muduli,Male,Mining Engineering,MIN,2nd Year,2025-2029,2025,2501100592@gcekjr.ac.in,8911842704
2501100593,Bikash Kar,Male,Mining Engineering,MIN,2nd Year,2025-2029,2025,2501100593@gcekjr.ac.in,8789734394
2501100594,Ipsita Muduli,Female,Mining Engineering,MIN,2nd Year,2025-2029,2025,2501100594@gcekjr.ac.in,7563604944
2501100595,Pratyusha Routray,Female,Mining Engineering,MIN,2nd Year,2025-2029,2025,2501100595@gcekjr.ac.in,8037659729
2501100596,Trilochan Nayak,Male,Mining Engineering,MIN,2nd Year,2025-2029,2025,2501100596@gcekjr.ac.in,7623427988
2501100597,Rashmita Dalai,Female,Mining Engineering,MIN,2nd Year,2025-2029,2025,2501100597@gcekjr.ac.in,6716135967
2501100598,Harapriya Acharya,Female,Mining Engineering,MIN,2nd Year,2025-2029,2025,2501100598@gcekjr.ac.in,9854885618
2501100599,Gaurav Rout,Male,Mining Engineering,MIN,2nd Year,2025-2029,2025,2501100599@gcekjr.ac.in,7015810889
2501100600,Deepak Pati,Male,Mining Engineering,MIN,2nd Year,2025-2029,2025,2501100600@gcekjr.ac.in,6088519223
2501100601,Chandrika Sahu,Female,Mining Engineering,MIN,2nd Year,2025-2029,2025,2501100601@gcekjr.ac.in,8912272936
2501100602,Himanshu Swain,Male,Mining Engineering,MIN,2nd Year,2025-2029,2025,2501100602@gcekjr.ac.in,8541320821
2501100603,Chinmayee Muduli,Female,Mining Engineering,MIN,2nd Year,2025-2029,2025,2501100603@gcekjr.ac.in,9770936353
2501100604,Om Patnaik,Male,Mining Engineering,MIN,2nd Year,2025-2029,2025,2501100604@gcekjr.ac.in,7435359347
2501100605,Gaurav Mishra,Male,Mining Engineering,MIN,2nd Year,2025-2029,2025,2501100605@gcekjr.ac.in,7962207086
2501100606,Kajal Nayak,Female,Mining Engineering,MIN,2nd Year,2025-2029,2025,2501100606@gcekjr.ac.in,7322457195
2501100607,Swagatika Nayak,Female,Mining Engineering,MIN,2nd Year,2025-2029,2025,2501100607@gcekjr.ac.in,7655707861
2501100608,Manisha Jena,Female,Mining Engineering,MIN,2nd Year,2025-2029,2025,2501100608@gcekjr.ac.in,9855393408
2501100609,Rakesh Majhi,Male,Mining Engineering,MIN,2nd Year,2025-2029,2025,2501100609@gcekjr.ac.in,7403443232
2501100610,Jyotsna Khuntia,Female,Mining Engineering,MIN,2nd Year,2025-2029,2025,2501100610@gcekjr.ac.in,8754935728
2501100611,Swagatika Mishra,Female,Mining Engineering,MIN,2nd Year,2025-2029,2025,2501100611@gcekjr.ac.in,8785757546
2501100612,Sasmita Mohanty,Female,Mining Engineering,MIN,2nd Year,2025-2029,2025,2501100612@gcekjr.ac.in,6481284285
2501100613,Tapaswini Mishra,Female,Mining Engineering,MIN,2nd Year,2025-2029,2025,2501100613@gcekjr.ac.in,6260877932
2501100614,Om Maharana,Male,Mining Engineering,MIN,2nd Year,2025-2029,2025,2501100614@gcekjr.ac.in,7328308289
2501100615,Priyanka Behera,Female,Mining Engineering,MIN,2nd Year,2025-2029,2025,2501100615@gcekjr.ac.in,7782374907
2501100616,Abhishek Subudhi,Male,Mining Engineering,MIN,2nd Year,2025-2029,2025,2501100616@gcekjr.ac.in,7617038829
2501100617,Bijayalaxmi Mohanty,Female,Mining Engineering,MIN,2nd Year,2025-2029,2025,2501100617@gcekjr.ac.in,7111200343
2501100618,Kajal Acharya,Female,Mining Engineering,MIN,2nd Year,2025-2029,2025,2501100618@gcekjr.ac.in,9077527162
2501100619,Niranjan Senapati,Male,Mining Engineering,MIN,2nd Year,2025-2029,2025,2501100619@gcekjr.ac.in,7954533687
2501100620,Girish Sahu,Male,Mining Engineering,MIN,2nd Year,2025-2029,2025,2501100620@gcekjr.ac.in,6515766986
2501100621,Eshan Subudhi,Male,Mining Engineering,MIN,2nd Year,2025-2029,2025,2501100621@gcekjr.ac.in,7462320057
2501100622,Eshan Dey,Male,Mining Engineering,MIN,2nd Year,2025-2029,2025,2501100622@gcekjr.ac.in,9545384019
2501100623,Dibyajyoti Nayak,Male,Mining Engineering,MIN,2nd Year,2025-2029,2025,2501100623@gcekjr.ac.in,7431161531
2501100624,Ankita Samal,Female,Mining Engineering,MIN,2nd Year,2025-2029,2025,2501100624@gcekjr.ac.in,8590478705
2501100625,Snigdha Pradhan,Female,Mining Engineering,MIN,2nd Year,2025-2029,2025,2501100625@gcekjr.ac.in,6835113148
2501100626,Anita Hota,Female,Mining Engineering,MIN,2nd Year,2025-2029,2025,2501100626@gcekjr.ac.in,7135629366
2501100627,Snigdha Dash,Female,Mining Engineering,MIN,2nd Year,2025-2029,2025,2501100627@gcekjr.ac.in,6867555833
2501100628,Sushmita Pati,Female,Mining Engineering,MIN,2nd Year,2025-2029,2025,2501100628@gcekjr.ac.in,6135398645
2501100629,Pragyan Muduli,Female,Mining Engineering,MIN,2nd Year,2025-2029,2025,2501100629@gcekjr.ac.in,7123234320
2501100630,Ipsita Samal,Female,Mining Engineering,MIN,2nd Year,2025-2029,2025,2501100630@gcekjr.ac.in,8471422914
2501100631,Yash Bhoi,Male,Mining Engineering,MIN,2nd Year,2025-2029,2025,2501100631@gcekjr.ac.in,6389904935
2501100632,Bhagyashree Tripathy,Female,Mining Engineering,MIN,2nd Year,2025-2029,2025,2501100632@gcekjr.ac.in,7688048425
2501100633,Jyotiranjan Panda,Male,Mining Engineering,MIN,2nd Year,2025-2029,2025,2501100633@gcekjr.ac.in,9817000983
2501100634,Jyotiranjan Maharana,Male,Mining Engineering,MIN,2nd Year,2025-2029,2025,2501100634@gcekjr.ac.in,9631284689
2501100635,Tapan Maharana,Male,Mining Engineering,MIN,2nd Year,2025-2029,2025,2501100635@gcekjr.ac.in,7563315620
2501100636,Barsha Pati,Female,Mining Engineering,MIN,2nd Year,2025-2029,2025,2501100636@gcekjr.ac.in,7663365238
2501100637,Hemant Khuntia,Male,Mining Engineering,MIN,2nd Year,2025-2029,2025,2501100637@gcekjr.ac.in,6856306757
2501100638,Niranjan Subudhi,Male,Mining Engineering,MIN,2nd Year,2025-2029,2025,2501100638@gcekjr.ac.in,9505988063
2501100639,Itish Biswal,Male,Mining Engineering,MIN,2nd Year,2025-2029,2025,2501100639@gcekjr.ac.in,6969831550
2501100640,Jitendra Mishra,Male,Mining Engineering,MIN,2nd Year,2025-2029,2025,2501100640@gcekjr.ac.in,7385426228
2501100641,Debasis Muduli,Male,Mining Engineering,MIN,2nd Year,2025-2029,2025,2501100641@gcekjr.ac.in,6904982665
2501100642,Elina Das,Female,Mining Engineering,MIN,2nd Year,2025-2029,2025,2501100642@gcekjr.ac.in,8165350980
2501100643,Manisha Muduli,Female,Mining Engineering,MIN,2nd Year,2025-2029,2025,2501100643@gcekjr.ac.in,6112760760
2501100644,Itishree Sahu,Female,Mining Engineering,MIN,2nd Year,2025-2029,2025,2501100644@gcekjr.ac.in,8972905087
2501100645,Tapan Dalai,Male,Mining Engineering,MIN,2nd Year,2025-2029,2025,2501100645@gcekjr.ac.in,8608997305
2501100646,Esha Panda,Female,Mining Engineering,MIN,2nd Year,2025-2029,2025,2501100646@gcekjr.ac.in,8892454065
2501100647,Elina Naik,Female,Mining Engineering,MIN,2nd Year,2025-2029,2025,2501100647@gcekjr.ac.in,7156281789
2501100648,Priyanka Giri,Female,Mining Engineering,MIN,2nd Year,2025-2029,2025,2501100648@gcekjr.ac.in,7455814030
2501100649,Monalisa Maharana,Female,Mining Engineering,MIN,2nd Year,2025-2029,2025,2501100649@gcekjr.ac.in,6486356179
2501100650,Harapriya Nayak,Female,Mining Engineering,MIN,2nd Year,2025-2029,2025,2501100650@gcekjr.ac.in,8519185160
2501100651,Trupti Muduli,Female,Mining Engineering,MIN,2nd Year,2025-2029,2025,2501100651@gcekjr.ac.in,8409475660
2501100652,Aryan Barik,Male,Mining Engineering,MIN,2nd Year,2025-2029,2025,2501100652@gcekjr.ac.in,7109364569
2501100653,Mantu Nayak,Male,Mining Engineering,MIN,2nd Year,2025-2029,2025,2501100653@gcekjr.ac.in,7080432118
2501100654,Mantu Barik,Male,Mining Engineering,MIN,2nd Year,2025-2029,2025,2501100654@gcekjr.ac.in,8286394653
2501100655,Debendra Bhoi,Male,Mining Engineering,MIN,2nd Year,2025-2029,2025,2501100655@gcekjr.ac.in,8323036968
2501100656,Chinmayee Muduli,Female,Mining Engineering,MIN,2nd Year,2025-2029,2025,2501100656@gcekjr.ac.in,6315544258
2501100657,Esha Dalai,Female,Mining Engineering,MIN,2nd Year,2025-2029,2025,2501100657@gcekjr.ac.in,8356785813
2501100658,Om Khuntia,Male,Mining Engineering,MIN,2nd Year,2025-2029,2025,2501100658@gcekjr.ac.in,9868221991
2501100659,Sarita Rout,Female,Mining Engineering,MIN,2nd Year,2025-2029,2025,2501100659@gcekjr.ac.in,6775393147
2501100660,Rajashree Kar,Female,Mining Engineering,MIN,2nd Year,2025-2029,2025,2501100660@gcekjr.ac.in,8656260096
2501100661,Jyotsna Panda,Female,Mining Engineering,MIN,2nd Year,2025-2029,2025,2501100661@gcekjr.ac.in,6570017875
2501100662,Debasmita Nayak,Female,Mining Engineering,MIN,2nd Year,2025-2029,2025,2501100662@gcekjr.ac.in,8768302009
2501100663,Niranjan Parida,Male,Mining Engineering,MIN,2nd Year,2025-2029,2025,2501100663@gcekjr.ac.in,6505535488
2501100664,Deepak Dash,Male,Mining Engineering,MIN,2nd Year,2025-2029,2025,2501100664@gcekjr.ac.in,6746059467
2501100665,Aryan Parida,Male,Mining Engineering,MIN,2nd Year,2025-2029,2025,2501100665@gcekjr.ac.in,6497333984
2501100666,Ashutosh Naik,Male,Mining Engineering,MIN,2nd Year,2025-2029,2025,2501100666@gcekjr.ac.in,8895917194
2501100667,Barsha Dash,Female,Mining Engineering,MIN,2nd Year,2025-2029,2025,2501100667@gcekjr.ac.in,8443429592
2501100668,Gaurav Naik,Male,Mining Engineering,MIN,2nd Year,2025-2029,2025,2501100668@gcekjr.ac.in,6701374559
2501100669,Ujjwal Samal,Male,Mining Engineering,MIN,2nd Year,2025-2029,2025,2501100669@gcekjr.ac.in,9752527372
2501100670,Rakesh Palei,Male,Mining Engineering,MIN,2nd Year,2025-2029,2025,2501100670@gcekjr.ac.in,9563484980
2501100671,Rashmita Hota,Female,Mining Engineering,MIN,2nd Year,2025-2029,2025,2501100671@gcekjr.ac.in,6749133588
2501100672,Rakesh Acharya,Male,Mining Engineering,MIN,2nd Year,2025-2029,2025,2501100672@gcekjr.ac.in,9046660631
2501100673,Kanchan Palei,Female,Mining Engineering,MIN,2nd Year,2025-2029,2025,2501100673@gcekjr.ac.in,8723238443
2501100674,Chandrika Acharya,Female,Mining Engineering,MIN,2nd Year,2025-2029,2025,2501100674@gcekjr.ac.in,8266547607
2501100675,Eshan Swain,Male,Mining Engineering,MIN,2nd Year,2025-2029,2025,2501100675@gcekjr.ac.in,9190144402
2501100676,Sasmita Behera,Female,Mining Engineering,MIN,2nd Year,2025-2029,2025,2501100676@gcekjr.ac.in,9749734410
2501100677,Niranjan Pradhan,Male,Mining Engineering,MIN,2nd Year,2025-2029,2025,2501100677@gcekjr.ac.in,6343837870
2501100678,Nibedita Routray,Female,Mining Engineering,MIN,2nd Year,2025-2029,2025,2501100678@gcekjr.ac.in,6316733388
2501100679,Sagar Senapati,Male,Mining Engineering,MIN,2nd Year,2025-2029,2025,2501100679@gcekjr.ac.in,6269222908
2501100680,Lalatendu Barik,Male,Mining Engineering,MIN,2nd Year,2025-2029,2025,2501100680@gcekjr.ac.in,7136844942
2501100681,Kedar Acharya,Male,Mining Engineering,MIN,2nd Year,2025-2029,2025,2501100681@gcekjr.ac.in,8518708744
2501100682,Gyana Jagadev,Male,Mining Engineering,MIN,2nd Year,2025-2029,2025,2501100682@gcekjr.ac.in,9605434499
2501100683,Biswajit Mallick,Male,Mining Engineering,MIN,2nd Year,2025-2029,2025,2501100683@gcekjr.ac.in,8516730283
2501100684,Vandana Mallick,Female,Mining Engineering,MIN,2nd Year,2025-2029,2025,2501100684@gcekjr.ac.in,7434258754
2501100685,Vikram Mallick,Male,Mining Engineering,MIN,2nd Year,2025-2029,2025,2501100685@gcekjr.ac.in,9937354476
2501100686,Saroj Sahoo,Male,Mining Engineering,MIN,2nd Year,2025-2029,2025,2501100686@gcekjr.ac.in,8346608525
2501100687,Debjani Routray,Female,Mining Engineering,MIN,2nd Year,2025-2029,2025,2501100687@gcekjr.ac.in,6056437517
2501100688,Debendra Tripathy,Male,Mining Engineering,MIN,2nd Year,2025-2029,2025,2501100688@gcekjr.ac.in,7600607927
2501100689,Kanchan Bhoi,Female,Mining Engineering,MIN,2nd Year,2025-2029,2025,2501100689@gcekjr.ac.in,9938451626
2501100690,Saroj Jena,Male,Mining Engineering,MIN,2nd Year,2025-2029,2025,2501100690@gcekjr.ac.in,6732238883
2501100691,Harekrushna Swain,Male,Mining Engineering,MIN,2nd Year,2025-2029,2025,2501100691@gcekjr.ac.in,6578160628
2501100692,Esha Parida,Female,Mining Engineering,MIN,2nd Year,2025-2029,2025,2501100692@gcekjr.ac.in,6479827693
2501100693,Ankita Mishra,Female,Mining Engineering,MIN,2nd Year,2025-2029,2025,2501100693@gcekjr.ac.in,6307724212
2501100694,Chandan Jena,Male,Mining Engineering,MIN,2nd Year,2025-2029,2025,2501100694@gcekjr.ac.in,9385513882
2501100695,Kedar Dalai,Male,Mining Engineering,MIN,2nd Year,2025-2029,2025,2501100695@gcekjr.ac.in,9185845579
2501100696,Saroj Palei,Male,Mining Engineering,MIN,2nd Year,2025-2029,2025,2501100696@gcekjr.ac.in,7634940703
2501100697,Nabin Behera,Male,Mining Engineering,MIN,2nd Year,2025-2029,2025,2501100697@gcekjr.ac.in,9521517171
2501100698,Ankita Biswal,Female,Mining Engineering,MIN,2nd Year,2025-2029,2025,2501100698@gcekjr.ac.in,8902412323
2501100699,Gitanjali Tripathy,Female,Mining Engineering,MIN,2nd Year,2025-2029,2025,2501100699@gcekjr.ac.in,9414239186
2501100700,Trilochan Pradhan,Male,Mining Engineering,MIN,2nd Year,2025-2029,2025,2501100700@gcekjr.ac.in,9288862015
2501100701,Hemant Tripathy,Male,Mining Engineering,MIN,2nd Year,2025-2029,2025,2501100701@gcekjr.ac.in,9669963751
2501100702,Pragyan Acharya,Female,Mining Engineering,MIN,2nd Year,2025-2029,2025,2501100702@gcekjr.ac.in,9219248076
2501100703,Rajesh Panda,Male,Mining Engineering,MIN,2nd Year,2025-2029,2025,2501100703@gcekjr.ac.in,8061510759
2501100704,Gitanjali Palei,Female,Mining Engineering,MIN,2nd Year,2025-2029,2025,2501100704@gcekjr.ac.in,9059444799
2501100705,Biswajit Nayak,Male,Mining Engineering,MIN,2nd Year,2025-2029,2025,2501100705@gcekjr.ac.in,8983233908
2501100706,Hemant Jena,Male,Mining Engineering,MIN,2nd Year,2025-2029,2025,2501100706@gcekjr.ac.in,7672456664
2501100707,Himanshu Rout,Male,Mining Engineering,MIN,2nd Year,2025-2029,2025,2501100707@gcekjr.ac.in,6498795048
2501100708,Debendra Majhi,Male,Mining Engineering,MIN,2nd Year,2025-2029,2025,2501100708@gcekjr.ac.in,8285651066
2501100709,Sagar Senapati,Male,Mining Engineering,MIN,2nd Year,2025-2029,2025,2501100709@gcekjr.ac.in,9688990691
2501100710,Jitendra Dalai,Male,Mining Engineering,MIN,2nd Year,2025-2029,2025,2501100710@gcekjr.ac.in,7889647214
2501100711,Vivekananda Barik,Male,Mining Engineering,MIN,2nd Year,2025-2029,2025,2501100711@gcekjr.ac.in,7654609725
2501100712,Eshan Palei,Male,Mining Engineering,MIN,2nd Year,2025-2029,2025,2501100712@gcekjr.ac.in,9401813991
2501100713,Mantu Das,Male,Mining Engineering,MIN,2nd Year,2025-2029,2025,2501100713@gcekjr.ac.in,7358231827
2501100714,Aryan Dey,Male,Mining Engineering,MIN,2nd Year,2025-2029,2025,2501100714@gcekjr.ac.in,8026010409
2501100715,Pratyusha Giri,Female,Mining Engineering,MIN,2nd Year,2025-2029,2025,2501100715@gcekjr.ac.in,9370612287
2501100716,Rashmita Behera,Female,Mining Engineering,MIN,2nd Year,2025-2029,2025,2501100716@gcekjr.ac.in,8318643119
2501100717,Debasmita Routray,Female,Mining Engineering,MIN,2nd Year,2025-2029,2025,2501100717@gcekjr.ac.in,6443470808
2501100718,Esha Mohanty,Female,Mining Engineering,MIN,2nd Year,2025-2029,2025,2501100718@gcekjr.ac.in,9126396823
2501100719,Abhishek Maharana,Male,Mining Engineering,MIN,2nd Year,2025-2029,2025,2501100719@gcekjr.ac.in,7401570328
2501100720,Sushmita Nayak,Female,Mining Engineering,MIN,2nd Year,2025-2029,2025,2501100720@gcekjr.ac.in,9120973345
2501100721,Om Prava Mohanty,Female,Mining Engineering,MIN,2nd Year,2025-2029,2025,2501100721@gcekjr.ac.in,6842486475
2501100722,Ipsita Rout,Female,Mining Engineering,MIN,2nd Year,2025-2029,2025,2501100722@gcekjr.ac.in,8741279747
2501100723,Manisha Kar,Female,Mining Engineering,MIN,2nd Year,2025-2029,2025,2501100723@gcekjr.ac.in,9539072133
2501100724,Chandan Behera,Male,Mining Engineering,MIN,2nd Year,2025-2029,2025,2501100724@gcekjr.ac.in,8096515528
2501100725,Yashaswini Biswal,Female,Mining Engineering,MIN,2nd Year,2025-2029,2025,2501100725@gcekjr.ac.in,9494827717
2501100726,Kajal Acharya,Female,Mining Engineering,MIN,2nd Year,2025-2029,2025,2501100726@gcekjr.ac.in,6211133028
2501100727,Gyana Bhoi,Male,Mining Engineering,MIN,2nd Year,2025-2029,2025,2501100727@gcekjr.ac.in,6269159443
2501100728,Trupti Mohanty,Female,Mining Engineering,MIN,2nd Year,2025-2029,2025,2501100728@gcekjr.ac.in,8769904733
2501100729,Rakesh Majhi,Male,Mining Engineering,MIN,2nd Year,2025-2029,2025,2501100729@gcekjr.ac.in,6043171567
2501100730,Itishree Routray,Female,Mining Engineering,MIN,2nd Year,2025-2029,2025,2501100730@gcekjr.ac.in,9176709845
2501100731,Rakesh Pati,Male,Mining Engineering,MIN,2nd Year,2025-2029,2025,2501100731@gcekjr.ac.in,8899323232
2501100732,Abhishek Pati,Male,Mining Engineering,MIN,2nd Year,2025-2029,2025,2501100732@gcekjr.ac.in,6440593053
2501100733,Usharani Patnaik,Female,Mining Engineering,MIN,2nd Year,2025-2029,2025,2501100733@gcekjr.ac.in,8180046883
2501100734,Monalisa Patnaik,Female,Mining Engineering,MIN,2nd Year,2025-2029,2025,2501100734@gcekjr.ac.in,7590659987
2501100735,Biswajit Muduli,Male,Mining Engineering,MIN,2nd Year,2025-2029,2025,2501100735@gcekjr.ac.in,6195748374
2501100736,Gitanjali Subudhi,Female,Mining Engineering,MIN,2nd Year,2025-2029,2025,2501100736@gcekjr.ac.in,7246871154
2501100737,Priyanka Palei,Female,Mining Engineering,MIN,2nd Year,2025-2029,2025,2501100737@gcekjr.ac.in,8964999734
2501100738,Himanshu Dalai,Male,Mining Engineering,MIN,2nd Year,2025-2029,2025,2501100738@gcekjr.ac.in,9485066520
2501100739,Yashaswini Das,Female,Mining Engineering,MIN,2nd Year,2025-2029,2025,2501100739@gcekjr.ac.in,8069253234
2501100740,Rajesh Giri,Male,Mining Engineering,MIN,2nd Year,2025-2029,2025,2501100740@gcekjr.ac.in,6775459932
2501100741,Yashaswini Acharya,Female,Mining Engineering,MIN,2nd Year,2025-2029,2025,2501100741@gcekjr.ac.in,6295437133
2501100742,Deepak Hota,Male,Mining Engineering,MIN,2nd Year,2025-2029,2025,2501100742@gcekjr.ac.in,9412230287
2501100743,Eshan Swain,Male,Mining Engineering,MIN,2nd Year,2025-2029,2025,2501100743@gcekjr.ac.in,6604593374
2501100744,Rajashree Maharana,Female,Mining Engineering,MIN,2nd Year,2025-2029,2025,2501100744@gcekjr.ac.in,8292629540
2501100745,Chinmayee Dash,Female,Mining Engineering,MIN,2nd Year,2025-2029,2025,2501100745@gcekjr.ac.in,6311360333
2501100746,Varsha Jena,Female,Mining Engineering,MIN,2nd Year,2025-2029,2025,2501100746@gcekjr.ac.in,7154690036
2501100747,Kedar Maharana,Male,Mining Engineering,MIN,2nd Year,2025-2029,2025,2501100747@gcekjr.ac.in,6634553015
2501100748,Sarita Routray,Female,Mining Engineering,MIN,2nd Year,2025-2029,2025,2501100748@gcekjr.ac.in,6943046810
2501100749,Nabin Jagadev,Male,Mining Engineering,MIN,2nd Year,2025-2029,2025,2501100749@gcekjr.ac.in,8862550137
2501100750,Amit Pati,Male,Mining Engineering,MIN,2nd Year,2025-2029,2025,2501100750@gcekjr.ac.in,7639158981
2501100751,Amit Patnaik,Male,Mineral Engineering,MEX,2nd Year,2025-2029,2025,2501100751@gcekjr.ac.in,9204756441
2501100752,Jyotiranjan Routray,Male,Mineral Engineering,MEX,2nd Year,2025-2029,2025,2501100752@gcekjr.ac.in,7307196287
2501100753,Debjani Dalai,Female,Mineral Engineering,MEX,2nd Year,2025-2029,2025,2501100753@gcekjr.ac.in,8405149402
2501100754,Monalisa Sethi,Female,Mineral Engineering,MEX,2nd Year,2025-2029,2025,2501100754@gcekjr.ac.in,8350930408
2501100755,Gayatri Behera,Female,Mineral Engineering,MEX,2nd Year,2025-2029,2025,2501100755@gcekjr.ac.in,8942690870
2501100756,Yashaswini Kar,Female,Mineral Engineering,MEX,2nd Year,2025-2029,2025,2501100756@gcekjr.ac.in,8682961362
2501100757,Saroj Maharana,Male,Mineral Engineering,MEX,2nd Year,2025-2029,2025,2501100757@gcekjr.ac.in,9889595508
2501100758,Gyana Majhi,Male,Mineral Engineering,MEX,2nd Year,2025-2029,2025,2501100758@gcekjr.ac.in,9358832057
2501100759,Trilochan Acharya,Male,Mineral Engineering,MEX,2nd Year,2025-2029,2025,2501100759@gcekjr.ac.in,8303026455
2501100760,Abhishek Mishra,Male,Mineral Engineering,MEX,2nd Year,2025-2029,2025,2501100760@gcekjr.ac.in,6701761333
2501100761,Om Prava Samal,Female,Mineral Engineering,MEX,2nd Year,2025-2029,2025,2501100761@gcekjr.ac.in,7305949224
2501100762,Jagruti Jagadev,Female,Mineral Engineering,MEX,2nd Year,2025-2029,2025,2501100762@gcekjr.ac.in,6948460292
2501100763,Mantu Acharya,Male,Mineral Engineering,MEX,2nd Year,2025-2029,2025,2501100763@gcekjr.ac.in,8022709293
2501100764,Swagatika Tripathy,Female,Mineral Engineering,MEX,2nd Year,2025-2029,2025,2501100764@gcekjr.ac.in,9039235866
2501100765,Abhishek Khuntia,Male,Mineral Engineering,MEX,2nd Year,2025-2029,2025,2501100765@gcekjr.ac.in,6742971314
2501100766,Barsha Mallick,Female,Mineral Engineering,MEX,2nd Year,2025-2029,2025,2501100766@gcekjr.ac.in,9060623185
2501100767,Manas Mallick,Male,Mineral Engineering,MEX,2nd Year,2025-2029,2025,2501100767@gcekjr.ac.in,7883143402
2501100768,Pratyusha Sahoo,Female,Mineral Engineering,MEX,2nd Year,2025-2029,2025,2501100768@gcekjr.ac.in,7375021697
2501100769,Saroj Senapati,Male,Mineral Engineering,MEX,2nd Year,2025-2029,2025,2501100769@gcekjr.ac.in,6233435987
2501100770,Manas Pradhan,Male,Mineral Engineering,MEX,2nd Year,2025-2029,2025,2501100770@gcekjr.ac.in,9583408834
2501100771,Itish Behera,Male,Mineral Engineering,MEX,2nd Year,2025-2029,2025,2501100771@gcekjr.ac.in,7869234630
2501100772,Snigdha Dalai,Female,Mineral Engineering,MEX,2nd Year,2025-2029,2025,2501100772@gcekjr.ac.in,7454359949
2501100773,Bikash Das,Male,Mineral Engineering,MEX,2nd Year,2025-2029,2025,2501100773@gcekjr.ac.in,6437766568
2501100774,Chinmay Nayak,Male,Mineral Engineering,MEX,2nd Year,2025-2029,2025,2501100774@gcekjr.ac.in,6872328709
2501100775,Rashmita Barik,Female,Mineral Engineering,MEX,2nd Year,2025-2029,2025,2501100775@gcekjr.ac.in,8855291989
2501100776,Vivekananda Parida,Male,Mineral Engineering,MEX,2nd Year,2025-2029,2025,2501100776@gcekjr.ac.in,6677887149
2501100777,Chandan Dalai,Male,Mineral Engineering,MEX,2nd Year,2025-2029,2025,2501100777@gcekjr.ac.in,7207860769
2501100778,Jyotsna Pati,Female,Mineral Engineering,MEX,2nd Year,2025-2029,2025,2501100778@gcekjr.ac.in,6088705458
2501100779,Gaurav Jagadev,Male,Mineral Engineering,MEX,2nd Year,2025-2029,2025,2501100779@gcekjr.ac.in,9010115614
2501100780,Ankit Majhi,Male,Mineral Engineering,MEX,2nd Year,2025-2029,2025,2501100780@gcekjr.ac.in,6547939776
2501100781,Ipsit Naik,Male,Mineral Engineering,MEX,2nd Year,2025-2029,2025,2501100781@gcekjr.ac.in,6773858086
2501100782,Biswajit Hota,Male,Mineral Engineering,MEX,2nd Year,2025-2029,2025,2501100782@gcekjr.ac.in,7604097672
2501100783,Subham Behera,Male,Mineral Engineering,MEX,2nd Year,2025-2029,2025,2501100783@gcekjr.ac.in,7498104993
2501100784,Om Barik,Male,Mineral Engineering,MEX,2nd Year,2025-2029,2025,2501100784@gcekjr.ac.in,9254091345
2501100785,Bhagyashree Sethi,Female,Mineral Engineering,MEX,2nd Year,2025-2029,2025,2501100785@gcekjr.ac.in,6921220450
2501100786,Kedar Rout,Male,Mineral Engineering,MEX,2nd Year,2025-2029,2025,2501100786@gcekjr.ac.in,8187864271
2501100787,Tapaswini Mallick,Female,Mineral Engineering,MEX,2nd Year,2025-2029,2025,2501100787@gcekjr.ac.in,6098961941
2501100788,Tanmayee Sahoo,Female,Mineral Engineering,MEX,2nd Year,2025-2029,2025,2501100788@gcekjr.ac.in,7543959646
2501100789,Ipsit Mishra,Male,Mineral Engineering,MEX,2nd Year,2025-2029,2025,2501100789@gcekjr.ac.in,7708377650
2501100790,Anita Pradhan,Female,Mineral Engineering,MEX,2nd Year,2025-2029,2025,2501100790@gcekjr.ac.in,8843982121
2501100791,Lokanath Nayak,Male,Mineral Engineering,MEX,2nd Year,2025-2029,2025,2501100791@gcekjr.ac.in,8844498313
2501100792,Chandrika Nayak,Female,Mineral Engineering,MEX,2nd Year,2025-2029,2025,2501100792@gcekjr.ac.in,6181669798
2501100793,Girish Swain,Male,Mineral Engineering,MEX,2nd Year,2025-2029,2025,2501100793@gcekjr.ac.in,6496919541
2501100794,Pratap Maharana,Male,Mineral Engineering,MEX,2nd Year,2025-2029,2025,2501100794@gcekjr.ac.in,8771144000
2501100795,Lalatendu Barik,Male,Mineral Engineering,MEX,2nd Year,2025-2029,2025,2501100795@gcekjr.ac.in,8845786445
2501100796,Om Das,Male,Mineral Engineering,MEX,2nd Year,2025-2029,2025,2501100796@gcekjr.ac.in,6696764940
2501100797,Debendra Palei,Male,Mineral Engineering,MEX,2nd Year,2025-2029,2025,2501100797@gcekjr.ac.in,8870287679
2501100798,Bhagyashree Bhoi,Female,Mineral Engineering,MEX,2nd Year,2025-2029,2025,2501100798@gcekjr.ac.in,7036170788
2501100799,Vikram Biswal,Male,Mineral Engineering,MEX,2nd Year,2025-2029,2025,2501100799@gcekjr.ac.in,8255154574
2501100800,Nabin Subudhi,Male,Mineral Engineering,MEX,2nd Year,2025-2029,2025,2501100800@gcekjr.ac.in,8475681903
2501100801,Rashmita Dash,Female,Mineral Engineering,MEX,2nd Year,2025-2029,2025,2501100801@gcekjr.ac.in,8188561831
2501100802,Manisha Sahoo,Female,Mineral Engineering,MEX,2nd Year,2025-2029,2025,2501100802@gcekjr.ac.in,9655621706
2501100803,Om Biswal,Male,Mineral Engineering,MEX,2nd Year,2025-2029,2025,2501100803@gcekjr.ac.in,6271671728
2501100804,Bhagyashree Biswal,Female,Mineral Engineering,MEX,2nd Year,2025-2029,2025,2501100804@gcekjr.ac.in,7419644176
2501100805,Vikram Bhoi,Male,Mineral Engineering,MEX,2nd Year,2025-2029,2025,2501100805@gcekjr.ac.in,6250839392
2501100806,Manas Bhoi,Male,Mineral Engineering,MEX,2nd Year,2025-2029,2025,2501100806@gcekjr.ac.in,7378097425
2501100807,Manisha Hota,Female,Mineral Engineering,MEX,2nd Year,2025-2029,2025,2501100807@gcekjr.ac.in,9031296197
2501100808,Ujjwal Dalai,Male,Mineral Engineering,MEX,2nd Year,2025-2029,2025,2501100808@gcekjr.ac.in,9163425084
2501100809,Vikram Muduli,Male,Mineral Engineering,MEX,2nd Year,2025-2029,2025,2501100809@gcekjr.ac.in,7322400178
2501100810,Manisha Rout,Female,Mineral Engineering,MEX,2nd Year,2025-2029,2025,2501100810@gcekjr.ac.in,8148421009
2501100811,Om Prava Acharya,Female,Mineral Engineering,MEX,2nd Year,2025-2029,2025,2501100811@gcekjr.ac.in,8424042827
2501100812,Varsha Panda,Female,Mineral Engineering,MEX,2nd Year,2025-2029,2025,2501100812@gcekjr.ac.in,7028819277
2501100813,Hemalata Sahu,Female,Mineral Engineering,MEX,2nd Year,2025-2029,2025,2501100813@gcekjr.ac.in,6107594065
2501100814,Om Prava Maharana,Female,Mineral Engineering,MEX,2nd Year,2025-2029,2025,2501100814@gcekjr.ac.in,6081540066
2501100815,Jagruti Routray,Female,Mineral Engineering,MEX,2nd Year,2025-2029,2025,2501100815@gcekjr.ac.in,8974435754
2501100816,Sarita Kar,Female,Mineral Engineering,MEX,2nd Year,2025-2029,2025,2501100816@gcekjr.ac.in,8521830005
2501100817,Jagruti Giri,Female,Mineral Engineering,MEX,2nd Year,2025-2029,2025,2501100817@gcekjr.ac.in,7802164573
2501100818,Ujjwal Das,Male,Mineral Engineering,MEX,2nd Year,2025-2029,2025,2501100818@gcekjr.ac.in,8512184070
2501100819,Subham Maharana,Male,Mineral Engineering,MEX,2nd Year,2025-2029,2025,2501100819@gcekjr.ac.in,7394736608
2501100820,Hemalata Dalai,Female,Mineral Engineering,MEX,2nd Year,2025-2029,2025,2501100820@gcekjr.ac.in,6966295118
2501100821,Upasana Acharya,Female,Mineral Engineering,MEX,2nd Year,2025-2029,2025,2501100821@gcekjr.ac.in,9603650598
2501100822,Priyanka Giri,Female,Mineral Engineering,MEX,2nd Year,2025-2029,2025,2501100822@gcekjr.ac.in,8232876934
2501100823,Bhagyashree Mohanty,Female,Mineral Engineering,MEX,2nd Year,2025-2029,2025,2501100823@gcekjr.ac.in,7556656243
2501100824,Ankita Das,Female,Mineral Engineering,MEX,2nd Year,2025-2029,2025,2501100824@gcekjr.ac.in,7960038973
2501100825,Vikram Muduli,Male,Mineral Engineering,MEX,2nd Year,2025-2029,2025,2501100825@gcekjr.ac.in,6714755350
2501100826,Bibhu Dalai,Male,Mineral Engineering,MEX,2nd Year,2025-2029,2025,2501100826@gcekjr.ac.in,9887706809
2501100827,Rajesh Patnaik,Male,Mineral Engineering,MEX,2nd Year,2025-2029,2025,2501100827@gcekjr.ac.in,8236283015
2501100828,Ankita Khuntia,Female,Mineral Engineering,MEX,2nd Year,2025-2029,2025,2501100828@gcekjr.ac.in,7088884551
2501100829,Vivekananda Subudhi,Male,Mineral Engineering,MEX,2nd Year,2025-2029,2025,2501100829@gcekjr.ac.in,6656782335
2501100830,Saroj Palei,Male,Mineral Engineering,MEX,2nd Year,2025-2029,2025,2501100830@gcekjr.ac.in,8359750608
2501100831,Itishree Subudhi,Female,Mineral Engineering,MEX,2nd Year,2025-2029,2025,2501100831@gcekjr.ac.in,8279603009
2501100832,Sasmita Behera,Female,Mineral Engineering,MEX,2nd Year,2025-2029,2025,2501100832@gcekjr.ac.in,8728679922
2501100833,Kartik Parida,Male,Mineral Engineering,MEX,2nd Year,2025-2029,2025,2501100833@gcekjr.ac.in,6652458131
2501100834,Eshan Swain,Male,Mineral Engineering,MEX,2nd Year,2025-2029,2025,2501100834@gcekjr.ac.in,8002299286
2501100835,Gayatri Dalai,Female,Mineral Engineering,MEX,2nd Year,2025-2029,2025,2501100835@gcekjr.ac.in,8633775415
2501100836,Ipsit Palei,Male,Mineral Engineering,MEX,2nd Year,2025-2029,2025,2501100836@gcekjr.ac.in,7002643735
2501100837,Om Rout,Male,Mineral Engineering,MEX,2nd Year,2025-2029,2025,2501100837@gcekjr.ac.in,7718941379
2501100838,Vikram Giri,Male,Mineral Engineering,MEX,2nd Year,2025-2029,2025,2501100838@gcekjr.ac.in,7905254907
2501100839,Yashaswini Jagadev,Female,Mineral Engineering,MEX,2nd Year,2025-2029,2025,2501100839@gcekjr.ac.in,8013950072
2501100840,Tapan Routray,Male,Mineral Engineering,MEX,2nd Year,2025-2029,2025,2501100840@gcekjr.ac.in,7385067805
2501100841,Abhishek Parida,Male,Mineral Engineering,MEX,2nd Year,2025-2029,2025,2501100841@gcekjr.ac.in,6233698034
2501100842,Ipsit Dey,Male,Mineral Engineering,MEX,2nd Year,2025-2029,2025,2501100842@gcekjr.ac.in,9463362471
2501100843,Pradyumna Patnaik,Male,Mineral Engineering,MEX,2nd Year,2025-2029,2025,2501100843@gcekjr.ac.in,7386115741
2501100844,Nabin Panda,Male,Mineral Engineering,MEX,2nd Year,2025-2029,2025,2501100844@gcekjr.ac.in,9704202678
2501100845,Trilochan Swain,Male,Mineral Engineering,MEX,2nd Year,2025-2029,2025,2501100845@gcekjr.ac.in,7195979600
2501100846,Hemalata Tripathy,Female,Mineral Engineering,MEX,2nd Year,2025-2029,2025,2501100846@gcekjr.ac.in,9230286008
2501100847,Ashutosh Khuntia,Male,Mineral Engineering,MEX,2nd Year,2025-2029,2025,2501100847@gcekjr.ac.in,6304536054
2501100848,Gitanjali Patnaik,Female,Mineral Engineering,MEX,2nd Year,2025-2029,2025,2501100848@gcekjr.ac.in,6938811050
2501100849,Debjani Biswal,Female,Mineral Engineering,MEX,2nd Year,2025-2029,2025,2501100849@gcekjr.ac.in,7530420681
2501100850,Ujjwal Sethi,Male,Mineral Engineering,MEX,2nd Year,2025-2029,2025,2501100850@gcekjr.ac.in,6017429245
2501100851,Hemalata Behera,Female,Mineral Engineering,MEX,2nd Year,2025-2029,2025,2501100851@gcekjr.ac.in,8525277938
2501100852,Rashmita Mallick,Female,Mineral Engineering,MEX,2nd Year,2025-2029,2025,2501100852@gcekjr.ac.in,6647874775
2501100853,Swagatika Hota,Female,Mineral Engineering,MEX,2nd Year,2025-2029,2025,2501100853@gcekjr.ac.in,8740108333
2501100854,Swagatika Maharana,Female,Mineral Engineering,MEX,2nd Year,2025-2029,2025,2501100854@gcekjr.ac.in,9436664095
2501100855,Om Routray,Male,Mineral Engineering,MEX,2nd Year,2025-2029,2025,2501100855@gcekjr.ac.in,7504989487
2501100856,Eshan Nayak,Male,Mineral Engineering,MEX,2nd Year,2025-2029,2025,2501100856@gcekjr.ac.in,7374281491
2501100857,Varsha Dey,Female,Mineral Engineering,MEX,2nd Year,2025-2029,2025,2501100857@gcekjr.ac.in,8481091238
2501100858,Rohit Mallick,Male,Mineral Engineering,MEX,2nd Year,2025-2029,2025,2501100858@gcekjr.ac.in,6669684239
2501100859,Namrata Palei,Female,Mineral Engineering,MEX,2nd Year,2025-2029,2025,2501100859@gcekjr.ac.in,6487919673
2501100860,Eshan Panda,Male,Mineral Engineering,MEX,2nd Year,2025-2029,2025,2501100860@gcekjr.ac.in,7611223196
2501100861,Ankit Pati,Male,Mineral Engineering,MEX,2nd Year,2025-2029,2025,2501100861@gcekjr.ac.in,8142534580
2501100862,Ankit Routray,Male,Mineral Engineering,MEX,2nd Year,2025-2029,2025,2501100862@gcekjr.ac.in,9865011467
2501100863,Monalisa Senapati,Female,Mineral Engineering,MEX,2nd Year,2025-2029,2025,2501100863@gcekjr.ac.in,6844179610
2501100864,Om Pati,Male,Mineral Engineering,MEX,2nd Year,2025-2029,2025,2501100864@gcekjr.ac.in,7957729055
2501100865,Dibyajyoti Parida,Male,Mineral Engineering,MEX,2nd Year,2025-2029,2025,2501100865@gcekjr.ac.in,6279643625
2501100866,Rashmita Dalai,Female,Mineral Engineering,MEX,2nd Year,2025-2029,2025,2501100866@gcekjr.ac.in,7644138460
2501100867,Harekrushna Giri,Male,Mineral Engineering,MEX,2nd Year,2025-2029,2025,2501100867@gcekjr.ac.in,8153122934
2501100868,Tapan Naik,Male,Mineral Engineering,MEX,2nd Year,2025-2029,2025,2501100868@gcekjr.ac.in,9377558089
2501100869,Namrata Barik,Female,Mineral Engineering,MEX,2nd Year,2025-2029,2025,2501100869@gcekjr.ac.in,6390241374
2501100870,Esha Jena,Female,Mineral Engineering,MEX,2nd Year,2025-2029,2025,2501100870@gcekjr.ac.in,9628541313
2501100871,Ankit Naik,Male,Mineral Engineering,MEX,2nd Year,2025-2029,2025,2501100871@gcekjr.ac.in,8864302353
2501100872,Ipsita Rout,Female,Mineral Engineering,MEX,2nd Year,2025-2029,2025,2501100872@gcekjr.ac.in,7392025157
2501100873,Itishree Nayak,Female,Mineral Engineering,MEX,2nd Year,2025-2029,2025,2501100873@gcekjr.ac.in,8430371217
2501100874,Swagatika Routray,Female,Mineral Engineering,MEX,2nd Year,2025-2029,2025,2501100874@gcekjr.ac.in,8706187020
2501100875,Rajesh Naik,Male,Mineral Engineering,MEX,2nd Year,2025-2029,2025,2501100875@gcekjr.ac.in,7535847409
2501100876,Aryan Bhoi,Male,Mineral Engineering,MEX,2nd Year,2025-2029,2025,2501100876@gcekjr.ac.in,8369023812
2501100877,Jagannath Patnaik,Male,Mineral Engineering,MEX,2nd Year,2025-2029,2025,2501100877@gcekjr.ac.in,7159591581
2501100878,Lalatendu Tripathy,Male,Mineral Engineering,MEX,2nd Year,2025-2029,2025,2501100878@gcekjr.ac.in,6640300832
2501100879,Manas Pradhan,Male,Mineral Engineering,MEX,2nd Year,2025-2029,2025,2501100879@gcekjr.ac.in,8074211808
2501100880,Jitendra Mallick,Male,Mineral Engineering,MEX,2nd Year,2025-2029,2025,2501100880@gcekjr.ac.in,8914477811
2501100881,Sasmita Behera,Female,Mineral Engineering,MEX,2nd Year,2025-2029,2025,2501100881@gcekjr.ac.in,9507438235
2501100882,Monalisa Swain,Female,Mineral Engineering,MEX,2nd Year,2025-2029,2025,2501100882@gcekjr.ac.in,9900040372
2501100883,Ashutosh Samal,Male,Mineral Engineering,MEX,2nd Year,2025-2029,2025,2501100883@gcekjr.ac.in,9283806966
2501100884,Girish Tripathy,Male,Mineral Engineering,MEX,2nd Year,2025-2029,2025,2501100884@gcekjr.ac.in,6302747915
2501100885,Yashaswini Subudhi,Female,Mineral Engineering,MEX,2nd Year,2025-2029,2025,2501100885@gcekjr.ac.in,8243092255
2501100886,Harekrushna Jagadev,Male,Mineral Engineering,MEX,2nd Year,2025-2029,2025,2501100886@gcekjr.ac.in,7737218697
2501100887,Sarita Mishra,Female,Mineral Engineering,MEX,2nd Year,2025-2029,2025,2501100887@gcekjr.ac.in,7340159403
2501100888,Deepak Routray,Male,Mineral Engineering,MEX,2nd Year,2025-2029,2025,2501100888@gcekjr.ac.in,7111098391
2501100889,Om Prava Kar,Female,Mineral Engineering,MEX,2nd Year,2025-2029,2025,2501100889@gcekjr.ac.in,7118393150
2501100890,Utkarsh Parida,Male,Mineral Engineering,MEX,2nd Year,2025-2029,2025,2501100890@gcekjr.ac.in,6912865069
2501100891,Ankit Kar,Male,Mineral Engineering,MEX,2nd Year,2025-2029,2025,2501100891@gcekjr.ac.in,8943951870
2501100892,Itish Behera,Male,Mineral Engineering,MEX,2nd Year,2025-2029,2025,2501100892@gcekjr.ac.in,7460544431
2501100893,Deepak Sahu,Male,Mineral Engineering,MEX,2nd Year,2025-2029,2025,2501100893@gcekjr.ac.in,9174021283
2501100894,Lalatendu Mallick,Male,Mineral Engineering,MEX,2nd Year,2025-2029,2025,2501100894@gcekjr.ac.in,9933013047
2501100895,Upasana Mohanty,Female,Mineral Engineering,MEX,2nd Year,2025-2029,2025,2501100895@gcekjr.ac.in,8227087500
2501100896,Biswajit Parida,Male,Mineral Engineering,MEX,2nd Year,2025-2029,2025,2501100896@gcekjr.ac.in,7048675754
2501100897,Hemant Muduli,Male,Mineral Engineering,MEX,2nd Year,2025-2029,2025,2501100897@gcekjr.ac.in,8361870535
2501100898,Chandrika Subudhi,Female,Mineral Engineering,MEX,2nd Year,2025-2029,2025,2501100898@gcekjr.ac.in,6135911387
2501100899,Kartik Sahoo,Male,Mineral Engineering,MEX,2nd Year,2025-2029,2025,2501100899@gcekjr.ac.in,6151580485
2501100900,Snigdha Patnaik,Female,Mineral Engineering,MEX,2nd Year,2025-2029,2025,2501100900@gcekjr.ac.in,9580595853
2501100901,Deepak Mallick,Male,Mineral Engineering,MEX,2nd Year,2025-2029,2025,2501100901@gcekjr.ac.in,9775621497
2501100902,Gyana Das,Male,Mineral Engineering,MEX,2nd Year,2025-2029,2025,2501100902@gcekjr.ac.in,9963608914
2501100903,Lokanath Barik,Male,Mineral Engineering,MEX,2nd Year,2025-2029,2025,2501100903@gcekjr.ac.in,8532690262
2501100904,Jagruti Acharya,Female,Mineral Engineering,MEX,2nd Year,2025-2029,2025,2501100904@gcekjr.ac.in,8158923564
2501100905,Abhishek Naik,Male,Mineral Engineering,MEX,2nd Year,2025-2029,2025,2501100905@gcekjr.ac.in,9606139200
2501100906,Harekrushna Parida,Male,Mineral Engineering,MEX,2nd Year,2025-2029,2025,2501100906@gcekjr.ac.in,9044831963
2501100907,Vandana Pradhan,Female,Mineral Engineering,MEX,2nd Year,2025-2029,2025,2501100907@gcekjr.ac.in,9632728840
2501100908,Rajesh Khuntia,Male,Mineral Engineering,MEX,2nd Year,2025-2029,2025,2501100908@gcekjr.ac.in,8434291741
2501100909,Chinmay Kar,Male,Mineral Engineering,MEX,2nd Year,2025-2029,2025,2501100909@gcekjr.ac.in,7304257370
2501100910,Usharani Mallick,Female,Mineral Engineering,MEX,2nd Year,2025-2029,2025,2501100910@gcekjr.ac.in,7072449510
2501100911,Alina Hota,Female,Mineral Engineering,MEX,2nd Year,2025-2029,2025,2501100911@gcekjr.ac.in,7985396730
2501100912,Biswajit Behera,Male,Mineral Engineering,MEX,2nd Year,2025-2029,2025,2501100912@gcekjr.ac.in,8657774515
2501100913,Tapaswini Samal,Female,Mineral Engineering,MEX,2nd Year,2025-2029,2025,2501100913@gcekjr.ac.in,7957053938
2501100914,Eshan Kar,Male,Mineral Engineering,MEX,2nd Year,2025-2029,2025,2501100914@gcekjr.ac.in,6092458348
2501100915,Snigdha Sethi,Female,Mineral Engineering,MEX,2nd Year,2025-2029,2025,2501100915@gcekjr.ac.in,7636125641
2501100916,Harapriya Biswal,Female,Mineral Engineering,MEX,2nd Year,2025-2029,2025,2501100916@gcekjr.ac.in,6825508319
2501100917,Sasmita Acharya,Female,Mineral Engineering,MEX,2nd Year,2025-2029,2025,2501100917@gcekjr.ac.in,8603620434
2501100918,Debjani Dash,Female,Mineral Engineering,MEX,2nd Year,2025-2029,2025,2501100918@gcekjr.ac.in,7873108940
2501100919,Gitanjali Sahu,Female,Mineral Engineering,MEX,2nd Year,2025-2029,2025,2501100919@gcekjr.ac.in,9862452392
2501100920,Girish Khuntia,Male,Mineral Engineering,MEX,2nd Year,2025-2029,2025,2501100920@gcekjr.ac.in,8553862028
2501100921,Aryan Jena,Male,Mineral Engineering,MEX,2nd Year,2025-2029,2025,2501100921@gcekjr.ac.in,8972692909
2501100922,Jyotiranjan Senapati,Male,Mineral Engineering,MEX,2nd Year,2025-2029,2025,2501100922@gcekjr.ac.in,6861249468
2501100923,Amit Samal,Male,Mineral Engineering,MEX,2nd Year,2025-2029,2025,2501100923@gcekjr.ac.in,9887184636
2501100924,Trupti Mishra,Female,Mineral Engineering,MEX,2nd Year,2025-2029,2025,2501100924@gcekjr.ac.in,6500610252
2501100925,Niranjan Subudhi,Male,Mineral Engineering,MEX,2nd Year,2025-2029,2025,2501100925@gcekjr.ac.in,9356655221
2501100926,Biswajit Naik,Male,Mineral Engineering,MEX,2nd Year,2025-2029,2025,2501100926@gcekjr.ac.in,8958961170
2501100927,Nabin Pati,Male,Mineral Engineering,MEX,2nd Year,2025-2029,2025,2501100927@gcekjr.ac.in,7883096439
2501100928,Jyotsna Dey,Female,Mineral Engineering,MEX,2nd Year,2025-2029,2025,2501100928@gcekjr.ac.in,9507606535
2501100929,Chinmay Sahu,Male,Mineral Engineering,MEX,2nd Year,2025-2029,2025,2501100929@gcekjr.ac.in,7291409174
2501100930,Jyotiranjan Acharya,Male,Mineral Engineering,MEX,2nd Year,2025-2029,2025,2501100930@gcekjr.ac.in,6465661958
2501100931,Trupti Mallick,Female,Mineral Engineering,MEX,2nd Year,2025-2029,2025,2501100931@gcekjr.ac.in,8620337196
2501100932,Mantu Khuntia,Male,Mineral Engineering,MEX,2nd Year,2025-2029,2025,2501100932@gcekjr.ac.in,7574722610
2501100933,Ashutosh Biswal,Male,Mineral Engineering,MEX,2nd Year,2025-2029,2025,2501100933@gcekjr.ac.in,6516546378
2501100934,Pradyumna Dey,Male,Mineral Engineering,MEX,2nd Year,2025-2029,2025,2501100934@gcekjr.ac.in,7872090734
2501100935,Ankita Mohanty,Female,Mineral Engineering,MEX,2nd Year,2025-2029,2025,2501100935@gcekjr.ac.in,9844766684
2501100936,Manas Panda,Male,Mineral Engineering,MEX,2nd Year,2025-2029,2025,2501100936@gcekjr.ac.in,8629915843
2501100937,Girish Bhoi,Male,Mineral Engineering,MEX,2nd Year,2025-2029,2025,2501100937@gcekjr.ac.in,7651178690
2501100938,Jyotiranjan Dash,Male,Mineral Engineering,MEX,2nd Year,2025-2029,2025,2501100938@gcekjr.ac.in,6167256642
2501100939,Debasmita Mohanty,Female,Mineral Engineering,MEX,2nd Year,2025-2029,2025,2501100939@gcekjr.ac.in,6472858006
2501100940,Rohit Nayak,Male,Mineral Engineering,MEX,2nd Year,2025-2029,2025,2501100940@gcekjr.ac.in,9544716842
2501100941,Abhishek Pradhan,Male,Mineral Engineering,MEX,2nd Year,2025-2029,2025,2501100941@gcekjr.ac.in,8927267676
2501100942,Bibhu Rout,Male,Mineral Engineering,MEX,2nd Year,2025-2029,2025,2501100942@gcekjr.ac.in,8267698931
2501100943,Anita Pradhan,Female,Mineral Engineering,MEX,2nd Year,2025-2029,2025,2501100943@gcekjr.ac.in,6301079929
2501100944,Ankita Mishra,Female,Mineral Engineering,MEX,2nd Year,2025-2029,2025,2501100944@gcekjr.ac.in,9918096828
2501100945,Itish Dalai,Male,Mineral Engineering,MEX,2nd Year,2025-2029,2025,2501100945@gcekjr.ac.in,7596770650
2501100946,Chinmayee Swain,Female,Mineral Engineering,MEX,2nd Year,2025-2029,2025,2501100946@gcekjr.ac.in,7492920365
2501100947,Dibyajyoti Rout,Male,Mineral Engineering,MEX,2nd Year,2025-2029,2025,2501100947@gcekjr.ac.in,9232955420
2501100948,Elina Maharana,Female,Mineral Engineering,MEX,2nd Year,2025-2029,2025,2501100948@gcekjr.ac.in,8015880414
2501100949,Sagar Nayak,Male,Mineral Engineering,MEX,2nd Year,2025-2029,2025,2501100949@gcekjr.ac.in,6511045334
2501100950,Kajal Hota,Female,Mineral Engineering,MEX,2nd Year,2025-2029,2025,2501100950@gcekjr.ac.in,6509019882
2501100951,Nabin Rout,Male,Mineral Engineering,MEX,2nd Year,2025-2029,2025,2501100951@gcekjr.ac.in,6676806177
2501100952,Chandrika Nayak,Female,Mineral Engineering,MEX,2nd Year,2025-2029,2025,2501100952@gcekjr.ac.in,8811487200
2501100953,Pradyumna Pati,Male,Mineral Engineering,MEX,2nd Year,2025-2029,2025,2501100953@gcekjr.ac.in,6989406088
2501100954,Chandan Dey,Male,Mineral Engineering,MEX,2nd Year,2025-2029,2025,2501100954@gcekjr.ac.in,7505548242
2501100955,Harapriya Tripathy,Female,Mineral Engineering,MEX,2nd Year,2025-2029,2025,2501100955@gcekjr.ac.in,8246026149
2501100956,Girish Subudhi,Male,Mineral Engineering,MEX,2nd Year,2025-2029,2025,2501100956@gcekjr.ac.in,9968574325
2501100957,Manas Rout,Male,Mineral Engineering,MEX,2nd Year,2025-2029,2025,2501100957@gcekjr.ac.in,6976316816
2501100958,Monalisa Nayak,Female,Mineral Engineering,MEX,2nd Year,2025-2029,2025,2501100958@gcekjr.ac.in,9481117612
2501100959,Niranjan Maharana,Male,Mineral Engineering,MEX,2nd Year,2025-2029,2025,2501100959@gcekjr.ac.in,8006272867
2501100960,Priyanka Subudhi,Female,Mineral Engineering,MEX,2nd Year,2025-2029,2025,2501100960@gcekjr.ac.in,9994988860
2501100961,Dibyajyoti Muduli,Male,Mineral Engineering,MEX,2nd Year,2025-2029,2025,2501100961@gcekjr.ac.in,6718211871
2501100962,Vikram Samal,Male,Mineral Engineering,MEX,2nd Year,2025-2029,2025,2501100962@gcekjr.ac.in,8325359197
2501100963,Pradyumna Patnaik,Male,Mineral Engineering,MEX,2nd Year,2025-2029,2025,2501100963@gcekjr.ac.in,9233303678
2501100964,Bikash Giri,Male,Mineral Engineering,MEX,2nd Year,2025-2029,2025,2501100964@gcekjr.ac.in,9407022872
2501100965,Himanshu Dey,Male,Mineral Engineering,MEX,2nd Year,2025-2029,2025,2501100965@gcekjr.ac.in,7936392904
2501100966,Nabin Swain,Male,Mineral Engineering,MEX,2nd Year,2025-2029,2025,2501100966@gcekjr.ac.in,8255919368
2501100967,Barsha Giri,Female,Mineral Engineering,MEX,2nd Year,2025-2029,2025,2501100967@gcekjr.ac.in,7625363677
2501100968,Dibyajyoti Biswal,Male,Mineral Engineering,MEX,2nd Year,2025-2029,2025,2501100968@gcekjr.ac.in,7222974222
2501100969,Rohit Rout,Male,Mineral Engineering,MEX,2nd Year,2025-2029,2025,2501100969@gcekjr.ac.in,8150723915
2501100970,Saroj Mohanty,Male,Mineral Engineering,MEX,2nd Year,2025-2029,2025,2501100970@gcekjr.ac.in,7525017653
2501100971,Yash Palei,Male,Mineral Engineering,MEX,2nd Year,2025-2029,2025,2501100971@gcekjr.ac.in,9768811686
2501100972,Debendra Parida,Male,Mineral Engineering,MEX,2nd Year,2025-2029,2025,2501100972@gcekjr.ac.in,7175079765
2501100973,Pradyumna Panda,Male,Mineral Engineering,MEX,2nd Year,2025-2029,2025,2501100973@gcekjr.ac.in,9408793068
2501100974,Barsha Giri,Female,Mineral Engineering,MEX,2nd Year,2025-2029,2025,2501100974@gcekjr.ac.in,7523903378
2501100975,Kedar Majhi,Male,Mineral Engineering,MEX,2nd Year,2025-2029,2025,2501100975@gcekjr.ac.in,9467293967
2501100976,Om Behera,Male,Mineral Engineering,MEX,2nd Year,2025-2029,2025,2501100976@gcekjr.ac.in,9258502703
2501100977,Lopamudra Acharya,Female,Mineral Engineering,MEX,2nd Year,2025-2029,2025,2501100977@gcekjr.ac.in,9137780332
2501100978,Abhishek Naik,Male,Mineral Engineering,MEX,2nd Year,2025-2029,2025,2501100978@gcekjr.ac.in,7530225012
2501100979,Sushmita Pati,Female,Mineral Engineering,MEX,2nd Year,2025-2029,2025,2501100979@gcekjr.ac.in,6998366050
2501100980,Om Biswal,Male,Mineral Engineering,MEX,2nd Year,2025-2029,2025,2501100980@gcekjr.ac.in,9201972581
2501100981,Aryan Majhi,Male,Mineral Engineering,MEX,2nd Year,2025-2029,2025,2501100981@gcekjr.ac.in,8808576509
2501100982,Chandan Maharana,Male,Mineral Engineering,MEX,2nd Year,2025-2029,2025,2501100982@gcekjr.ac.in,8707358943
2501100983,Deepak Swain,Male,Mineral Engineering,MEX,2nd Year,2025-2029,2025,2501100983@gcekjr.ac.in,8983772581
2501100984,Sushmita Mallick,Female,Mineral Engineering,MEX,2nd Year,2025-2029,2025,2501100984@gcekjr.ac.in,7024283917
2501100985,Chandrika Giri,Female,Mineral Engineering,MEX,2nd Year,2025-2029,2025,2501100985@gcekjr.ac.in,9804429497
2501100986,Om Biswal,Male,Mineral Engineering,MEX,2nd Year,2025-2029,2025,2501100986@gcekjr.ac.in,6412739849
2501100987,Varsha Majhi,Female,Mineral Engineering,MEX,2nd Year,2025-2029,2025,2501100987@gcekjr.ac.in,9362030564
2501100988,Sagar Samal,Male,Mineral Engineering,MEX,2nd Year,2025-2029,2025,2501100988@gcekjr.ac.in,6066480219
2501100989,Ipsita Giri,Female,Mineral Engineering,MEX,2nd Year,2025-2029,2025,2501100989@gcekjr.ac.in,7120363573
2501100990,Ujjwal Senapati,Male,Mineral Engineering,MEX,2nd Year,2025-2029,2025,2501100990@gcekjr.ac.in,8009010634
2501100991,Girish Maharana,Male,Mineral Engineering,MEX,2nd Year,2025-2029,2025,2501100991@gcekjr.ac.in,7709201232
2501100992,Debasis Muduli,Male,Mineral Engineering,MEX,2nd Year,2025-2029,2025,2501100992@gcekjr.ac.in,6465959683
2501100993,Rajashree Jagadev,Female,Mineral Engineering,MEX,2nd Year,2025-2029,2025,2501100993@gcekjr.ac.in,6352912719
2501100994,Itishree Panda,Female,Mineral Engineering,MEX,2nd Year,2025-2029,2025,2501100994@gcekjr.ac.in,7721524995
2501100995,Debjani Behera,Female,Mineral Engineering,MEX,2nd Year,2025-2029,2025,2501100995@gcekjr.ac.in,6001069528
2501100996,Manisha Mallick,Female,Mineral Engineering,MEX,2nd Year,2025-2029,2025,2501100996@gcekjr.ac.in,8415721539
2501100997,Manas Jagadev,Male,Mineral Engineering,MEX,2nd Year,2025-2029,2025,2501100997@gcekjr.ac.in,9594479854
2501100998,Usharani Nayak,Female,Mineral Engineering,MEX,2nd Year,2025-2029,2025,2501100998@gcekjr.ac.in,9672816210
2501100999,Anita Rout,Female,Mineral Engineering,MEX,2nd Year,2025-2029,2025,2501100999@gcekjr.ac.in,9256415813
2501101000,Nibedita Pradhan,Female,Mineral Engineering,MEX,2nd Year,2025-2029,2025,2501101000@gcekjr.ac.in,9989000035
2501101001,Snigdha Majhi,Female,Mechanical Engineering,ME,2nd Year,2025-2029,2025,2501101001@gcekjr.ac.in,6997105519
2501101002,Nabin Dalai,Male,Mechanical Engineering,ME,2nd Year,2025-2029,2025,2501101002@gcekjr.ac.in,9071957558
2501101003,Deepak Dash,Male,Mechanical Engineering,ME,2nd Year,2025-2029,2025,2501101003@gcekjr.ac.in,9528914229
2501101004,Varsha Hota,Female,Mechanical Engineering,ME,2nd Year,2025-2029,2025,2501101004@gcekjr.ac.in,7806150895
2501101005,Eshan Subudhi,Male,Mechanical Engineering,ME,2nd Year,2025-2029,2025,2501101005@gcekjr.ac.in,8103935012
2501101006,Ankita Mallick,Female,Mechanical Engineering,ME,2nd Year,2025-2029,2025,2501101006@gcekjr.ac.in,8208333229
2501101007,Bikash Sahu,Male,Mechanical Engineering,ME,2nd Year,2025-2029,2025,2501101007@gcekjr.ac.in,9433553128
2501101008,Gyana Giri,Male,Mechanical Engineering,ME,2nd Year,2025-2029,2025,2501101008@gcekjr.ac.in,8910319754
2501101009,Debendra Dalai,Male,Mechanical Engineering,ME,2nd Year,2025-2029,2025,2501101009@gcekjr.ac.in,9235019827
2501101010,Harekrushna Mallick,Male,Mechanical Engineering,ME,2nd Year,2025-2029,2025,2501101010@gcekjr.ac.in,9380237182
2501101011,Kanchan Jagadev,Female,Mechanical Engineering,ME,2nd Year,2025-2029,2025,2501101011@gcekjr.ac.in,9696040877
2501101012,Manisha Acharya,Female,Mechanical Engineering,ME,2nd Year,2025-2029,2025,2501101012@gcekjr.ac.in,8327888598
2501101013,Nandini Mallick,Female,Mechanical Engineering,ME,2nd Year,2025-2029,2025,2501101013@gcekjr.ac.in,6442457587
2501101014,Mantu Subudhi,Male,Mechanical Engineering,ME,2nd Year,2025-2029,2025,2501101014@gcekjr.ac.in,9667087743
2501101015,Itishree Barik,Female,Mechanical Engineering,ME,2nd Year,2025-2029,2025,2501101015@gcekjr.ac.in,7815160113
2501101016,Rohit Maharana,Male,Mechanical Engineering,ME,2nd Year,2025-2029,2025,2501101016@gcekjr.ac.in,7144025307
2501101017,Harekrushna Dey,Male,Mechanical Engineering,ME,2nd Year,2025-2029,2025,2501101017@gcekjr.ac.in,8681286654
2501101018,Biswajit Dey,Male,Mechanical Engineering,ME,2nd Year,2025-2029,2025,2501101018@gcekjr.ac.in,8231801136
2501101019,Yashaswini Mohanty,Female,Mechanical Engineering,ME,2nd Year,2025-2029,2025,2501101019@gcekjr.ac.in,7893306570
2501101020,Subham Nayak,Male,Mechanical Engineering,ME,2nd Year,2025-2029,2025,2501101020@gcekjr.ac.in,6868804475
2501101021,Om Prava Jagadev,Female,Mechanical Engineering,ME,2nd Year,2025-2029,2025,2501101021@gcekjr.ac.in,8064311549
2501101022,Jyotiranjan Acharya,Male,Mechanical Engineering,ME,2nd Year,2025-2029,2025,2501101022@gcekjr.ac.in,6395703654
2501101023,Mantu Patnaik,Male,Mechanical Engineering,ME,2nd Year,2025-2029,2025,2501101023@gcekjr.ac.in,8938597464
2501101024,Subham Samal,Male,Mechanical Engineering,ME,2nd Year,2025-2029,2025,2501101024@gcekjr.ac.in,7063095510
2501101025,Pratyusha Swain,Female,Mechanical Engineering,ME,2nd Year,2025-2029,2025,2501101025@gcekjr.ac.in,7639190036
2501101026,Esha Senapati,Female,Mechanical Engineering,ME,2nd Year,2025-2029,2025,2501101026@gcekjr.ac.in,8766519545
2501101027,Chinmayee Sahoo,Female,Mechanical Engineering,ME,2nd Year,2025-2029,2025,2501101027@gcekjr.ac.in,9187807718
2501101028,Pragyan Nayak,Female,Mechanical Engineering,ME,2nd Year,2025-2029,2025,2501101028@gcekjr.ac.in,6979314217
2501101029,Harekrushna Subudhi,Male,Mechanical Engineering,ME,2nd Year,2025-2029,2025,2501101029@gcekjr.ac.in,7263977506
2501101030,Ankit Nayak,Male,Mechanical Engineering,ME,2nd Year,2025-2029,2025,2501101030@gcekjr.ac.in,7351079769
2501101031,Pratyusha Kar,Female,Mechanical Engineering,ME,2nd Year,2025-2029,2025,2501101031@gcekjr.ac.in,8095657876
2501101032,Bibhu Biswal,Male,Mechanical Engineering,ME,2nd Year,2025-2029,2025,2501101032@gcekjr.ac.in,7707127442
2501101033,Ipsita Mallick,Female,Mechanical Engineering,ME,2nd Year,2025-2029,2025,2501101033@gcekjr.ac.in,7265900120
2501101034,Usharani Dalai,Female,Mechanical Engineering,ME,2nd Year,2025-2029,2025,2501101034@gcekjr.ac.in,8984352446
2501101035,Jyotsna Acharya,Female,Mechanical Engineering,ME,2nd Year,2025-2029,2025,2501101035@gcekjr.ac.in,9995103510
2501101036,Nandini Mallick,Female,Mechanical Engineering,ME,2nd Year,2025-2029,2025,2501101036@gcekjr.ac.in,7796073482
2501101037,Gitanjali Das,Female,Mechanical Engineering,ME,2nd Year,2025-2029,2025,2501101037@gcekjr.ac.in,6490257898
2501101038,Alina Bhoi,Female,Mechanical Engineering,ME,2nd Year,2025-2029,2025,2501101038@gcekjr.ac.in,6150790518
2501101039,Lopamudra Nayak,Female,Mechanical Engineering,ME,2nd Year,2025-2029,2025,2501101039@gcekjr.ac.in,6503932332
2501101040,Ipsit Kar,Male,Mechanical Engineering,ME,2nd Year,2025-2029,2025,2501101040@gcekjr.ac.in,9845288737
2501101041,Yashaswini Behera,Female,Mechanical Engineering,ME,2nd Year,2025-2029,2025,2501101041@gcekjr.ac.in,8544827046
2501101042,Namrata Samal,Female,Mechanical Engineering,ME,2nd Year,2025-2029,2025,2501101042@gcekjr.ac.in,8495784257
2501101043,Pratap Patnaik,Male,Mechanical Engineering,ME,2nd Year,2025-2029,2025,2501101043@gcekjr.ac.in,7787098678
2501101044,Bikash Biswal,Male,Mechanical Engineering,ME,2nd Year,2025-2029,2025,2501101044@gcekjr.ac.in,8843583599
2501101045,Debendra Kar,Male,Mechanical Engineering,ME,2nd Year,2025-2029,2025,2501101045@gcekjr.ac.in,9909030935
2501101046,Ipsit Nayak,Male,Mechanical Engineering,ME,2nd Year,2025-2029,2025,2501101046@gcekjr.ac.in,6710604708
2501101047,Rakesh Jagadev,Male,Mechanical Engineering,ME,2nd Year,2025-2029,2025,2501101047@gcekjr.ac.in,9858259839
2501101048,Om Dey,Male,Mechanical Engineering,ME,2nd Year,2025-2029,2025,2501101048@gcekjr.ac.in,9725637390
2501101049,Aryan Majhi,Male,Mechanical Engineering,ME,2nd Year,2025-2029,2025,2501101049@gcekjr.ac.in,7141337486
2501101050,Elina Naik,Female,Mechanical Engineering,ME,2nd Year,2025-2029,2025,2501101050@gcekjr.ac.in,6783519483
2501101051,Itish Dash,Male,Mechanical Engineering,ME,2nd Year,2025-2029,2025,2501101051@gcekjr.ac.in,7223689267
2501101052,Gyana Das,Male,Mechanical Engineering,ME,2nd Year,2025-2029,2025,2501101052@gcekjr.ac.in,7962712158
2501101053,Hemant Majhi,Male,Mechanical Engineering,ME,2nd Year,2025-2029,2025,2501101053@gcekjr.ac.in,9960733700
2501101054,Bijayalaxmi Dash,Female,Mechanical Engineering,ME,2nd Year,2025-2029,2025,2501101054@gcekjr.ac.in,8191451483
2501101055,Priyanka Dey,Female,Mechanical Engineering,ME,2nd Year,2025-2029,2025,2501101055@gcekjr.ac.in,7167727772
2501101056,Sasmita Barik,Female,Mechanical Engineering,ME,2nd Year,2025-2029,2025,2501101056@gcekjr.ac.in,9198178936
2501101057,Snigdha Acharya,Female,Mechanical Engineering,ME,2nd Year,2025-2029,2025,2501101057@gcekjr.ac.in,7800110006
2501101058,Kartik Dalai,Male,Mechanical Engineering,ME,2nd Year,2025-2029,2025,2501101058@gcekjr.ac.in,7161017679
2501101059,Elina Patnaik,Female,Mechanical Engineering,ME,2nd Year,2025-2029,2025,2501101059@gcekjr.ac.in,7986490516
2501101060,Usharani Muduli,Female,Mechanical Engineering,ME,2nd Year,2025-2029,2025,2501101060@gcekjr.ac.in,7982460902
2501101061,Biswajit Palei,Male,Mechanical Engineering,ME,2nd Year,2025-2029,2025,2501101061@gcekjr.ac.in,9536021223
2501101062,Eshan Mishra,Male,Mechanical Engineering,ME,2nd Year,2025-2029,2025,2501101062@gcekjr.ac.in,8643635603
2501101063,Namrata Kar,Female,Mechanical Engineering,ME,2nd Year,2025-2029,2025,2501101063@gcekjr.ac.in,6111332694
2501101064,Eshan Pradhan,Male,Mechanical Engineering,ME,2nd Year,2025-2029,2025,2501101064@gcekjr.ac.in,8994853800
2501101065,Rakesh Khuntia,Male,Mechanical Engineering,ME,2nd Year,2025-2029,2025,2501101065@gcekjr.ac.in,7547741254
2501101066,Manas Khuntia,Male,Mechanical Engineering,ME,2nd Year,2025-2029,2025,2501101066@gcekjr.ac.in,8202157894
2501101067,Trilochan Sahu,Male,Mechanical Engineering,ME,2nd Year,2025-2029,2025,2501101067@gcekjr.ac.in,6736570810
2501101068,Vikram Senapati,Male,Mechanical Engineering,ME,2nd Year,2025-2029,2025,2501101068@gcekjr.ac.in,8520878046
2501101069,Priyanka Swain,Female,Mechanical Engineering,ME,2nd Year,2025-2029,2025,2501101069@gcekjr.ac.in,9620963505
2501101070,Vandana Dash,Female,Mechanical Engineering,ME,2nd Year,2025-2029,2025,2501101070@gcekjr.ac.in,9685877896
2501101071,Lokanath Acharya,Male,Mechanical Engineering,ME,2nd Year,2025-2029,2025,2501101071@gcekjr.ac.in,7893462955
2501101072,Lokanath Pati,Male,Mechanical Engineering,ME,2nd Year,2025-2029,2025,2501101072@gcekjr.ac.in,6387836144
2501101073,Ipsita Senapati,Female,Mechanical Engineering,ME,2nd Year,2025-2029,2025,2501101073@gcekjr.ac.in,6843546564
2501101074,Amit Kar,Male,Mechanical Engineering,ME,2nd Year,2025-2029,2025,2501101074@gcekjr.ac.in,7690111107
2501101075,Esha Subudhi,Female,Mechanical Engineering,ME,2nd Year,2025-2029,2025,2501101075@gcekjr.ac.in,6287234385
2501101076,Rohit Mohanty,Male,Mechanical Engineering,ME,2nd Year,2025-2029,2025,2501101076@gcekjr.ac.in,6116468480
2501101077,Rashmita Panda,Female,Mechanical Engineering,ME,2nd Year,2025-2029,2025,2501101077@gcekjr.ac.in,9989297229
2501101078,Sarita Hota,Female,Mechanical Engineering,ME,2nd Year,2025-2029,2025,2501101078@gcekjr.ac.in,8028663829
2501101079,Monalisa Barik,Female,Mechanical Engineering,ME,2nd Year,2025-2029,2025,2501101079@gcekjr.ac.in,8035654905
2501101080,Elina Barik,Female,Mechanical Engineering,ME,2nd Year,2025-2029,2025,2501101080@gcekjr.ac.in,7074019890
2501101081,Rohit Dey,Male,Mechanical Engineering,ME,2nd Year,2025-2029,2025,2501101081@gcekjr.ac.in,6030817700
2501101082,Lokanath Panda,Male,Mechanical Engineering,ME,2nd Year,2025-2029,2025,2501101082@gcekjr.ac.in,8685623655
2501101083,Upasana Samal,Female,Mechanical Engineering,ME,2nd Year,2025-2029,2025,2501101083@gcekjr.ac.in,8431801987
2501101084,Gitanjali Behera,Female,Mechanical Engineering,ME,2nd Year,2025-2029,2025,2501101084@gcekjr.ac.in,9196550301
2501101085,Tapan Maharana,Male,Mechanical Engineering,ME,2nd Year,2025-2029,2025,2501101085@gcekjr.ac.in,6271057216
2501101086,Kajal Barik,Female,Mechanical Engineering,ME,2nd Year,2025-2029,2025,2501101086@gcekjr.ac.in,6542922622
2501101087,Elina Hota,Female,Mechanical Engineering,ME,2nd Year,2025-2029,2025,2501101087@gcekjr.ac.in,7757953709
2501101088,Usharani Senapati,Female,Mechanical Engineering,ME,2nd Year,2025-2029,2025,2501101088@gcekjr.ac.in,9194766011
2501101089,Monalisa Patnaik,Female,Mechanical Engineering,ME,2nd Year,2025-2029,2025,2501101089@gcekjr.ac.in,6072227217
2501101090,Ipsit Subudhi,Male,Mechanical Engineering,ME,2nd Year,2025-2029,2025,2501101090@gcekjr.ac.in,9236026680
2501101091,Mantu Dey,Male,Mechanical Engineering,ME,2nd Year,2025-2029,2025,2501101091@gcekjr.ac.in,8441312606
2501101092,Rajesh Muduli,Male,Mechanical Engineering,ME,2nd Year,2025-2029,2025,2501101092@gcekjr.ac.in,6075114591
2501101093,Madhusmita Dey,Female,Mechanical Engineering,ME,2nd Year,2025-2029,2025,2501101093@gcekjr.ac.in,7893783698
2501101094,Sushmita Dalai,Female,Mechanical Engineering,ME,2nd Year,2025-2029,2025,2501101094@gcekjr.ac.in,8965066199
2501101095,Yashaswini Sethi,Female,Mechanical Engineering,ME,2nd Year,2025-2029,2025,2501101095@gcekjr.ac.in,6980525431
2501101096,Rakesh Senapati,Male,Mechanical Engineering,ME,2nd Year,2025-2029,2025,2501101096@gcekjr.ac.in,8132050024
2501101097,Ipsita Rout,Female,Mechanical Engineering,ME,2nd Year,2025-2029,2025,2501101097@gcekjr.ac.in,9307453865
2501101098,Abhishek Barik,Male,Mechanical Engineering,ME,2nd Year,2025-2029,2025,2501101098@gcekjr.ac.in,7801177683
2501101099,Utkarsh Swain,Male,Mechanical Engineering,ME,2nd Year,2025-2029,2025,2501101099@gcekjr.ac.in,7772377007
2501101100,Vikram Mishra,Male,Mechanical Engineering,ME,2nd Year,2025-2029,2025,2501101100@gcekjr.ac.in,9790397208
2501101101,Jagannath Sethi,Male,Mechanical Engineering,ME,2nd Year,2025-2029,2025,2501101101@gcekjr.ac.in,7709717618
2501101102,Mantu Barik,Male,Mechanical Engineering,ME,2nd Year,2025-2029,2025,2501101102@gcekjr.ac.in,7995565341
2501101103,Tapaswini Swain,Female,Mechanical Engineering,ME,2nd Year,2025-2029,2025,2501101103@gcekjr.ac.in,6683839775
2501101104,Elina Jena,Female,Mechanical Engineering,ME,2nd Year,2025-2029,2025,2501101104@gcekjr.ac.in,7108151504
2501101105,Usharani Muduli,Female,Mechanical Engineering,ME,2nd Year,2025-2029,2025,2501101105@gcekjr.ac.in,8615889714
2501101106,Sarita Bhoi,Female,Mechanical Engineering,ME,2nd Year,2025-2029,2025,2501101106@gcekjr.ac.in,8985113274
2501101107,Sasmita Sethi,Female,Mechanical Engineering,ME,2nd Year,2025-2029,2025,2501101107@gcekjr.ac.in,9094610977
2501101108,Ankita Sethi,Female,Mechanical Engineering,ME,2nd Year,2025-2029,2025,2501101108@gcekjr.ac.in,8416773491
2501101109,Gayatri Maharana,Female,Mechanical Engineering,ME,2nd Year,2025-2029,2025,2501101109@gcekjr.ac.in,8151986804
2501101110,Swagatika Dey,Female,Mechanical Engineering,ME,2nd Year,2025-2029,2025,2501101110@gcekjr.ac.in,9281148259
2501101111,Yashaswini Muduli,Female,Mechanical Engineering,ME,2nd Year,2025-2029,2025,2501101111@gcekjr.ac.in,9835272769
2501101112,Biswajit Jena,Male,Mechanical Engineering,ME,2nd Year,2025-2029,2025,2501101112@gcekjr.ac.in,6590417504
2501101113,Eshan Senapati,Male,Mechanical Engineering,ME,2nd Year,2025-2029,2025,2501101113@gcekjr.ac.in,9449373864
2501101114,Jyotiranjan Palei,Male,Mechanical Engineering,ME,2nd Year,2025-2029,2025,2501101114@gcekjr.ac.in,8431466636
2501101115,Biswajit Subudhi,Male,Mechanical Engineering,ME,2nd Year,2025-2029,2025,2501101115@gcekjr.ac.in,8458973275
2501101116,Pratyusha Acharya,Female,Mechanical Engineering,ME,2nd Year,2025-2029,2025,2501101116@gcekjr.ac.in,9125090212
2501101117,Sarita Muduli,Female,Mechanical Engineering,ME,2nd Year,2025-2029,2025,2501101117@gcekjr.ac.in,8178823153
2501101118,Bikash Rout,Male,Mechanical Engineering,ME,2nd Year,2025-2029,2025,2501101118@gcekjr.ac.in,7500714688
2501101119,Tapan Maharana,Male,Mechanical Engineering,ME,2nd Year,2025-2029,2025,2501101119@gcekjr.ac.in,6361379915
2501101120,Manisha Mallick,Female,Mechanical Engineering,ME,2nd Year,2025-2029,2025,2501101120@gcekjr.ac.in,9683491551
2501101121,Itish Maharana,Male,Mechanical Engineering,ME,2nd Year,2025-2029,2025,2501101121@gcekjr.ac.in,6488462936
2501101122,Hemant Barik,Male,Mechanical Engineering,ME,2nd Year,2025-2029,2025,2501101122@gcekjr.ac.in,9328480179
2501101123,Dibyajyoti Giri,Male,Mechanical Engineering,ME,2nd Year,2025-2029,2025,2501101123@gcekjr.ac.in,9488011975
2501101124,Kanchan Samal,Female,Mechanical Engineering,ME,2nd Year,2025-2029,2025,2501101124@gcekjr.ac.in,9775936554
2501101125,Tanmayee Giri,Female,Mechanical Engineering,ME,2nd Year,2025-2029,2025,2501101125@gcekjr.ac.in,7688456552
2501101126,Sagar Sethi,Male,Mechanical Engineering,ME,2nd Year,2025-2029,2025,2501101126@gcekjr.ac.in,8311382079
2501101127,Saroj Giri,Male,Mechanical Engineering,ME,2nd Year,2025-2029,2025,2501101127@gcekjr.ac.in,7491280405
2501101128,Manisha Mohanty,Female,Mechanical Engineering,ME,2nd Year,2025-2029,2025,2501101128@gcekjr.ac.in,9226292176
2501101129,Rajesh Sahoo,Male,Mechanical Engineering,ME,2nd Year,2025-2029,2025,2501101129@gcekjr.ac.in,6709846540
2501101130,Vandana Kar,Female,Mechanical Engineering,ME,2nd Year,2025-2029,2025,2501101130@gcekjr.ac.in,7083346345
2501101131,Hemalata Mallick,Female,Mechanical Engineering,ME,2nd Year,2025-2029,2025,2501101131@gcekjr.ac.in,6758810167
2501101132,Chinmayee Sahu,Female,Mechanical Engineering,ME,2nd Year,2025-2029,2025,2501101132@gcekjr.ac.in,8203397039
2501101133,Varsha Biswal,Female,Mechanical Engineering,ME,2nd Year,2025-2029,2025,2501101133@gcekjr.ac.in,7585989004
2501101134,Nibedita Mohanty,Female,Mechanical Engineering,ME,2nd Year,2025-2029,2025,2501101134@gcekjr.ac.in,6710940477
2501101135,Elina Acharya,Female,Mechanical Engineering,ME,2nd Year,2025-2029,2025,2501101135@gcekjr.ac.in,7994425687
2501101136,Subham Naik,Male,Mechanical Engineering,ME,2nd Year,2025-2029,2025,2501101136@gcekjr.ac.in,9334462745
2501101137,Kartik Sahu,Male,Mechanical Engineering,ME,2nd Year,2025-2029,2025,2501101137@gcekjr.ac.in,6378105063
2501101138,Trilochan Behera,Male,Mechanical Engineering,ME,2nd Year,2025-2029,2025,2501101138@gcekjr.ac.in,8955540889
2501101139,Pradyumna Mishra,Male,Mechanical Engineering,ME,2nd Year,2025-2029,2025,2501101139@gcekjr.ac.in,9717353296
2501101140,Debasmita Samal,Female,Mechanical Engineering,ME,2nd Year,2025-2029,2025,2501101140@gcekjr.ac.in,9152674088
2501101141,Debendra Mallick,Male,Mechanical Engineering,ME,2nd Year,2025-2029,2025,2501101141@gcekjr.ac.in,9072576749
2501101142,Swagatika Parida,Female,Mechanical Engineering,ME,2nd Year,2025-2029,2025,2501101142@gcekjr.ac.in,9769524315
2501101143,Eshan Das,Male,Mechanical Engineering,ME,2nd Year,2025-2029,2025,2501101143@gcekjr.ac.in,6798249431
2501101144,Sagar Jena,Male,Mechanical Engineering,ME,2nd Year,2025-2029,2025,2501101144@gcekjr.ac.in,6567393129
2501101145,Jagannath Dalai,Male,Mechanical Engineering,ME,2nd Year,2025-2029,2025,2501101145@gcekjr.ac.in,8860333833
2501101146,Vandana Routray,Female,Mechanical Engineering,ME,2nd Year,2025-2029,2025,2501101146@gcekjr.ac.in,8778230082
2501101147,Sagar Sahoo,Male,Mechanical Engineering,ME,2nd Year,2025-2029,2025,2501101147@gcekjr.ac.in,9024267628
2501101148,Himanshu Subudhi,Male,Mechanical Engineering,ME,2nd Year,2025-2029,2025,2501101148@gcekjr.ac.in,7913249243
2501101149,Rajashree Routray,Female,Mechanical Engineering,ME,2nd Year,2025-2029,2025,2501101149@gcekjr.ac.in,8943889899
2501101150,Nandini Palei,Female,Mechanical Engineering,ME,2nd Year,2025-2029,2025,2501101150@gcekjr.ac.in,9710888750
2501101151,Itishree Pati,Female,Mechanical Engineering,ME,2nd Year,2025-2029,2025,2501101151@gcekjr.ac.in,7434848361
2501101152,Anita Routray,Female,Mechanical Engineering,ME,2nd Year,2025-2029,2025,2501101152@gcekjr.ac.in,9340219715
2501101153,Pradyumna Bhoi,Male,Mechanical Engineering,ME,2nd Year,2025-2029,2025,2501101153@gcekjr.ac.in,7326881446
2501101154,Itishree Nayak,Female,Mechanical Engineering,ME,2nd Year,2025-2029,2025,2501101154@gcekjr.ac.in,9766435064
2501101155,Jyotiranjan Bhoi,Male,Mechanical Engineering,ME,2nd Year,2025-2029,2025,2501101155@gcekjr.ac.in,8866790801
2501101156,Jyotiranjan Majhi,Male,Mechanical Engineering,ME,2nd Year,2025-2029,2025,2501101156@gcekjr.ac.in,8278864695
2501101157,Utkarsh Giri,Male,Mechanical Engineering,ME,2nd Year,2025-2029,2025,2501101157@gcekjr.ac.in,7259263934
2501101158,Manisha Parida,Female,Mechanical Engineering,ME,2nd Year,2025-2029,2025,2501101158@gcekjr.ac.in,7509347630
2501101159,Gyana Swain,Male,Mechanical Engineering,ME,2nd Year,2025-2029,2025,2501101159@gcekjr.ac.in,9630030972
2501101160,Bikash Dey,Male,Mechanical Engineering,ME,2nd Year,2025-2029,2025,2501101160@gcekjr.ac.in,7733622312
2501101161,Dibyajyoti Patnaik,Male,Mechanical Engineering,ME,2nd Year,2025-2029,2025,2501101161@gcekjr.ac.in,8931765690
2501101162,Jagruti Palei,Female,Mechanical Engineering,ME,2nd Year,2025-2029,2025,2501101162@gcekjr.ac.in,8382341565
2501101163,Bhagyashree Tripathy,Female,Mechanical Engineering,ME,2nd Year,2025-2029,2025,2501101163@gcekjr.ac.in,6220729603
2501101164,Rakesh Khuntia,Male,Mechanical Engineering,ME,2nd Year,2025-2029,2025,2501101164@gcekjr.ac.in,8526293449
2501101165,Rashmita Patnaik,Female,Mechanical Engineering,ME,2nd Year,2025-2029,2025,2501101165@gcekjr.ac.in,7030039771
2501101166,Yash Giri,Male,Mechanical Engineering,ME,2nd Year,2025-2029,2025,2501101166@gcekjr.ac.in,6296357485
2501101167,Nabin Biswal,Male,Mechanical Engineering,ME,2nd Year,2025-2029,2025,2501101167@gcekjr.ac.in,6293118716
2501101168,Namrata Sahu,Female,Mechanical Engineering,ME,2nd Year,2025-2029,2025,2501101168@gcekjr.ac.in,9077296934
2501101169,Nibedita Acharya,Female,Mechanical Engineering,ME,2nd Year,2025-2029,2025,2501101169@gcekjr.ac.in,7281672488
2501101170,Bijayalaxmi Dash,Female,Mechanical Engineering,ME,2nd Year,2025-2029,2025,2501101170@gcekjr.ac.in,8306315500
2501101171,Debasmita Acharya,Female,Mechanical Engineering,ME,2nd Year,2025-2029,2025,2501101171@gcekjr.ac.in,8957421009
2501101172,Snigdha Subudhi,Female,Mechanical Engineering,ME,2nd Year,2025-2029,2025,2501101172@gcekjr.ac.in,9090216490
2501101173,Manas Bhoi,Male,Mechanical Engineering,ME,2nd Year,2025-2029,2025,2501101173@gcekjr.ac.in,8874239042
2501101174,Pratap Pati,Male,Mechanical Engineering,ME,2nd Year,2025-2029,2025,2501101174@gcekjr.ac.in,8214531067
2501101175,Dibyajyoti Mishra,Male,Mechanical Engineering,ME,2nd Year,2025-2029,2025,2501101175@gcekjr.ac.in,6018793067
2501101176,Debendra Jena,Male,Mechanical Engineering,ME,2nd Year,2025-2029,2025,2501101176@gcekjr.ac.in,6951172789
2501101177,Om Samal,Male,Mechanical Engineering,ME,2nd Year,2025-2029,2025,2501101177@gcekjr.ac.in,6196774641
2501101178,Ankit Tripathy,Male,Mechanical Engineering,ME,2nd Year,2025-2029,2025,2501101178@gcekjr.ac.in,8307324873
2501101179,Sasmita Rout,Female,Mechanical Engineering,ME,2nd Year,2025-2029,2025,2501101179@gcekjr.ac.in,9844515230
2501101180,Girish Jagadev,Male,Mechanical Engineering,ME,2nd Year,2025-2029,2025,2501101180@gcekjr.ac.in,7305039812
2501101181,Om Swain,Male,Mechanical Engineering,ME,2nd Year,2025-2029,2025,2501101181@gcekjr.ac.in,7358484397
2501101182,Ipsit Dey,Male,Mechanical Engineering,ME,2nd Year,2025-2029,2025,2501101182@gcekjr.ac.in,9913889253
2501101183,Vivekananda Dey,Male,Mechanical Engineering,ME,2nd Year,2025-2029,2025,2501101183@gcekjr.ac.in,8783247166
2501101184,Chandan Senapati,Male,Mechanical Engineering,ME,2nd Year,2025-2029,2025,2501101184@gcekjr.ac.in,7698330949
2501101185,Rakesh Panda,Male,Mechanical Engineering,ME,2nd Year,2025-2029,2025,2501101185@gcekjr.ac.in,6263992209
2501101186,Madhusmita Majhi,Female,Mechanical Engineering,ME,2nd Year,2025-2029,2025,2501101186@gcekjr.ac.in,8750614058
2501101187,Jyotiranjan Panda,Male,Mechanical Engineering,ME,2nd Year,2025-2029,2025,2501101187@gcekjr.ac.in,7636640828
2501101188,Himanshu Routray,Male,Mechanical Engineering,ME,2nd Year,2025-2029,2025,2501101188@gcekjr.ac.in,6134082208
2501101189,Nabin Pati,Male,Mechanical Engineering,ME,2nd Year,2025-2029,2025,2501101189@gcekjr.ac.in,6002751242
2501101190,Vandana Majhi,Female,Mechanical Engineering,ME,2nd Year,2025-2029,2025,2501101190@gcekjr.ac.in,6784515961
2501101191,Vikram Dalai,Male,Mechanical Engineering,ME,2nd Year,2025-2029,2025,2501101191@gcekjr.ac.in,7538966651
2501101192,Jyotsna Kar,Female,Mechanical Engineering,ME,2nd Year,2025-2029,2025,2501101192@gcekjr.ac.in,6469925622
2501101193,Amit Barik,Male,Mechanical Engineering,ME,2nd Year,2025-2029,2025,2501101193@gcekjr.ac.in,8545949034
2501101194,Nabin Sahu,Male,Mechanical Engineering,ME,2nd Year,2025-2029,2025,2501101194@gcekjr.ac.in,7386730171
2501101195,Pradyumna Pati,Male,Mechanical Engineering,ME,2nd Year,2025-2029,2025,2501101195@gcekjr.ac.in,9357164185
2501101196,Kartik Hota,Male,Mechanical Engineering,ME,2nd Year,2025-2029,2025,2501101196@gcekjr.ac.in,9923810295
2501101197,Kanchan Swain,Female,Mechanical Engineering,ME,2nd Year,2025-2029,2025,2501101197@gcekjr.ac.in,8391682685
2501101198,Pradyumna Muduli,Male,Mechanical Engineering,ME,2nd Year,2025-2029,2025,2501101198@gcekjr.ac.in,9948541750
2501101199,Chandan Mallick,Male,Mechanical Engineering,ME,2nd Year,2025-2029,2025,2501101199@gcekjr.ac.in,8538610352
2501101200,Itish Dash,Male,Mechanical Engineering,ME,2nd Year,2025-2029,2025,2501101200@gcekjr.ac.in,9454017227
2501101201,Tapan Maharana,Male,Mechanical Engineering,ME,2nd Year,2025-2029,2025,2501101201@gcekjr.ac.in,8550308802
2501101202,Ashutosh Swain,Male,Mechanical Engineering,ME,2nd Year,2025-2029,2025,2501101202@gcekjr.ac.in,6749160481
2501101203,Himanshu Dey,Male,Mechanical Engineering,ME,2nd Year,2025-2029,2025,2501101203@gcekjr.ac.in,9399849353
2501101204,Tapaswini Mohanty,Female,Mechanical Engineering,ME,2nd Year,2025-2029,2025,2501101204@gcekjr.ac.in,7794195463
2501101205,Namrata Majhi,Female,Mechanical Engineering,ME,2nd Year,2025-2029,2025,2501101205@gcekjr.ac.in,6182443773
2501101206,Jagannath Sahu,Male,Mechanical Engineering,ME,2nd Year,2025-2029,2025,2501101206@gcekjr.ac.in,6729805553
2501101207,Itish Dash,Male,Mechanical Engineering,ME,2nd Year,2025-2029,2025,2501101207@gcekjr.ac.in,9954391158
2501101208,Manisha Giri,Female,Mechanical Engineering,ME,2nd Year,2025-2029,2025,2501101208@gcekjr.ac.in,9483911056
2501101209,Vivekananda Pradhan,Male,Mechanical Engineering,ME,2nd Year,2025-2029,2025,2501101209@gcekjr.ac.in,7616311637
2501101210,Usharani Hota,Female,Mechanical Engineering,ME,2nd Year,2025-2029,2025,2501101210@gcekjr.ac.in,6048797534
2501101211,Nandini Majhi,Female,Mechanical Engineering,ME,2nd Year,2025-2029,2025,2501101211@gcekjr.ac.in,7346544583
2501101212,Utkarsh Barik,Male,Mechanical Engineering,ME,2nd Year,2025-2029,2025,2501101212@gcekjr.ac.in,7772167474
2501101213,Pratap Khuntia,Male,Mechanical Engineering,ME,2nd Year,2025-2029,2025,2501101213@gcekjr.ac.in,6295819421
2501101214,Harekrushna Routray,Male,Mechanical Engineering,ME,2nd Year,2025-2029,2025,2501101214@gcekjr.ac.in,7482019351
2501101215,Trilochan Das,Male,Mechanical Engineering,ME,2nd Year,2025-2029,2025,2501101215@gcekjr.ac.in,7049052740
2501101216,Trilochan Pradhan,Male,Mechanical Engineering,ME,2nd Year,2025-2029,2025,2501101216@gcekjr.ac.in,6862060783
2501101217,Hemant Majhi,Male,Mechanical Engineering,ME,2nd Year,2025-2029,2025,2501101217@gcekjr.ac.in,7160715277
2501101218,Nabin Sethi,Male,Mechanical Engineering,ME,2nd Year,2025-2029,2025,2501101218@gcekjr.ac.in,8755182060
2501101219,Itishree Swain,Female,Mechanical Engineering,ME,2nd Year,2025-2029,2025,2501101219@gcekjr.ac.in,8460781836
2501101220,Eshan Giri,Male,Mechanical Engineering,ME,2nd Year,2025-2029,2025,2501101220@gcekjr.ac.in,8924298972
2501101221,Pratyusha Biswal,Female,Mechanical Engineering,ME,2nd Year,2025-2029,2025,2501101221@gcekjr.ac.in,7961852238
2501101222,Deepak Acharya,Male,Mechanical Engineering,ME,2nd Year,2025-2029,2025,2501101222@gcekjr.ac.in,7308672308
2501101223,Vikram Khuntia,Male,Mechanical Engineering,ME,2nd Year,2025-2029,2025,2501101223@gcekjr.ac.in,9678441516
2501101224,Itishree Acharya,Female,Mechanical Engineering,ME,2nd Year,2025-2029,2025,2501101224@gcekjr.ac.in,6640707941
2501101225,Saroj Pradhan,Male,Mechanical Engineering,ME,2nd Year,2025-2029,2025,2501101225@gcekjr.ac.in,8383509532
2501101226,Jagannath Khuntia,Male,Mechanical Engineering,ME,2nd Year,2025-2029,2025,2501101226@gcekjr.ac.in,9507209916
2501101227,Lipsa Routray,Female,Mechanical Engineering,ME,2nd Year,2025-2029,2025,2501101227@gcekjr.ac.in,9955351484
2501101228,Hemant Biswal,Male,Mechanical Engineering,ME,2nd Year,2025-2029,2025,2501101228@gcekjr.ac.in,7522286045
2501101229,Nandini Routray,Female,Mechanical Engineering,ME,2nd Year,2025-2029,2025,2501101229@gcekjr.ac.in,7974218850
2501101230,Gaurav Nayak,Male,Mechanical Engineering,ME,2nd Year,2025-2029,2025,2501101230@gcekjr.ac.in,6895666694
2501101231,Jitendra Mishra,Male,Mechanical Engineering,ME,2nd Year,2025-2029,2025,2501101231@gcekjr.ac.in,6162047769
2501101232,Monalisa Jagadev,Female,Mechanical Engineering,ME,2nd Year,2025-2029,2025,2501101232@gcekjr.ac.in,9809360373
2501101233,Trupti Behera,Female,Mechanical Engineering,ME,2nd Year,2025-2029,2025,2501101233@gcekjr.ac.in,7290161900
2501101234,Mantu Maharana,Male,Mechanical Engineering,ME,2nd Year,2025-2029,2025,2501101234@gcekjr.ac.in,6237370902
2501101235,Varsha Barik,Female,Mechanical Engineering,ME,2nd Year,2025-2029,2025,2501101235@gcekjr.ac.in,7574354534
2501101236,Debjani Pradhan,Female,Mechanical Engineering,ME,2nd Year,2025-2029,2025,2501101236@gcekjr.ac.in,7926915805
2501101237,Madhusmita Dash,Female,Mechanical Engineering,ME,2nd Year,2025-2029,2025,2501101237@gcekjr.ac.in,6812198992
2501101238,Kedar Patnaik,Male,Mechanical Engineering,ME,2nd Year,2025-2029,2025,2501101238@gcekjr.ac.in,8210612985
2501101239,Ashutosh Dash,Male,Mechanical Engineering,ME,2nd Year,2025-2029,2025,2501101239@gcekjr.ac.in,6106350065
2501101240,Rohit Pradhan,Male,Mechanical Engineering,ME,2nd Year,2025-2029,2025,2501101240@gcekjr.ac.in,6813434931
2501101241,Lokanath Sahu,Male,Mechanical Engineering,ME,2nd Year,2025-2029,2025,2501101241@gcekjr.ac.in,6422828946
2501101242,Tapaswini Maharana,Female,Mechanical Engineering,ME,2nd Year,2025-2029,2025,2501101242@gcekjr.ac.in,8781312922
2501101243,Gayatri Mallick,Female,Mechanical Engineering,ME,2nd Year,2025-2029,2025,2501101243@gcekjr.ac.in,7229891555
2501101244,Pratap Bhoi,Male,Mechanical Engineering,ME,2nd Year,2025-2029,2025,2501101244@gcekjr.ac.in,9348782819
2501101245,Trupti Barik,Female,Mechanical Engineering,ME,2nd Year,2025-2029,2025,2501101245@gcekjr.ac.in,6266240607
2501101246,Tanmayee Sahoo,Female,Mechanical Engineering,ME,2nd Year,2025-2029,2025,2501101246@gcekjr.ac.in,7948509325
2501101247,Utkarsh Patnaik,Male,Mechanical Engineering,ME,2nd Year,2025-2029,2025,2501101247@gcekjr.ac.in,7734995423
2501101248,Trilochan Sethi,Male,Mechanical Engineering,ME,2nd Year,2025-2029,2025,2501101248@gcekjr.ac.in,7425616348
2501101249,Chandan Dash,Male,Mechanical Engineering,ME,2nd Year,2025-2029,2025,2501101249@gcekjr.ac.in,8957092330
2501101250,Sushmita Sahu,Female,Mechanical Engineering,ME,2nd Year,2025-2029,2025,2501101250@gcekjr.ac.in,9147055247
2501101251,Manisha Pati,Female,Civil Engineering,CE,2nd Year,2025-2029,2025,2501101251@gcekjr.ac.in,9862104801
2501101252,Ipsita Panda,Female,Civil Engineering,CE,2nd Year,2025-2029,2025,2501101252@gcekjr.ac.in,8948165119
2501101253,Chinmay Majhi,Male,Civil Engineering,CE,2nd Year,2025-2029,2025,2501101253@gcekjr.ac.in,7024009767
2501101254,Jagruti Giri,Female,Civil Engineering,CE,2nd Year,2025-2029,2025,2501101254@gcekjr.ac.in,8878824389
2501101255,Gitanjali Hota,Female,Civil Engineering,CE,2nd Year,2025-2029,2025,2501101255@gcekjr.ac.in,7675570095
2501101256,Snigdha Routray,Female,Civil Engineering,CE,2nd Year,2025-2029,2025,2501101256@gcekjr.ac.in,6437247315
2501101257,Mantu Rout,Male,Civil Engineering,CE,2nd Year,2025-2029,2025,2501101257@gcekjr.ac.in,7276787280
2501101258,Nandini Mohanty,Female,Civil Engineering,CE,2nd Year,2025-2029,2025,2501101258@gcekjr.ac.in,6486979706
2501101259,Yashaswini Maharana,Female,Civil Engineering,CE,2nd Year,2025-2029,2025,2501101259@gcekjr.ac.in,9436247213
2501101260,Deepak Mallick,Male,Civil Engineering,CE,2nd Year,2025-2029,2025,2501101260@gcekjr.ac.in,8169853346
2501101261,Girish Giri,Male,Civil Engineering,CE,2nd Year,2025-2029,2025,2501101261@gcekjr.ac.in,6901470352
2501101262,Rakesh Muduli,Male,Civil Engineering,CE,2nd Year,2025-2029,2025,2501101262@gcekjr.ac.in,6072694026
2501101263,Sarita Dalai,Female,Civil Engineering,CE,2nd Year,2025-2029,2025,2501101263@gcekjr.ac.in,8519756970
2501101264,Upasana Khuntia,Female,Civil Engineering,CE,2nd Year,2025-2029,2025,2501101264@gcekjr.ac.in,8009277750
2501101265,Gaurav Rout,Male,Civil Engineering,CE,2nd Year,2025-2029,2025,2501101265@gcekjr.ac.in,7990755832
2501101266,Om Pati,Male,Civil Engineering,CE,2nd Year,2025-2029,2025,2501101266@gcekjr.ac.in,6123672062
2501101267,Deepak Mohanty,Male,Civil Engineering,CE,2nd Year,2025-2029,2025,2501101267@gcekjr.ac.in,7717566148
2501101268,Om Khuntia,Male,Civil Engineering,CE,2nd Year,2025-2029,2025,2501101268@gcekjr.ac.in,9585833170
2501101269,Lopamudra Sahu,Female,Civil Engineering,CE,2nd Year,2025-2029,2025,2501101269@gcekjr.ac.in,9143834293
2501101270,Manas Mohanty,Male,Civil Engineering,CE,2nd Year,2025-2029,2025,2501101270@gcekjr.ac.in,9718821668
2501101271,Biswajit Panda,Male,Civil Engineering,CE,2nd Year,2025-2029,2025,2501101271@gcekjr.ac.in,8664024432
2501101272,Sasmita Patnaik,Female,Civil Engineering,CE,2nd Year,2025-2029,2025,2501101272@gcekjr.ac.in,8730697383
2501101273,Jitendra Sahoo,Male,Civil Engineering,CE,2nd Year,2025-2029,2025,2501101273@gcekjr.ac.in,6103069060
2501101274,Girish Maharana,Male,Civil Engineering,CE,2nd Year,2025-2029,2025,2501101274@gcekjr.ac.in,9456143127
2501101275,Madhusmita Jagadev,Female,Civil Engineering,CE,2nd Year,2025-2029,2025,2501101275@gcekjr.ac.in,6664910322
2501101276,Nandini Jena,Female,Civil Engineering,CE,2nd Year,2025-2029,2025,2501101276@gcekjr.ac.in,8306535361
2501101277,Chandan Barik,Male,Civil Engineering,CE,2nd Year,2025-2029,2025,2501101277@gcekjr.ac.in,9792306272
2501101278,Ankita Swain,Female,Civil Engineering,CE,2nd Year,2025-2029,2025,2501101278@gcekjr.ac.in,9661982295
2501101279,Itishree Naik,Female,Civil Engineering,CE,2nd Year,2025-2029,2025,2501101279@gcekjr.ac.in,9137919489
2501101280,Pradyumna Swain,Male,Civil Engineering,CE,2nd Year,2025-2029,2025,2501101280@gcekjr.ac.in,8881349846
2501101281,Alina Tripathy,Female,Civil Engineering,CE,2nd Year,2025-2029,2025,2501101281@gcekjr.ac.in,9768777655
2501101282,Ipsita Dey,Female,Civil Engineering,CE,2nd Year,2025-2029,2025,2501101282@gcekjr.ac.in,6813251136
2501101283,Dibyajyoti Khuntia,Male,Civil Engineering,CE,2nd Year,2025-2029,2025,2501101283@gcekjr.ac.in,8448178201
2501101284,Chinmayee Jagadev,Female,Civil Engineering,CE,2nd Year,2025-2029,2025,2501101284@gcekjr.ac.in,6142523858
2501101285,Jyotsna Routray,Female,Civil Engineering,CE,2nd Year,2025-2029,2025,2501101285@gcekjr.ac.in,7224644329
2501101286,Ankit Jena,Male,Civil Engineering,CE,2nd Year,2025-2029,2025,2501101286@gcekjr.ac.in,9729857254
2501101287,Bijayalaxmi Jena,Female,Civil Engineering,CE,2nd Year,2025-2029,2025,2501101287@gcekjr.ac.in,7279435983
2501101288,Bikash Barik,Male,Civil Engineering,CE,2nd Year,2025-2029,2025,2501101288@gcekjr.ac.in,6331435423
2501101289,Kajal Rout,Female,Civil Engineering,CE,2nd Year,2025-2029,2025,2501101289@gcekjr.ac.in,7546366858
2501101290,Lipsa Das,Female,Civil Engineering,CE,2nd Year,2025-2029,2025,2501101290@gcekjr.ac.in,9161936991
2501101291,Gitanjali Sethi,Female,Civil Engineering,CE,2nd Year,2025-2029,2025,2501101291@gcekjr.ac.in,6742771512
2501101292,Alina Behera,Female,Civil Engineering,CE,2nd Year,2025-2029,2025,2501101292@gcekjr.ac.in,9806954979
2501101293,Lalatendu Majhi,Male,Civil Engineering,CE,2nd Year,2025-2029,2025,2501101293@gcekjr.ac.in,6641830885
2501101294,Dibyajyoti Das,Male,Civil Engineering,CE,2nd Year,2025-2029,2025,2501101294@gcekjr.ac.in,8266302255
2501101295,Lalatendu Bhoi,Male,Civil Engineering,CE,2nd Year,2025-2029,2025,2501101295@gcekjr.ac.in,6785898026
2501101296,Namrata Panda,Female,Civil Engineering,CE,2nd Year,2025-2029,2025,2501101296@gcekjr.ac.in,6664566165
2501101297,Monalisa Rout,Female,Civil Engineering,CE,2nd Year,2025-2029,2025,2501101297@gcekjr.ac.in,6100948131
2501101298,Vikram Acharya,Male,Civil Engineering,CE,2nd Year,2025-2029,2025,2501101298@gcekjr.ac.in,9502065820
2501101299,Jitendra Barik,Male,Civil Engineering,CE,2nd Year,2025-2029,2025,2501101299@gcekjr.ac.in,9735676663
2501101300,Hemant Kar,Male,Civil Engineering,CE,2nd Year,2025-2029,2025,2501101300@gcekjr.ac.in,6528125991
2501101301,Rakesh Dalai,Male,Civil Engineering,CE,2nd Year,2025-2029,2025,2501101301@gcekjr.ac.in,8665085798
2501101302,Vandana Maharana,Female,Civil Engineering,CE,2nd Year,2025-2029,2025,2501101302@gcekjr.ac.in,7781869951
2501101303,Girish Mishra,Male,Civil Engineering,CE,2nd Year,2025-2029,2025,2501101303@gcekjr.ac.in,6030396610
2501101304,Manas Das,Male,Civil Engineering,CE,2nd Year,2025-2029,2025,2501101304@gcekjr.ac.in,7654008966
2501101305,Nabin Subudhi,Male,Civil Engineering,CE,2nd Year,2025-2029,2025,2501101305@gcekjr.ac.in,6961154234
2501101306,Deepak Biswal,Male,Civil Engineering,CE,2nd Year,2025-2029,2025,2501101306@gcekjr.ac.in,9453795927
2501101307,Rajashree Parida,Female,Civil Engineering,CE,2nd Year,2025-2029,2025,2501101307@gcekjr.ac.in,9416469789
2501101308,Kartik Biswal,Male,Civil Engineering,CE,2nd Year,2025-2029,2025,2501101308@gcekjr.ac.in,7274956942
2501101309,Biswajit Pati,Male,Civil Engineering,CE,2nd Year,2025-2029,2025,2501101309@gcekjr.ac.in,9335919352
2501101310,Eshan Mallick,Male,Civil Engineering,CE,2nd Year,2025-2029,2025,2501101310@gcekjr.ac.in,6528630930
2501101311,Rohit Mohanty,Male,Civil Engineering,CE,2nd Year,2025-2029,2025,2501101311@gcekjr.ac.in,6995205708
2501101312,Pradyumna Dalai,Male,Civil Engineering,CE,2nd Year,2025-2029,2025,2501101312@gcekjr.ac.in,7547393916
2501101313,Manisha Dalai,Female,Civil Engineering,CE,2nd Year,2025-2029,2025,2501101313@gcekjr.ac.in,8999593985
2501101314,Nandini Parida,Female,Civil Engineering,CE,2nd Year,2025-2029,2025,2501101314@gcekjr.ac.in,8723983057
2501101315,Madhusmita Jagadev,Female,Civil Engineering,CE,2nd Year,2025-2029,2025,2501101315@gcekjr.ac.in,8127762050
2501101316,Nabin Biswal,Male,Civil Engineering,CE,2nd Year,2025-2029,2025,2501101316@gcekjr.ac.in,9362060034
2501101317,Usharani Khuntia,Female,Civil Engineering,CE,2nd Year,2025-2029,2025,2501101317@gcekjr.ac.in,7700682780
2501101318,Debjani Maharana,Female,Civil Engineering,CE,2nd Year,2025-2029,2025,2501101318@gcekjr.ac.in,9537362406
2501101319,Chandrika Behera,Female,Civil Engineering,CE,2nd Year,2025-2029,2025,2501101319@gcekjr.ac.in,7367503983
2501101320,Debendra Khuntia,Male,Civil Engineering,CE,2nd Year,2025-2029,2025,2501101320@gcekjr.ac.in,6691126921
2501101321,Lalatendu Tripathy,Male,Civil Engineering,CE,2nd Year,2025-2029,2025,2501101321@gcekjr.ac.in,9207173814
2501101322,Pradyumna Pradhan,Male,Civil Engineering,CE,2nd Year,2025-2029,2025,2501101322@gcekjr.ac.in,8652015858
2501101323,Lalatendu Palei,Male,Civil Engineering,CE,2nd Year,2025-2029,2025,2501101323@gcekjr.ac.in,6369905371
2501101324,Debasis Samal,Male,Civil Engineering,CE,2nd Year,2025-2029,2025,2501101324@gcekjr.ac.in,8753044267
2501101325,Yash Sahoo,Male,Civil Engineering,CE,2nd Year,2025-2029,2025,2501101325@gcekjr.ac.in,7089418475
2501101326,Lipsa Tripathy,Female,Civil Engineering,CE,2nd Year,2025-2029,2025,2501101326@gcekjr.ac.in,8878004472
2501101327,Chandan Patnaik,Male,Civil Engineering,CE,2nd Year,2025-2029,2025,2501101327@gcekjr.ac.in,6173784071
2501101328,Tapan Panda,Male,Civil Engineering,CE,2nd Year,2025-2029,2025,2501101328@gcekjr.ac.in,6055342044
2501101329,Upasana Subudhi,Female,Civil Engineering,CE,2nd Year,2025-2029,2025,2501101329@gcekjr.ac.in,6893933377
2501101330,Tanmayee Acharya,Female,Civil Engineering,CE,2nd Year,2025-2029,2025,2501101330@gcekjr.ac.in,8562594744
2501101331,Jagannath Sahu,Male,Civil Engineering,CE,2nd Year,2025-2029,2025,2501101331@gcekjr.ac.in,9335645975
2501101332,Manisha Hota,Female,Civil Engineering,CE,2nd Year,2025-2029,2025,2501101332@gcekjr.ac.in,8009549065
2501101333,Monalisa Das,Female,Civil Engineering,CE,2nd Year,2025-2029,2025,2501101333@gcekjr.ac.in,7070825924
2501101334,Sasmita Panda,Female,Civil Engineering,CE,2nd Year,2025-2029,2025,2501101334@gcekjr.ac.in,6396098559
2501101335,Chandan Majhi,Male,Civil Engineering,CE,2nd Year,2025-2029,2025,2501101335@gcekjr.ac.in,8826806961
2501101336,Lalatendu Dey,Male,Civil Engineering,CE,2nd Year,2025-2029,2025,2501101336@gcekjr.ac.in,6101327205
2501101337,Pradyumna Tripathy,Male,Civil Engineering,CE,2nd Year,2025-2029,2025,2501101337@gcekjr.ac.in,7488218778
2501101338,Ipsit Barik,Male,Civil Engineering,CE,2nd Year,2025-2029,2025,2501101338@gcekjr.ac.in,8547527188
2501101339,Hemalata Pradhan,Female,Civil Engineering,CE,2nd Year,2025-2029,2025,2501101339@gcekjr.ac.in,6600060477
2501101340,Kartik Rout,Male,Civil Engineering,CE,2nd Year,2025-2029,2025,2501101340@gcekjr.ac.in,8919950278
2501101341,Biswajit Naik,Male,Civil Engineering,CE,2nd Year,2025-2029,2025,2501101341@gcekjr.ac.in,7940015827
2501101342,Yash Sahu,Male,Civil Engineering,CE,2nd Year,2025-2029,2025,2501101342@gcekjr.ac.in,9210221877
2501101343,Jagannath Das,Male,Civil Engineering,CE,2nd Year,2025-2029,2025,2501101343@gcekjr.ac.in,6217164551
2501101344,Gitanjali Acharya,Female,Civil Engineering,CE,2nd Year,2025-2029,2025,2501101344@gcekjr.ac.in,9356053564
2501101345,Harekrushna Mallick,Male,Civil Engineering,CE,2nd Year,2025-2029,2025,2501101345@gcekjr.ac.in,6849544983
2501101346,Yashaswini Dey,Female,Civil Engineering,CE,2nd Year,2025-2029,2025,2501101346@gcekjr.ac.in,7279767035
2501101347,Chandrika Das,Female,Civil Engineering,CE,2nd Year,2025-2029,2025,2501101347@gcekjr.ac.in,6324020002
2501101348,Utkarsh Das,Male,Civil Engineering,CE,2nd Year,2025-2029,2025,2501101348@gcekjr.ac.in,9045335852
2501101349,Kartik Sethi,Male,Civil Engineering,CE,2nd Year,2025-2029,2025,2501101349@gcekjr.ac.in,9935177678
2501101350,Chandrika Tripathy,Female,Civil Engineering,CE,2nd Year,2025-2029,2025,2501101350@gcekjr.ac.in,9027284897
2501101351,Vandana Jena,Female,Civil Engineering,CE,2nd Year,2025-2029,2025,2501101351@gcekjr.ac.in,8626976109
2501101352,Yashaswini Muduli,Female,Civil Engineering,CE,2nd Year,2025-2029,2025,2501101352@gcekjr.ac.in,9388878456
2501101353,Varsha Panda,Female,Civil Engineering,CE,2nd Year,2025-2029,2025,2501101353@gcekjr.ac.in,6057275817
2501101354,Biswajit Biswal,Male,Civil Engineering,CE,2nd Year,2025-2029,2025,2501101354@gcekjr.ac.in,7300798685
2501101355,Bijayalaxmi Parida,Female,Civil Engineering,CE,2nd Year,2025-2029,2025,2501101355@gcekjr.ac.in,6104803190
2501101356,Niranjan Barik,Male,Civil Engineering,CE,2nd Year,2025-2029,2025,2501101356@gcekjr.ac.in,6968985058
2501101357,Trilochan Kar,Male,Civil Engineering,CE,2nd Year,2025-2029,2025,2501101357@gcekjr.ac.in,9452219412
2501101358,Aryan Dalai,Male,Civil Engineering,CE,2nd Year,2025-2029,2025,2501101358@gcekjr.ac.in,9306534973
2501101359,Debendra Naik,Male,Civil Engineering,CE,2nd Year,2025-2029,2025,2501101359@gcekjr.ac.in,9518368018
2501101360,Kartik Jagadev,Male,Civil Engineering,CE,2nd Year,2025-2029,2025,2501101360@gcekjr.ac.in,9043279628
2501101361,Debasis Parida,Male,Civil Engineering,CE,2nd Year,2025-2029,2025,2501101361@gcekjr.ac.in,7412666225
2501101362,Swagatika Majhi,Female,Civil Engineering,CE,2nd Year,2025-2029,2025,2501101362@gcekjr.ac.in,8690933724
2501101363,Nabin Naik,Male,Civil Engineering,CE,2nd Year,2025-2029,2025,2501101363@gcekjr.ac.in,7154901444
2501101364,Gaurav Samal,Male,Civil Engineering,CE,2nd Year,2025-2029,2025,2501101364@gcekjr.ac.in,9482949969
2501101365,Itishree Sethi,Female,Civil Engineering,CE,2nd Year,2025-2029,2025,2501101365@gcekjr.ac.in,6712506299
2501101366,Gitanjali Das,Female,Civil Engineering,CE,2nd Year,2025-2029,2025,2501101366@gcekjr.ac.in,8494755481
2501101367,Rohit Tripathy,Male,Civil Engineering,CE,2nd Year,2025-2029,2025,2501101367@gcekjr.ac.in,7220990791
2501101368,Nandini Routray,Female,Civil Engineering,CE,2nd Year,2025-2029,2025,2501101368@gcekjr.ac.in,9812743666
2501101369,Jagannath Kar,Male,Civil Engineering,CE,2nd Year,2025-2029,2025,2501101369@gcekjr.ac.in,9221639869
2501101370,Om Prava Hota,Female,Civil Engineering,CE,2nd Year,2025-2029,2025,2501101370@gcekjr.ac.in,7814797439
2501101371,Vikram Mallick,Male,Civil Engineering,CE,2nd Year,2025-2029,2025,2501101371@gcekjr.ac.in,6706045526
2501101372,Rohit Subudhi,Male,Civil Engineering,CE,2nd Year,2025-2029,2025,2501101372@gcekjr.ac.in,8982639469
2501101373,Chinmay Mishra,Male,Civil Engineering,CE,2nd Year,2025-2029,2025,2501101373@gcekjr.ac.in,8735239687
2501101374,Kartik Sethi,Male,Civil Engineering,CE,2nd Year,2025-2029,2025,2501101374@gcekjr.ac.in,7056872927
2501101375,Jagannath Jagadev,Male,Civil Engineering,CE,2nd Year,2025-2029,2025,2501101375@gcekjr.ac.in,8345522364
2501101376,Pradyumna Muduli,Male,Civil Engineering,CE,2nd Year,2025-2029,2025,2501101376@gcekjr.ac.in,8953181171
2501101377,Yashaswini Pradhan,Female,Civil Engineering,CE,2nd Year,2025-2029,2025,2501101377@gcekjr.ac.in,7174714752
2501101378,Nabin Das,Male,Civil Engineering,CE,2nd Year,2025-2029,2025,2501101378@gcekjr.ac.in,9773500232
2501101379,Priyanka Pati,Female,Civil Engineering,CE,2nd Year,2025-2029,2025,2501101379@gcekjr.ac.in,7672892424
2501101380,Jyotiranjan Giri,Male,Civil Engineering,CE,2nd Year,2025-2029,2025,2501101380@gcekjr.ac.in,7401979654
2501101381,Mantu Parida,Male,Civil Engineering,CE,2nd Year,2025-2029,2025,2501101381@gcekjr.ac.in,6032006451
2501101382,Kedar Sethi,Male,Civil Engineering,CE,2nd Year,2025-2029,2025,2501101382@gcekjr.ac.in,6261014989
2501101383,Upasana Das,Female,Civil Engineering,CE,2nd Year,2025-2029,2025,2501101383@gcekjr.ac.in,7746220823
2501101384,Jitendra Routray,Male,Civil Engineering,CE,2nd Year,2025-2029,2025,2501101384@gcekjr.ac.in,9449082721
2501101385,Yashaswini Panda,Female,Civil Engineering,CE,2nd Year,2025-2029,2025,2501101385@gcekjr.ac.in,9377039046
2501101386,Ankit Behera,Male,Civil Engineering,CE,2nd Year,2025-2029,2025,2501101386@gcekjr.ac.in,8715699685
2501101387,Niranjan Parida,Male,Civil Engineering,CE,2nd Year,2025-2029,2025,2501101387@gcekjr.ac.in,9714338321
2501101388,Alina Parida,Female,Civil Engineering,CE,2nd Year,2025-2029,2025,2501101388@gcekjr.ac.in,6969279400
2501101389,Bijayalaxmi Kar,Female,Civil Engineering,CE,2nd Year,2025-2029,2025,2501101389@gcekjr.ac.in,9845825207
2501101390,Debasis Sethi,Male,Civil Engineering,CE,2nd Year,2025-2029,2025,2501101390@gcekjr.ac.in,9595280242
2501101391,Pratap Sahu,Male,Civil Engineering,CE,2nd Year,2025-2029,2025,2501101391@gcekjr.ac.in,6921071796
2501101392,Kajal Palei,Female,Civil Engineering,CE,2nd Year,2025-2029,2025,2501101392@gcekjr.ac.in,7362127485
2501101393,Nabin Mishra,Male,Civil Engineering,CE,2nd Year,2025-2029,2025,2501101393@gcekjr.ac.in,7393170629
2501101394,Manas Kar,Male,Civil Engineering,CE,2nd Year,2025-2029,2025,2501101394@gcekjr.ac.in,7496163818
2501101395,Sagar Sahoo,Male,Civil Engineering,CE,2nd Year,2025-2029,2025,2501101395@gcekjr.ac.in,7565974685
2501101396,Debendra Behera,Male,Civil Engineering,CE,2nd Year,2025-2029,2025,2501101396@gcekjr.ac.in,9475191234
2501101397,Gayatri Jena,Female,Civil Engineering,CE,2nd Year,2025-2029,2025,2501101397@gcekjr.ac.in,8693896384
2501101398,Bikash Barik,Male,Civil Engineering,CE,2nd Year,2025-2029,2025,2501101398@gcekjr.ac.in,6170753128
2501101399,Jyotiranjan Giri,Male,Civil Engineering,CE,2nd Year,2025-2029,2025,2501101399@gcekjr.ac.in,9540403144
2501101400,Harekrushna Behera,Male,Civil Engineering,CE,2nd Year,2025-2029,2025,2501101400@gcekjr.ac.in,7050944330
2501101401,Usharani Bhoi,Female,Civil Engineering,CE,2nd Year,2025-2029,2025,2501101401@gcekjr.ac.in,6484417045
2501101402,Kajal Jagadev,Female,Civil Engineering,CE,2nd Year,2025-2029,2025,2501101402@gcekjr.ac.in,6113303649
2501101403,Snigdha Bhoi,Female,Civil Engineering,CE,2nd Year,2025-2029,2025,2501101403@gcekjr.ac.in,9680663513
2501101404,Pratap Mallick,Male,Civil Engineering,CE,2nd Year,2025-2029,2025,2501101404@gcekjr.ac.in,9886945378
2501101405,Lokanath Acharya,Male,Civil Engineering,CE,2nd Year,2025-2029,2025,2501101405@gcekjr.ac.in,9470692574
2501101406,Sagar Palei,Male,Civil Engineering,CE,2nd Year,2025-2029,2025,2501101406@gcekjr.ac.in,9251923750
2501101407,Hemant Das,Male,Civil Engineering,CE,2nd Year,2025-2029,2025,2501101407@gcekjr.ac.in,9578902186
2501101408,Subham Dalai,Male,Civil Engineering,CE,2nd Year,2025-2029,2025,2501101408@gcekjr.ac.in,8500999146
2501101409,Itish Swain,Male,Civil Engineering,CE,2nd Year,2025-2029,2025,2501101409@gcekjr.ac.in,7788222078
2501101410,Barsha Jagadev,Female,Civil Engineering,CE,2nd Year,2025-2029,2025,2501101410@gcekjr.ac.in,9694162596
2501101411,Bhagyashree Nayak,Female,Civil Engineering,CE,2nd Year,2025-2029,2025,2501101411@gcekjr.ac.in,7085484911
2501101412,Gayatri Panda,Female,Civil Engineering,CE,2nd Year,2025-2029,2025,2501101412@gcekjr.ac.in,6391600511
2501101413,Bhagyashree Bhoi,Female,Civil Engineering,CE,2nd Year,2025-2029,2025,2501101413@gcekjr.ac.in,9411649301
2501101414,Yash Jena,Male,Civil Engineering,CE,2nd Year,2025-2029,2025,2501101414@gcekjr.ac.in,7527316166
2501101415,Mantu Acharya,Male,Civil Engineering,CE,2nd Year,2025-2029,2025,2501101415@gcekjr.ac.in,8645831195
2501101416,Upasana Dalai,Female,Civil Engineering,CE,2nd Year,2025-2029,2025,2501101416@gcekjr.ac.in,9432780381
2501101417,Biswajit Tripathy,Male,Civil Engineering,CE,2nd Year,2025-2029,2025,2501101417@gcekjr.ac.in,7735195983
2501101418,Elina Maharana,Female,Civil Engineering,CE,2nd Year,2025-2029,2025,2501101418@gcekjr.ac.in,8872666058
2501101419,Rashmita Pati,Female,Civil Engineering,CE,2nd Year,2025-2029,2025,2501101419@gcekjr.ac.in,8085996868
2501101420,Ankit Samal,Male,Civil Engineering,CE,2nd Year,2025-2029,2025,2501101420@gcekjr.ac.in,6397317670
2501101421,Tapaswini Dey,Female,Civil Engineering,CE,2nd Year,2025-2029,2025,2501101421@gcekjr.ac.in,7860350975
2501101422,Tapaswini Nayak,Female,Civil Engineering,CE,2nd Year,2025-2029,2025,2501101422@gcekjr.ac.in,6999546496
2501101423,Lipsa Dalai,Female,Civil Engineering,CE,2nd Year,2025-2029,2025,2501101423@gcekjr.ac.in,9266773170
2501101424,Itishree Tripathy,Female,Civil Engineering,CE,2nd Year,2025-2029,2025,2501101424@gcekjr.ac.in,6545791818
2501101425,Girish Nayak,Male,Civil Engineering,CE,2nd Year,2025-2029,2025,2501101425@gcekjr.ac.in,6030882306
2501101426,Ujjwal Senapati,Male,Civil Engineering,CE,2nd Year,2025-2029,2025,2501101426@gcekjr.ac.in,8728765715
2501101427,Bhagyashree Maharana,Female,Civil Engineering,CE,2nd Year,2025-2029,2025,2501101427@gcekjr.ac.in,8719891982
2501101428,Jyotiranjan Swain,Male,Civil Engineering,CE,2nd Year,2025-2029,2025,2501101428@gcekjr.ac.in,7088822473
2501101429,Chinmayee Pati,Female,Civil Engineering,CE,2nd Year,2025-2029,2025,2501101429@gcekjr.ac.in,8451197299
2501101430,Manisha Dash,Female,Civil Engineering,CE,2nd Year,2025-2029,2025,2501101430@gcekjr.ac.in,6852018971
2501101431,Niranjan Mohanty,Male,Civil Engineering,CE,2nd Year,2025-2029,2025,2501101431@gcekjr.ac.in,7297250283
2501101432,Namrata Behera,Female,Civil Engineering,CE,2nd Year,2025-2029,2025,2501101432@gcekjr.ac.in,6575209311
2501101433,Tapaswini Majhi,Female,Civil Engineering,CE,2nd Year,2025-2029,2025,2501101433@gcekjr.ac.in,7153284934
2501101434,Debjani Majhi,Female,Civil Engineering,CE,2nd Year,2025-2029,2025,2501101434@gcekjr.ac.in,6399455613
2501101435,Om Rout,Male,Civil Engineering,CE,2nd Year,2025-2029,2025,2501101435@gcekjr.ac.in,9618072896
2501101436,Itish Jagadev,Male,Civil Engineering,CE,2nd Year,2025-2029,2025,2501101436@gcekjr.ac.in,8450396295
2501101437,Yash Routray,Male,Civil Engineering,CE,2nd Year,2025-2029,2025,2501101437@gcekjr.ac.in,7952865100
2501101438,Tapaswini Tripathy,Female,Civil Engineering,CE,2nd Year,2025-2029,2025,2501101438@gcekjr.ac.in,8238572801
2501101439,Harekrushna Barik,Male,Civil Engineering,CE,2nd Year,2025-2029,2025,2501101439@gcekjr.ac.in,6027435883
2501101440,Ankit Dey,Male,Civil Engineering,CE,2nd Year,2025-2029,2025,2501101440@gcekjr.ac.in,9090953330
2501101441,Chandan Biswal,Male,Civil Engineering,CE,2nd Year,2025-2029,2025,2501101441@gcekjr.ac.in,7227709550
2501101442,Mantu Nayak,Male,Civil Engineering,CE,2nd Year,2025-2029,2025,2501101442@gcekjr.ac.in,8813654147
2501101443,Sagar Dalai,Male,Civil Engineering,CE,2nd Year,2025-2029,2025,2501101443@gcekjr.ac.in,8608188511
2501101444,Snigdha Das,Female,Civil Engineering,CE,2nd Year,2025-2029,2025,2501101444@gcekjr.ac.in,8366001598
2501101445,Aryan Tripathy,Male,Civil Engineering,CE,2nd Year,2025-2029,2025,2501101445@gcekjr.ac.in,9881380938
2501101446,Tanmayee Swain,Female,Civil Engineering,CE,2nd Year,2025-2029,2025,2501101446@gcekjr.ac.in,9678387561
2501101447,Tanmayee Sahoo,Female,Civil Engineering,CE,2nd Year,2025-2029,2025,2501101447@gcekjr.ac.in,9554445827
2501101448,Chandan Kar,Male,Civil Engineering,CE,2nd Year,2025-2029,2025,2501101448@gcekjr.ac.in,7453226709
2501101449,Eshan Dash,Male,Civil Engineering,CE,2nd Year,2025-2029,2025,2501101449@gcekjr.ac.in,9542471895
2501101450,Gyana Jagadev,Male,Civil Engineering,CE,2nd Year,2025-2029,2025,2501101450@gcekjr.ac.in,8269285764
2501101451,Om Maharana,Male,Civil Engineering,CE,2nd Year,2025-2029,2025,2501101451@gcekjr.ac.in,6934959199
2501101452,Jagruti Mohanty,Female,Civil Engineering,CE,2nd Year,2025-2029,2025,2501101452@gcekjr.ac.in,7315291037
2501101453,Pragyan Majhi,Female,Civil Engineering,CE,2nd Year,2025-2029,2025,2501101453@gcekjr.ac.in,6955901713
2501101454,Om Naik,Male,Civil Engineering,CE,2nd Year,2025-2029,2025,2501101454@gcekjr.ac.in,9430352672
2501101455,Girish Patnaik,Male,Civil Engineering,CE,2nd Year,2025-2029,2025,2501101455@gcekjr.ac.in,7141941233
2501101456,Pragyan Giri,Female,Civil Engineering,CE,2nd Year,2025-2029,2025,2501101456@gcekjr.ac.in,9003612060
2501101457,Ipsit Sethi,Male,Civil Engineering,CE,2nd Year,2025-2029,2025,2501101457@gcekjr.ac.in,6088858054
2501101458,Biswajit Tripathy,Male,Civil Engineering,CE,2nd Year,2025-2029,2025,2501101458@gcekjr.ac.in,7536704008
2501101459,Ankit Tripathy,Male,Civil Engineering,CE,2nd Year,2025-2029,2025,2501101459@gcekjr.ac.in,9823117326
2501101460,Sasmita Subudhi,Female,Civil Engineering,CE,2nd Year,2025-2029,2025,2501101460@gcekjr.ac.in,9817171299
2501101461,Ujjwal Giri,Male,Civil Engineering,CE,2nd Year,2025-2029,2025,2501101461@gcekjr.ac.in,7477184222
2501101462,Chinmay Samal,Male,Civil Engineering,CE,2nd Year,2025-2029,2025,2501101462@gcekjr.ac.in,8200035273
2501101463,Debasis Muduli,Male,Civil Engineering,CE,2nd Year,2025-2029,2025,2501101463@gcekjr.ac.in,9536782334
2501101464,Saroj Nayak,Male,Civil Engineering,CE,2nd Year,2025-2029,2025,2501101464@gcekjr.ac.in,7492500919
2501101465,Usharani Pradhan,Female,Civil Engineering,CE,2nd Year,2025-2029,2025,2501101465@gcekjr.ac.in,8333771893
2501101466,Subham Routray,Male,Civil Engineering,CE,2nd Year,2025-2029,2025,2501101466@gcekjr.ac.in,7272685530
2501101467,Vikram Parida,Male,Civil Engineering,CE,2nd Year,2025-2029,2025,2501101467@gcekjr.ac.in,9528186178
2501101468,Sarita Dalai,Female,Civil Engineering,CE,2nd Year,2025-2029,2025,2501101468@gcekjr.ac.in,8762238976
2501101469,Om Nayak,Male,Civil Engineering,CE,2nd Year,2025-2029,2025,2501101469@gcekjr.ac.in,9680038214
2501101470,Gyana Kar,Male,Civil Engineering,CE,2nd Year,2025-2029,2025,2501101470@gcekjr.ac.in,7335130150
2501101471,Chandrika Senapati,Female,Civil Engineering,CE,2nd Year,2025-2029,2025,2501101471@gcekjr.ac.in,8240696610
2501101472,Lipsa Kar,Female,Civil Engineering,CE,2nd Year,2025-2029,2025,2501101472@gcekjr.ac.in,6887316343
2501101473,Nandini Senapati,Female,Civil Engineering,CE,2nd Year,2025-2029,2025,2501101473@gcekjr.ac.in,8441777679
2501101474,Gaurav Khuntia,Male,Civil Engineering,CE,2nd Year,2025-2029,2025,2501101474@gcekjr.ac.in,6590388873
2501101475,Biswajit Pati,Male,Civil Engineering,CE,2nd Year,2025-2029,2025,2501101475@gcekjr.ac.in,7341496107
2501101476,Esha Dash,Female,Civil Engineering,CE,2nd Year,2025-2029,2025,2501101476@gcekjr.ac.in,8242660927
2501101477,Rashmita Khuntia,Female,Civil Engineering,CE,2nd Year,2025-2029,2025,2501101477@gcekjr.ac.in,8651732767
2501101478,Chandrika Naik,Female,Civil Engineering,CE,2nd Year,2025-2029,2025,2501101478@gcekjr.ac.in,8239833221
2501101479,Debasmita Patnaik,Female,Civil Engineering,CE,2nd Year,2025-2029,2025,2501101479@gcekjr.ac.in,9706907331
2501101480,Esha Pati,Female,Civil Engineering,CE,2nd Year,2025-2029,2025,2501101480@gcekjr.ac.in,8628773349
2501101481,Bijayalaxmi Majhi,Female,Civil Engineering,CE,2nd Year,2025-2029,2025,2501101481@gcekjr.ac.in,6829238011
2501101482,Himanshu Khuntia,Male,Civil Engineering,CE,2nd Year,2025-2029,2025,2501101482@gcekjr.ac.in,6691269235
2501101483,Subham Mallick,Male,Civil Engineering,CE,2nd Year,2025-2029,2025,2501101483@gcekjr.ac.in,7931421737
2501101484,Tanmayee Subudhi,Female,Civil Engineering,CE,2nd Year,2025-2029,2025,2501101484@gcekjr.ac.in,6161775905
2501101485,Ipsita Giri,Female,Civil Engineering,CE,2nd Year,2025-2029,2025,2501101485@gcekjr.ac.in,6172709107
2501101486,Ankit Routray,Male,Civil Engineering,CE,2nd Year,2025-2029,2025,2501101486@gcekjr.ac.in,8607695492
2501101487,Upasana Mohanty,Female,Civil Engineering,CE,2nd Year,2025-2029,2025,2501101487@gcekjr.ac.in,8308863744
2501101488,Sarita Bhoi,Female,Civil Engineering,CE,2nd Year,2025-2029,2025,2501101488@gcekjr.ac.in,8447971668
2501101489,Tapaswini Mallick,Female,Civil Engineering,CE,2nd Year,2025-2029,2025,2501101489@gcekjr.ac.in,7797334664
2501101490,Jyotiranjan Dey,Male,Civil Engineering,CE,2nd Year,2025-2029,2025,2501101490@gcekjr.ac.in,8706295293
2501101491,Sagar Muduli,Male,Civil Engineering,CE,2nd Year,2025-2029,2025,2501101491@gcekjr.ac.in,6284334804
2501101492,Pratap Bhoi,Male,Civil Engineering,CE,2nd Year,2025-2029,2025,2501101492@gcekjr.ac.in,9885207396
2501101493,Pradyumna Sahoo,Male,Civil Engineering,CE,2nd Year,2025-2029,2025,2501101493@gcekjr.ac.in,9710762200
2501101494,Nabin Dey,Male,Civil Engineering,CE,2nd Year,2025-2029,2025,2501101494@gcekjr.ac.in,7867787745
2501101495,Vikram Palei,Male,Civil Engineering,CE,2nd Year,2025-2029,2025,2501101495@gcekjr.ac.in,6114385826
2501101496,Gaurav Pradhan,Male,Civil Engineering,CE,2nd Year,2025-2029,2025,2501101496@gcekjr.ac.in,8178741169
2501101497,Nabin Nayak,Male,Civil Engineering,CE,2nd Year,2025-2029,2025,2501101497@gcekjr.ac.in,9411395905
2501101498,Eshan Mallick,Male,Civil Engineering,CE,2nd Year,2025-2029,2025,2501101498@gcekjr.ac.in,6292642478
2501101499,Ashutosh Nayak,Male,Civil Engineering,CE,2nd Year,2025-2029,2025,2501101499@gcekjr.ac.in,9500065317
2501101500,Deepak Hota,Male,Civil Engineering,CE,2nd Year,2025-2029,2025,2501101500@gcekjr.ac.in,7782912334
2601100001,Jagannath Routray,Male,Computer Science and Engineering,CSE,1st Year,2026-2030,2026,2601100001@gcekjr.ac.in,6257880986
2601100002,Ipsit Muduli,Male,Computer Science and Engineering,CSE,1st Year,2026-2030,2026,2601100002@gcekjr.ac.in,6054948207
2601100003,Gaurav Palei,Male,Computer Science and Engineering,CSE,1st Year,2026-2030,2026,2601100003@gcekjr.ac.in,8847027793
2601100004,Tapan Hota,Male,Computer Science and Engineering,CSE,1st Year,2026-2030,2026,2601100004@gcekjr.ac.in,8929193121
2601100005,Trilochan Biswal,Male,Computer Science and Engineering,CSE,1st Year,2026-2030,2026,2601100005@gcekjr.ac.in,6799062926
2601100006,Itish Pradhan,Male,Computer Science and Engineering,CSE,1st Year,2026-2030,2026,2601100006@gcekjr.ac.in,8453868374
2601100007,Alina Barik,Female,Computer Science and Engineering,CSE,1st Year,2026-2030,2026,2601100007@gcekjr.ac.in,8754876922
2601100008,Ipsita Barik,Female,Computer Science and Engineering,CSE,1st Year,2026-2030,2026,2601100008@gcekjr.ac.in,6850776891
2601100009,Nabin Giri,Male,Computer Science and Engineering,CSE,1st Year,2026-2030,2026,2601100009@gcekjr.ac.in,6503013616
2601100010,Vikram Patnaik,Male,Computer Science and Engineering,CSE,1st Year,2026-2030,2026,2601100010@gcekjr.ac.in,8669906969
2601100011,Ankita Patnaik,Female,Computer Science and Engineering,CSE,1st Year,2026-2030,2026,2601100011@gcekjr.ac.in,9200160669
2601100012,Hemalata Senapati,Female,Computer Science and Engineering,CSE,1st Year,2026-2030,2026,2601100012@gcekjr.ac.in,9210411179
2601100013,Namrata Pradhan,Female,Computer Science and Engineering,CSE,1st Year,2026-2030,2026,2601100013@gcekjr.ac.in,8646281700
2601100014,Lalatendu Behera,Male,Computer Science and Engineering,CSE,1st Year,2026-2030,2026,2601100014@gcekjr.ac.in,7973600887
2601100015,Harapriya Rout,Female,Computer Science and Engineering,CSE,1st Year,2026-2030,2026,2601100015@gcekjr.ac.in,7749910399
2601100016,Yashaswini Routray,Female,Computer Science and Engineering,CSE,1st Year,2026-2030,2026,2601100016@gcekjr.ac.in,9144380285
2601100017,Tapan Pati,Male,Computer Science and Engineering,CSE,1st Year,2026-2030,2026,2601100017@gcekjr.ac.in,9721537023
2601100018,Itishree Majhi,Female,Computer Science and Engineering,CSE,1st Year,2026-2030,2026,2601100018@gcekjr.ac.in,8904705797
2601100019,Ashutosh Mallick,Male,Computer Science and Engineering,CSE,1st Year,2026-2030,2026,2601100019@gcekjr.ac.in,9051697718
2601100020,Subham Dalai,Male,Computer Science and Engineering,CSE,1st Year,2026-2030,2026,2601100020@gcekjr.ac.in,8003154045
2601100021,Pragyan Acharya,Female,Computer Science and Engineering,CSE,1st Year,2026-2030,2026,2601100021@gcekjr.ac.in,9087910260
2601100022,Hemalata Swain,Female,Computer Science and Engineering,CSE,1st Year,2026-2030,2026,2601100022@gcekjr.ac.in,8817685686
2601100023,Om Behera,Male,Computer Science and Engineering,CSE,1st Year,2026-2030,2026,2601100023@gcekjr.ac.in,7008180628
2601100024,Pratap Jagadev,Male,Computer Science and Engineering,CSE,1st Year,2026-2030,2026,2601100024@gcekjr.ac.in,9575379063
2601100025,Kedar Samal,Male,Computer Science and Engineering,CSE,1st Year,2026-2030,2026,2601100025@gcekjr.ac.in,9947644259
2601100026,Pradyumna Dash,Male,Computer Science and Engineering,CSE,1st Year,2026-2030,2026,2601100026@gcekjr.ac.in,7059885873
2601100027,Utkarsh Dey,Male,Computer Science and Engineering,CSE,1st Year,2026-2030,2026,2601100027@gcekjr.ac.in,7015371561
2601100028,Gyana Dalai,Male,Computer Science and Engineering,CSE,1st Year,2026-2030,2026,2601100028@gcekjr.ac.in,8011550465
2601100029,Vivekananda Maharana,Male,Computer Science and Engineering,CSE,1st Year,2026-2030,2026,2601100029@gcekjr.ac.in,7549574382
2601100030,Vivekananda Muduli,Male,Computer Science and Engineering,CSE,1st Year,2026-2030,2026,2601100030@gcekjr.ac.in,8338730351
2601100031,Yashaswini Rout,Female,Computer Science and Engineering,CSE,1st Year,2026-2030,2026,2601100031@gcekjr.ac.in,9364734932
2601100032,Debendra Tripathy,Male,Computer Science and Engineering,CSE,1st Year,2026-2030,2026,2601100032@gcekjr.ac.in,8034900589
2601100033,Lalatendu Barik,Male,Computer Science and Engineering,CSE,1st Year,2026-2030,2026,2601100033@gcekjr.ac.in,6804303752
2601100034,Bibhu Behera,Male,Computer Science and Engineering,CSE,1st Year,2026-2030,2026,2601100034@gcekjr.ac.in,9105234540
2601100035,Chandan Parida,Male,Computer Science and Engineering,CSE,1st Year,2026-2030,2026,2601100035@gcekjr.ac.in,8356654668
2601100036,Gyana Maharana,Male,Computer Science and Engineering,CSE,1st Year,2026-2030,2026,2601100036@gcekjr.ac.in,6490934635
2601100037,Rakesh Subudhi,Male,Computer Science and Engineering,CSE,1st Year,2026-2030,2026,2601100037@gcekjr.ac.in,6700085510
2601100038,Bikash Hota,Male,Computer Science and Engineering,CSE,1st Year,2026-2030,2026,2601100038@gcekjr.ac.in,9664035110
2601100039,Amit Giri,Male,Computer Science and Engineering,CSE,1st Year,2026-2030,2026,2601100039@gcekjr.ac.in,7090858664
2601100040,Lalatendu Dalai,Male,Computer Science and Engineering,CSE,1st Year,2026-2030,2026,2601100040@gcekjr.ac.in,8987748342
2601100041,Yash Khuntia,Male,Computer Science and Engineering,CSE,1st Year,2026-2030,2026,2601100041@gcekjr.ac.in,8417079063
2601100042,Sarita Subudhi,Female,Computer Science and Engineering,CSE,1st Year,2026-2030,2026,2601100042@gcekjr.ac.in,8169663537
2601100043,Girish Pati,Male,Computer Science and Engineering,CSE,1st Year,2026-2030,2026,2601100043@gcekjr.ac.in,9554308300
2601100044,Vikram Nayak,Male,Computer Science and Engineering,CSE,1st Year,2026-2030,2026,2601100044@gcekjr.ac.in,8523111308
2601100045,Gyana Das,Male,Computer Science and Engineering,CSE,1st Year,2026-2030,2026,2601100045@gcekjr.ac.in,7788825991
2601100046,Rajesh Senapati,Male,Computer Science and Engineering,CSE,1st Year,2026-2030,2026,2601100046@gcekjr.ac.in,6740778667
2601100047,Debendra Palei,Male,Computer Science and Engineering,CSE,1st Year,2026-2030,2026,2601100047@gcekjr.ac.in,8910214285
2601100048,Rohit Giri,Male,Computer Science and Engineering,CSE,1st Year,2026-2030,2026,2601100048@gcekjr.ac.in,8764746807
2601100049,Mantu Giri,Male,Computer Science and Engineering,CSE,1st Year,2026-2030,2026,2601100049@gcekjr.ac.in,6166773501
2601100050,Sagar Majhi,Male,Computer Science and Engineering,CSE,1st Year,2026-2030,2026,2601100050@gcekjr.ac.in,7861838846
2601100051,Ipsit Dalai,Male,Computer Science and Engineering,CSE,1st Year,2026-2030,2026,2601100051@gcekjr.ac.in,9835452928
2601100052,Lokanath Acharya,Male,Computer Science and Engineering,CSE,1st Year,2026-2030,2026,2601100052@gcekjr.ac.in,6576240586
2601100053,Pratap Behera,Male,Computer Science and Engineering,CSE,1st Year,2026-2030,2026,2601100053@gcekjr.ac.in,7628653150
2601100054,Vikram Nayak,Male,Computer Science and Engineering,CSE,1st Year,2026-2030,2026,2601100054@gcekjr.ac.in,9354607335
2601100055,Manas Barik,Male,Computer Science and Engineering,CSE,1st Year,2026-2030,2026,2601100055@gcekjr.ac.in,6840319128
2601100056,Harekrushna Sahoo,Male,Computer Science and Engineering,CSE,1st Year,2026-2030,2026,2601100056@gcekjr.ac.in,6946627076
2601100057,Gyana Sethi,Male,Computer Science and Engineering,CSE,1st Year,2026-2030,2026,2601100057@gcekjr.ac.in,8790479517
2601100058,Priyanka Dey,Female,Computer Science and Engineering,CSE,1st Year,2026-2030,2026,2601100058@gcekjr.ac.in,9067904299
2601100059,Chinmay Muduli,Male,Computer Science and Engineering,CSE,1st Year,2026-2030,2026,2601100059@gcekjr.ac.in,7612898294
2601100060,Lalatendu Pradhan,Male,Computer Science and Engineering,CSE,1st Year,2026-2030,2026,2601100060@gcekjr.ac.in,8389839409
2601100061,Gaurav Nayak,Male,Computer Science and Engineering,CSE,1st Year,2026-2030,2026,2601100061@gcekjr.ac.in,7085477684
2601100062,Om Pradhan,Male,Computer Science and Engineering,CSE,1st Year,2026-2030,2026,2601100062@gcekjr.ac.in,8545499451
2601100063,Jagannath Pati,Male,Computer Science and Engineering,CSE,1st Year,2026-2030,2026,2601100063@gcekjr.ac.in,6577479333
2601100064,Bijayalaxmi Sethi,Female,Computer Science and Engineering,CSE,1st Year,2026-2030,2026,2601100064@gcekjr.ac.in,7766329565
2601100065,Amit Dey,Male,Computer Science and Engineering,CSE,1st Year,2026-2030,2026,2601100065@gcekjr.ac.in,6119627466
2601100066,Himanshu Mallick,Male,Computer Science and Engineering,CSE,1st Year,2026-2030,2026,2601100066@gcekjr.ac.in,6697289228
2601100067,Hemalata Giri,Female,Computer Science and Engineering,CSE,1st Year,2026-2030,2026,2601100067@gcekjr.ac.in,7375951598
2601100068,Harekrushna Majhi,Male,Computer Science and Engineering,CSE,1st Year,2026-2030,2026,2601100068@gcekjr.ac.in,7098016503
2601100069,Utkarsh Sahu,Male,Computer Science and Engineering,CSE,1st Year,2026-2030,2026,2601100069@gcekjr.ac.in,7276903490
2601100070,Pratap Sethi,Male,Computer Science and Engineering,CSE,1st Year,2026-2030,2026,2601100070@gcekjr.ac.in,6220085691
2601100071,Debasmita Das,Female,Computer Science and Engineering,CSE,1st Year,2026-2030,2026,2601100071@gcekjr.ac.in,9426849482
2601100072,Barsha Khuntia,Female,Computer Science and Engineering,CSE,1st Year,2026-2030,2026,2601100072@gcekjr.ac.in,7079924347
2601100073,Sushmita Giri,Female,Computer Science and Engineering,CSE,1st Year,2026-2030,2026,2601100073@gcekjr.ac.in,6057651875
2601100074,Bibhu Jagadev,Male,Computer Science and Engineering,CSE,1st Year,2026-2030,2026,2601100074@gcekjr.ac.in,6629798689
2601100075,Anita Majhi,Female,Computer Science and Engineering,CSE,1st Year,2026-2030,2026,2601100075@gcekjr.ac.in,7083274165
2601100076,Itish Jagadev,Male,Computer Science and Engineering,CSE,1st Year,2026-2030,2026,2601100076@gcekjr.ac.in,6525611735
2601100077,Barsha Biswal,Female,Computer Science and Engineering,CSE,1st Year,2026-2030,2026,2601100077@gcekjr.ac.in,9179623673
2601100078,Priyanka Das,Female,Computer Science and Engineering,CSE,1st Year,2026-2030,2026,2601100078@gcekjr.ac.in,7963110981
2601100079,Lipsa Pati,Female,Computer Science and Engineering,CSE,1st Year,2026-2030,2026,2601100079@gcekjr.ac.in,7919807420
2601100080,Lokanath Parida,Male,Computer Science and Engineering,CSE,1st Year,2026-2030,2026,2601100080@gcekjr.ac.in,8842862414
2601100081,Sushmita Das,Female,Computer Science and Engineering,CSE,1st Year,2026-2030,2026,2601100081@gcekjr.ac.in,6128508134
2601100082,Trupti Parida,Female,Computer Science and Engineering,CSE,1st Year,2026-2030,2026,2601100082@gcekjr.ac.in,6581902596
2601100083,Upasana Dey,Female,Computer Science and Engineering,CSE,1st Year,2026-2030,2026,2601100083@gcekjr.ac.in,7488057863
2601100084,Anita Hota,Female,Computer Science and Engineering,CSE,1st Year,2026-2030,2026,2601100084@gcekjr.ac.in,7716210896
2601100085,Debjani Barik,Female,Computer Science and Engineering,CSE,1st Year,2026-2030,2026,2601100085@gcekjr.ac.in,9737047872
2601100086,Mantu Naik,Male,Computer Science and Engineering,CSE,1st Year,2026-2030,2026,2601100086@gcekjr.ac.in,6298442353
2601100087,Lokanath Kar,Male,Computer Science and Engineering,CSE,1st Year,2026-2030,2026,2601100087@gcekjr.ac.in,9652065812
2601100088,Debasis Barik,Male,Computer Science and Engineering,CSE,1st Year,2026-2030,2026,2601100088@gcekjr.ac.in,9787573439
2601100089,Monalisa Bhoi,Female,Computer Science and Engineering,CSE,1st Year,2026-2030,2026,2601100089@gcekjr.ac.in,9651413440
2601100090,Barsha Palei,Female,Computer Science and Engineering,CSE,1st Year,2026-2030,2026,2601100090@gcekjr.ac.in,8391278300
2601100091,Sushmita Nayak,Female,Computer Science and Engineering,CSE,1st Year,2026-2030,2026,2601100091@gcekjr.ac.in,9902663465
2601100092,Tapan Rout,Male,Computer Science and Engineering,CSE,1st Year,2026-2030,2026,2601100092@gcekjr.ac.in,8717191287
2601100093,Sagar Sahu,Male,Computer Science and Engineering,CSE,1st Year,2026-2030,2026,2601100093@gcekjr.ac.in,9666681354
2601100094,Vikram Sahoo,Male,Computer Science and Engineering,CSE,1st Year,2026-2030,2026,2601100094@gcekjr.ac.in,7263672032
2601100095,Itishree Palei,Female,Computer Science and Engineering,CSE,1st Year,2026-2030,2026,2601100095@gcekjr.ac.in,7608665127
2601100096,Lopamudra Samal,Female,Computer Science and Engineering,CSE,1st Year,2026-2030,2026,2601100096@gcekjr.ac.in,9650883378
2601100097,Ipsita Majhi,Female,Computer Science and Engineering,CSE,1st Year,2026-2030,2026,2601100097@gcekjr.ac.in,9396108856
2601100098,Gitanjali Mohanty,Female,Computer Science and Engineering,CSE,1st Year,2026-2030,2026,2601100098@gcekjr.ac.in,7323797697
2601100099,Trilochan Mohanty,Male,Computer Science and Engineering,CSE,1st Year,2026-2030,2026,2601100099@gcekjr.ac.in,7448249519
2601100100,Manisha Giri,Female,Computer Science and Engineering,CSE,1st Year,2026-2030,2026,2601100100@gcekjr.ac.in,8134179220
2601100101,Sasmita Pati,Female,Computer Science and Engineering,CSE,1st Year,2026-2030,2026,2601100101@gcekjr.ac.in,7191744139
2601100102,Harapriya Majhi,Female,Computer Science and Engineering,CSE,1st Year,2026-2030,2026,2601100102@gcekjr.ac.in,7911397718
2601100103,Vikram Maharana,Male,Computer Science and Engineering,CSE,1st Year,2026-2030,2026,2601100103@gcekjr.ac.in,9683895581
2601100104,Sasmita Dey,Female,Computer Science and Engineering,CSE,1st Year,2026-2030,2026,2601100104@gcekjr.ac.in,6600045971
2601100105,Niranjan Naik,Male,Computer Science and Engineering,CSE,1st Year,2026-2030,2026,2601100105@gcekjr.ac.in,9527904234
2601100106,Vikram Dash,Male,Computer Science and Engineering,CSE,1st Year,2026-2030,2026,2601100106@gcekjr.ac.in,6306672921
2601100107,Chinmayee Jena,Female,Computer Science and Engineering,CSE,1st Year,2026-2030,2026,2601100107@gcekjr.ac.in,9337375471
2601100108,Manas Khuntia,Male,Computer Science and Engineering,CSE,1st Year,2026-2030,2026,2601100108@gcekjr.ac.in,8460536925
2601100109,Ankit Tripathy,Male,Computer Science and Engineering,CSE,1st Year,2026-2030,2026,2601100109@gcekjr.ac.in,6599402032
2601100110,Bijayalaxmi Barik,Female,Computer Science and Engineering,CSE,1st Year,2026-2030,2026,2601100110@gcekjr.ac.in,9314309409
2601100111,Om Kar,Male,Computer Science and Engineering,CSE,1st Year,2026-2030,2026,2601100111@gcekjr.ac.in,8549585500
2601100112,Gaurav Behera,Male,Computer Science and Engineering,CSE,1st Year,2026-2030,2026,2601100112@gcekjr.ac.in,8385304683
2601100113,Eshan Dash,Male,Computer Science and Engineering,CSE,1st Year,2026-2030,2026,2601100113@gcekjr.ac.in,7682548366
2601100114,Esha Senapati,Female,Computer Science and Engineering,CSE,1st Year,2026-2030,2026,2601100114@gcekjr.ac.in,8821708983
2601100115,Jagruti Senapati,Female,Computer Science and Engineering,CSE,1st Year,2026-2030,2026,2601100115@gcekjr.ac.in,8262805002
2601100116,Trupti Bhoi,Female,Computer Science and Engineering,CSE,1st Year,2026-2030,2026,2601100116@gcekjr.ac.in,7612944694
2601100117,Swagatika Samal,Female,Computer Science and Engineering,CSE,1st Year,2026-2030,2026,2601100117@gcekjr.ac.in,9372131542
2601100118,Amit Swain,Male,Computer Science and Engineering,CSE,1st Year,2026-2030,2026,2601100118@gcekjr.ac.in,8490809523
2601100119,Eshan Biswal,Male,Computer Science and Engineering,CSE,1st Year,2026-2030,2026,2601100119@gcekjr.ac.in,6811693209
2601100120,Elina Pati,Female,Computer Science and Engineering,CSE,1st Year,2026-2030,2026,2601100120@gcekjr.ac.in,8658909469
2601100121,Bibhu Pradhan,Male,Computer Science and Engineering,CSE,1st Year,2026-2030,2026,2601100121@gcekjr.ac.in,8581696531
2601100122,Vikram Kar,Male,Computer Science and Engineering,CSE,1st Year,2026-2030,2026,2601100122@gcekjr.ac.in,7239808426
2601100123,Lipsa Pradhan,Female,Computer Science and Engineering,CSE,1st Year,2026-2030,2026,2601100123@gcekjr.ac.in,9636208560
2601100124,Om Bhoi,Male,Computer Science and Engineering,CSE,1st Year,2026-2030,2026,2601100124@gcekjr.ac.in,9428460159
2601100125,Alina Barik,Female,Computer Science and Engineering,CSE,1st Year,2026-2030,2026,2601100125@gcekjr.ac.in,7751086939
2601100126,Saroj Hota,Male,Computer Science and Engineering,CSE,1st Year,2026-2030,2026,2601100126@gcekjr.ac.in,6503524130
2601100127,Pratyusha Kar,Female,Computer Science and Engineering,CSE,1st Year,2026-2030,2026,2601100127@gcekjr.ac.in,9076230293
2601100128,Trilochan Dash,Male,Computer Science and Engineering,CSE,1st Year,2026-2030,2026,2601100128@gcekjr.ac.in,8477901013
2601100129,Bikash Palei,Male,Computer Science and Engineering,CSE,1st Year,2026-2030,2026,2601100129@gcekjr.ac.in,7257009704
2601100130,Barsha Jagadev,Female,Computer Science and Engineering,CSE,1st Year,2026-2030,2026,2601100130@gcekjr.ac.in,9659850898
2601100131,Bhagyashree Tripathy,Female,Computer Science and Engineering,CSE,1st Year,2026-2030,2026,2601100131@gcekjr.ac.in,6339415752
2601100132,Upasana Sahu,Female,Computer Science and Engineering,CSE,1st Year,2026-2030,2026,2601100132@gcekjr.ac.in,8051827966
2601100133,Pratap Tripathy,Male,Computer Science and Engineering,CSE,1st Year,2026-2030,2026,2601100133@gcekjr.ac.in,9304680413
2601100134,Manas Samal,Male,Computer Science and Engineering,CSE,1st Year,2026-2030,2026,2601100134@gcekjr.ac.in,7916235296
2601100135,Om Majhi,Male,Computer Science and Engineering,CSE,1st Year,2026-2030,2026,2601100135@gcekjr.ac.in,6458556077
2601100136,Jagruti Sahoo,Female,Computer Science and Engineering,CSE,1st Year,2026-2030,2026,2601100136@gcekjr.ac.in,8524255872
2601100137,Kanchan Sahu,Female,Computer Science and Engineering,CSE,1st Year,2026-2030,2026,2601100137@gcekjr.ac.in,9257001038
2601100138,Chandan Pati,Male,Computer Science and Engineering,CSE,1st Year,2026-2030,2026,2601100138@gcekjr.ac.in,9349654855
2601100139,Eshan Majhi,Male,Computer Science and Engineering,CSE,1st Year,2026-2030,2026,2601100139@gcekjr.ac.in,9740689683
2601100140,Kartik Hota,Male,Computer Science and Engineering,CSE,1st Year,2026-2030,2026,2601100140@gcekjr.ac.in,7070861474
2601100141,Ujjwal Tripathy,Male,Computer Science and Engineering,CSE,1st Year,2026-2030,2026,2601100141@gcekjr.ac.in,6689732731
2601100142,Jyotiranjan Sahoo,Male,Computer Science and Engineering,CSE,1st Year,2026-2030,2026,2601100142@gcekjr.ac.in,8360353275
2601100143,Amit Sethi,Male,Computer Science and Engineering,CSE,1st Year,2026-2030,2026,2601100143@gcekjr.ac.in,8137998473
2601100144,Harekrushna Hota,Male,Computer Science and Engineering,CSE,1st Year,2026-2030,2026,2601100144@gcekjr.ac.in,9838757789
2601100145,Chinmay Behera,Male,Computer Science and Engineering,CSE,1st Year,2026-2030,2026,2601100145@gcekjr.ac.in,9703226822
2601100146,Debasmita Dey,Female,Computer Science and Engineering,CSE,1st Year,2026-2030,2026,2601100146@gcekjr.ac.in,7802662361
2601100147,Debjani Rout,Female,Computer Science and Engineering,CSE,1st Year,2026-2030,2026,2601100147@gcekjr.ac.in,6597793099
2601100148,Madhusmita Rout,Female,Computer Science and Engineering,CSE,1st Year,2026-2030,2026,2601100148@gcekjr.ac.in,7439503106
2601100149,Bikash Khuntia,Male,Computer Science and Engineering,CSE,1st Year,2026-2030,2026,2601100149@gcekjr.ac.in,6778797467
2601100150,Usharani Jena,Female,Computer Science and Engineering,CSE,1st Year,2026-2030,2026,2601100150@gcekjr.ac.in,9012378744
2601100151,Rajesh Behera,Male,Computer Science and Engineering,CSE,1st Year,2026-2030,2026,2601100151@gcekjr.ac.in,7349763485
2601100152,Pradyumna Patnaik,Male,Computer Science and Engineering,CSE,1st Year,2026-2030,2026,2601100152@gcekjr.ac.in,6297720313
2601100153,Trilochan Maharana,Male,Computer Science and Engineering,CSE,1st Year,2026-2030,2026,2601100153@gcekjr.ac.in,8687207153
2601100154,Harekrushna Samal,Male,Computer Science and Engineering,CSE,1st Year,2026-2030,2026,2601100154@gcekjr.ac.in,8318198585
2601100155,Manas Swain,Male,Computer Science and Engineering,CSE,1st Year,2026-2030,2026,2601100155@gcekjr.ac.in,8940775020
2601100156,Jitendra Nayak,Male,Computer Science and Engineering,CSE,1st Year,2026-2030,2026,2601100156@gcekjr.ac.in,7741116497
2601100157,Jitendra Dash,Male,Computer Science and Engineering,CSE,1st Year,2026-2030,2026,2601100157@gcekjr.ac.in,8767375161
2601100158,Amit Dash,Male,Computer Science and Engineering,CSE,1st Year,2026-2030,2026,2601100158@gcekjr.ac.in,7482625352
2601100159,Bhagyashree Mohanty,Female,Computer Science and Engineering,CSE,1st Year,2026-2030,2026,2601100159@gcekjr.ac.in,6766530831
2601100160,Gayatri Bhoi,Female,Computer Science and Engineering,CSE,1st Year,2026-2030,2026,2601100160@gcekjr.ac.in,9149881689
2601100161,Om Prava Giri,Female,Computer Science and Engineering,CSE,1st Year,2026-2030,2026,2601100161@gcekjr.ac.in,6974519597
2601100162,Jyotiranjan Dalai,Male,Computer Science and Engineering,CSE,1st Year,2026-2030,2026,2601100162@gcekjr.ac.in,8544599379
2601100163,Biswajit Sethi,Male,Computer Science and Engineering,CSE,1st Year,2026-2030,2026,2601100163@gcekjr.ac.in,6177911016
2601100164,Nandini Maharana,Female,Computer Science and Engineering,CSE,1st Year,2026-2030,2026,2601100164@gcekjr.ac.in,8936708265
2601100165,Swagatika Sahoo,Female,Computer Science and Engineering,CSE,1st Year,2026-2030,2026,2601100165@gcekjr.ac.in,6078616763
2601100166,Chandrika Khuntia,Female,Computer Science and Engineering,CSE,1st Year,2026-2030,2026,2601100166@gcekjr.ac.in,7970558788
2601100167,Jagruti Palei,Female,Computer Science and Engineering,CSE,1st Year,2026-2030,2026,2601100167@gcekjr.ac.in,7840472241
2601100168,Ashutosh Swain,Male,Computer Science and Engineering,CSE,1st Year,2026-2030,2026,2601100168@gcekjr.ac.in,6163845493
2601100169,Monalisa Parida,Female,Computer Science and Engineering,CSE,1st Year,2026-2030,2026,2601100169@gcekjr.ac.in,9458609983
2601100170,Ankita Bhoi,Female,Computer Science and Engineering,CSE,1st Year,2026-2030,2026,2601100170@gcekjr.ac.in,7618560908
2601100171,Utkarsh Barik,Male,Computer Science and Engineering,CSE,1st Year,2026-2030,2026,2601100171@gcekjr.ac.in,9974285749
2601100172,Ujjwal Mohanty,Male,Computer Science and Engineering,CSE,1st Year,2026-2030,2026,2601100172@gcekjr.ac.in,9159509497
2601100173,Usharani Barik,Female,Computer Science and Engineering,CSE,1st Year,2026-2030,2026,2601100173@gcekjr.ac.in,8921551157
2601100174,Barsha Barik,Female,Computer Science and Engineering,CSE,1st Year,2026-2030,2026,2601100174@gcekjr.ac.in,8034862726
2601100175,Rajesh Pradhan,Male,Computer Science and Engineering,CSE,1st Year,2026-2030,2026,2601100175@gcekjr.ac.in,9138121452
2601100176,Debasis Palei,Male,Computer Science and Engineering,CSE,1st Year,2026-2030,2026,2601100176@gcekjr.ac.in,9404897647
2601100177,Kedar Dey,Male,Computer Science and Engineering,CSE,1st Year,2026-2030,2026,2601100177@gcekjr.ac.in,8212693902
2601100178,Itish Dey,Male,Computer Science and Engineering,CSE,1st Year,2026-2030,2026,2601100178@gcekjr.ac.in,7518154055
2601100179,Vikram Biswal,Male,Computer Science and Engineering,CSE,1st Year,2026-2030,2026,2601100179@gcekjr.ac.in,8840988645
2601100180,Gaurav Behera,Male,Computer Science and Engineering,CSE,1st Year,2026-2030,2026,2601100180@gcekjr.ac.in,8123963035
2601100181,Ipsita Kar,Female,Computer Science and Engineering,CSE,1st Year,2026-2030,2026,2601100181@gcekjr.ac.in,6110047969
2601100182,Jyotiranjan Tripathy,Male,Computer Science and Engineering,CSE,1st Year,2026-2030,2026,2601100182@gcekjr.ac.in,8806257654
2601100183,Debjani Senapati,Female,Computer Science and Engineering,CSE,1st Year,2026-2030,2026,2601100183@gcekjr.ac.in,8845083330
2601100184,Pradyumna Kar,Male,Computer Science and Engineering,CSE,1st Year,2026-2030,2026,2601100184@gcekjr.ac.in,6623288887
2601100185,Kajal Dash,Female,Computer Science and Engineering,CSE,1st Year,2026-2030,2026,2601100185@gcekjr.ac.in,8464550676
2601100186,Monalisa Khuntia,Female,Computer Science and Engineering,CSE,1st Year,2026-2030,2026,2601100186@gcekjr.ac.in,6818316015
2601100187,Sushmita Muduli,Female,Computer Science and Engineering,CSE,1st Year,2026-2030,2026,2601100187@gcekjr.ac.in,7966420534
2601100188,Nandini Nayak,Female,Computer Science and Engineering,CSE,1st Year,2026-2030,2026,2601100188@gcekjr.ac.in,7263852483
2601100189,Hemalata Hota,Female,Computer Science and Engineering,CSE,1st Year,2026-2030,2026,2601100189@gcekjr.ac.in,6874274938
2601100190,Aryan Sethi,Male,Computer Science and Engineering,CSE,1st Year,2026-2030,2026,2601100190@gcekjr.ac.in,7421150479
2601100191,Ankita Rout,Female,Computer Science and Engineering,CSE,1st Year,2026-2030,2026,2601100191@gcekjr.ac.in,8228428230
2601100192,Hemalata Parida,Female,Computer Science and Engineering,CSE,1st Year,2026-2030,2026,2601100192@gcekjr.ac.in,7748235582
2601100193,Kartik Majhi,Male,Computer Science and Engineering,CSE,1st Year,2026-2030,2026,2601100193@gcekjr.ac.in,7518221593
2601100194,Vikram Kar,Male,Computer Science and Engineering,CSE,1st Year,2026-2030,2026,2601100194@gcekjr.ac.in,7854172802
2601100195,Pradyumna Patnaik,Male,Computer Science and Engineering,CSE,1st Year,2026-2030,2026,2601100195@gcekjr.ac.in,6689767981
2601100196,Tapan Dalai,Male,Computer Science and Engineering,CSE,1st Year,2026-2030,2026,2601100196@gcekjr.ac.in,9296077439
2601100197,Namrata Patnaik,Female,Computer Science and Engineering,CSE,1st Year,2026-2030,2026,2601100197@gcekjr.ac.in,9906441974
2601100198,Kartik Kar,Male,Computer Science and Engineering,CSE,1st Year,2026-2030,2026,2601100198@gcekjr.ac.in,8366207753
2601100199,Harekrushna Barik,Male,Computer Science and Engineering,CSE,1st Year,2026-2030,2026,2601100199@gcekjr.ac.in,8891063916
2601100200,Manisha Subudhi,Female,Computer Science and Engineering,CSE,1st Year,2026-2030,2026,2601100200@gcekjr.ac.in,6758280995
2601100201,Nandini Sahu,Female,Computer Science and Engineering,CSE,1st Year,2026-2030,2026,2601100201@gcekjr.ac.in,9196249978
2601100202,Abhishek Kar,Male,Computer Science and Engineering,CSE,1st Year,2026-2030,2026,2601100202@gcekjr.ac.in,9114951533
2601100203,Gaurav Parida,Male,Computer Science and Engineering,CSE,1st Year,2026-2030,2026,2601100203@gcekjr.ac.in,9269655641
2601100204,Monalisa Tripathy,Female,Computer Science and Engineering,CSE,1st Year,2026-2030,2026,2601100204@gcekjr.ac.in,7538925578
2601100205,Om Palei,Male,Computer Science and Engineering,CSE,1st Year,2026-2030,2026,2601100205@gcekjr.ac.in,6302189911
2601100206,Trupti Mohanty,Female,Computer Science and Engineering,CSE,1st Year,2026-2030,2026,2601100206@gcekjr.ac.in,9065831818
2601100207,Ujjwal Pati,Male,Computer Science and Engineering,CSE,1st Year,2026-2030,2026,2601100207@gcekjr.ac.in,9045308871
2601100208,Deepak Sahoo,Male,Computer Science and Engineering,CSE,1st Year,2026-2030,2026,2601100208@gcekjr.ac.in,7377700942
2601100209,Deepak Rout,Male,Computer Science and Engineering,CSE,1st Year,2026-2030,2026,2601100209@gcekjr.ac.in,6437214320
2601100210,Bijayalaxmi Sahu,Female,Computer Science and Engineering,CSE,1st Year,2026-2030,2026,2601100210@gcekjr.ac.in,9019580597
2601100211,Tapan Naik,Male,Computer Science and Engineering,CSE,1st Year,2026-2030,2026,2601100211@gcekjr.ac.in,8556452623
2601100212,Rajashree Sahu,Female,Computer Science and Engineering,CSE,1st Year,2026-2030,2026,2601100212@gcekjr.ac.in,7978623988
2601100213,Chinmay Routray,Male,Computer Science and Engineering,CSE,1st Year,2026-2030,2026,2601100213@gcekjr.ac.in,9805764719
2601100214,Gitanjali Mohanty,Female,Computer Science and Engineering,CSE,1st Year,2026-2030,2026,2601100214@gcekjr.ac.in,6253963500
2601100215,Ashutosh Dey,Male,Computer Science and Engineering,CSE,1st Year,2026-2030,2026,2601100215@gcekjr.ac.in,6403996050
2601100216,Om Prava Subudhi,Female,Computer Science and Engineering,CSE,1st Year,2026-2030,2026,2601100216@gcekjr.ac.in,8882117198
2601100217,Subham Mallick,Male,Computer Science and Engineering,CSE,1st Year,2026-2030,2026,2601100217@gcekjr.ac.in,8062473590
2601100218,Priyanka Mallick,Female,Computer Science and Engineering,CSE,1st Year,2026-2030,2026,2601100218@gcekjr.ac.in,9347721678
2601100219,Ankita Pradhan,Female,Computer Science and Engineering,CSE,1st Year,2026-2030,2026,2601100219@gcekjr.ac.in,8791723847
2601100220,Lalatendu Pati,Male,Computer Science and Engineering,CSE,1st Year,2026-2030,2026,2601100220@gcekjr.ac.in,8197094946
2601100221,Sasmita Mishra,Female,Computer Science and Engineering,CSE,1st Year,2026-2030,2026,2601100221@gcekjr.ac.in,8259838048
2601100222,Jyotsna Subudhi,Female,Computer Science and Engineering,CSE,1st Year,2026-2030,2026,2601100222@gcekjr.ac.in,6410360168
2601100223,Niranjan Mohanty,Male,Computer Science and Engineering,CSE,1st Year,2026-2030,2026,2601100223@gcekjr.ac.in,8030582400
2601100224,Anita Patnaik,Female,Computer Science and Engineering,CSE,1st Year,2026-2030,2026,2601100224@gcekjr.ac.in,8019942759
2601100225,Manas Pradhan,Male,Computer Science and Engineering,CSE,1st Year,2026-2030,2026,2601100225@gcekjr.ac.in,9805021358
2601100226,Trilochan Mallick,Male,Computer Science and Engineering,CSE,1st Year,2026-2030,2026,2601100226@gcekjr.ac.in,9396663229
2601100227,Pratap Jena,Male,Computer Science and Engineering,CSE,1st Year,2026-2030,2026,2601100227@gcekjr.ac.in,9730651163
2601100228,Bibhu Senapati,Male,Computer Science and Engineering,CSE,1st Year,2026-2030,2026,2601100228@gcekjr.ac.in,9377731215
2601100229,Rohit Acharya,Male,Computer Science and Engineering,CSE,1st Year,2026-2030,2026,2601100229@gcekjr.ac.in,8239687303
2601100230,Ipsita Das,Female,Computer Science and Engineering,CSE,1st Year,2026-2030,2026,2601100230@gcekjr.ac.in,7381155754
2601100231,Ujjwal Khuntia,Male,Computer Science and Engineering,CSE,1st Year,2026-2030,2026,2601100231@gcekjr.ac.in,6802926403
2601100232,Sarita Mishra,Female,Computer Science and Engineering,CSE,1st Year,2026-2030,2026,2601100232@gcekjr.ac.in,7082714689
2601100233,Nandini Behera,Female,Computer Science and Engineering,CSE,1st Year,2026-2030,2026,2601100233@gcekjr.ac.in,9739718729
2601100234,Pragyan Dalai,Female,Computer Science and Engineering,CSE,1st Year,2026-2030,2026,2601100234@gcekjr.ac.in,6830713646
2601100235,Jagruti Jagadev,Female,Computer Science and Engineering,CSE,1st Year,2026-2030,2026,2601100235@gcekjr.ac.in,9420996406
2601100236,Tapan Sahu,Male,Computer Science and Engineering,CSE,1st Year,2026-2030,2026,2601100236@gcekjr.ac.in,6381376881
2601100237,Rajashree Das,Female,Computer Science and Engineering,CSE,1st Year,2026-2030,2026,2601100237@gcekjr.ac.in,6170075912
2601100238,Lipsa Sahoo,Female,Computer Science and Engineering,CSE,1st Year,2026-2030,2026,2601100238@gcekjr.ac.in,7957549042
2601100239,Chandrika Dey,Female,Computer Science and Engineering,CSE,1st Year,2026-2030,2026,2601100239@gcekjr.ac.in,6254328443
2601100240,Gitanjali Naik,Female,Computer Science and Engineering,CSE,1st Year,2026-2030,2026,2601100240@gcekjr.ac.in,8560015389
2601100241,Jyotiranjan Tripathy,Male,Computer Science and Engineering,CSE,1st Year,2026-2030,2026,2601100241@gcekjr.ac.in,7727582929
2601100242,Nabin Pati,Male,Computer Science and Engineering,CSE,1st Year,2026-2030,2026,2601100242@gcekjr.ac.in,9658419210
2601100243,Jitendra Sethi,Male,Computer Science and Engineering,CSE,1st Year,2026-2030,2026,2601100243@gcekjr.ac.in,9561989585
2601100244,Ipsita Das,Female,Computer Science and Engineering,CSE,1st Year,2026-2030,2026,2601100244@gcekjr.ac.in,8661253420
2601100245,Jyotsna Muduli,Female,Computer Science and Engineering,CSE,1st Year,2026-2030,2026,2601100245@gcekjr.ac.in,9187331177
2601100246,Varsha Tripathy,Female,Computer Science and Engineering,CSE,1st Year,2026-2030,2026,2601100246@gcekjr.ac.in,7594167311
2601100247,Kartik Acharya,Male,Computer Science and Engineering,CSE,1st Year,2026-2030,2026,2601100247@gcekjr.ac.in,8277379073
2601100248,Madhusmita Jagadev,Female,Computer Science and Engineering,CSE,1st Year,2026-2030,2026,2601100248@gcekjr.ac.in,9011163917
2601100249,Trilochan Parida,Male,Computer Science and Engineering,CSE,1st Year,2026-2030,2026,2601100249@gcekjr.ac.in,8480497493
2601100250,Madhusmita Dalai,Female,Computer Science and Engineering,CSE,1st Year,2026-2030,2026,2601100250@gcekjr.ac.in,7816477359
2601100251,Jyotsna Biswal,Female,Electrical Engineering,EE,1st Year,2026-2030,2026,2601100251@gcekjr.ac.in,6021791387
2601100252,Debjani Behera,Female,Electrical Engineering,EE,1st Year,2026-2030,2026,2601100252@gcekjr.ac.in,7696798800
2601100253,Yash Dalai,Male,Electrical Engineering,EE,1st Year,2026-2030,2026,2601100253@gcekjr.ac.in,6446883487
2601100254,Lipsa Dalai,Female,Electrical Engineering,EE,1st Year,2026-2030,2026,2601100254@gcekjr.ac.in,8599033352
2601100255,Amit Hota,Male,Electrical Engineering,EE,1st Year,2026-2030,2026,2601100255@gcekjr.ac.in,8107313868
2601100256,Saroj Mallick,Male,Electrical Engineering,EE,1st Year,2026-2030,2026,2601100256@gcekjr.ac.in,8114137406
2601100257,Upasana Nayak,Female,Electrical Engineering,EE,1st Year,2026-2030,2026,2601100257@gcekjr.ac.in,8935662150
2601100258,Sasmita Swain,Female,Electrical Engineering,EE,1st Year,2026-2030,2026,2601100258@gcekjr.ac.in,9969712873
2601100259,Aryan Barik,Male,Electrical Engineering,EE,1st Year,2026-2030,2026,2601100259@gcekjr.ac.in,9197477429
2601100260,Chinmay Pradhan,Male,Electrical Engineering,EE,1st Year,2026-2030,2026,2601100260@gcekjr.ac.in,6328193315
2601100261,Lipsa Mallick,Female,Electrical Engineering,EE,1st Year,2026-2030,2026,2601100261@gcekjr.ac.in,6748819205
2601100262,Vikram Dey,Male,Electrical Engineering,EE,1st Year,2026-2030,2026,2601100262@gcekjr.ac.in,8191350968
2601100263,Bhagyashree Pati,Female,Electrical Engineering,EE,1st Year,2026-2030,2026,2601100263@gcekjr.ac.in,6296679611
2601100264,Ankita Barik,Female,Electrical Engineering,EE,1st Year,2026-2030,2026,2601100264@gcekjr.ac.in,7973895028
2601100265,Om Prava Pradhan,Female,Electrical Engineering,EE,1st Year,2026-2030,2026,2601100265@gcekjr.ac.in,7937161485
2601100266,Debasmita Giri,Female,Electrical Engineering,EE,1st Year,2026-2030,2026,2601100266@gcekjr.ac.in,8753065411
2601100267,Manas Pradhan,Male,Electrical Engineering,EE,1st Year,2026-2030,2026,2601100267@gcekjr.ac.in,6661344197
2601100268,Hemant Sahu,Male,Electrical Engineering,EE,1st Year,2026-2030,2026,2601100268@gcekjr.ac.in,6929044069
2601100269,Niranjan Dey,Male,Electrical Engineering,EE,1st Year,2026-2030,2026,2601100269@gcekjr.ac.in,6663081370
2601100270,Vikram Routray,Male,Electrical Engineering,EE,1st Year,2026-2030,2026,2601100270@gcekjr.ac.in,8135187405
2601100271,Alina Palei,Female,Electrical Engineering,EE,1st Year,2026-2030,2026,2601100271@gcekjr.ac.in,9991259195
2601100272,Alina Acharya,Female,Electrical Engineering,EE,1st Year,2026-2030,2026,2601100272@gcekjr.ac.in,9058607805
2601100273,Abhishek Behera,Male,Electrical Engineering,EE,1st Year,2026-2030,2026,2601100273@gcekjr.ac.in,7632504916
2601100274,Nabin Routray,Male,Electrical Engineering,EE,1st Year,2026-2030,2026,2601100274@gcekjr.ac.in,7579249773
2601100275,Trupti Samal,Female,Electrical Engineering,EE,1st Year,2026-2030,2026,2601100275@gcekjr.ac.in,8485843665
2601100276,Jagruti Bhoi,Female,Electrical Engineering,EE,1st Year,2026-2030,2026,2601100276@gcekjr.ac.in,6014554028
2601100277,Sagar Sahu,Male,Electrical Engineering,EE,1st Year,2026-2030,2026,2601100277@gcekjr.ac.in,6568924322
2601100278,Lopamudra Dash,Female,Electrical Engineering,EE,1st Year,2026-2030,2026,2601100278@gcekjr.ac.in,6092958417
2601100279,Lokanath Pati,Male,Electrical Engineering,EE,1st Year,2026-2030,2026,2601100279@gcekjr.ac.in,7443495164
2601100280,Tapaswini Subudhi,Female,Electrical Engineering,EE,1st Year,2026-2030,2026,2601100280@gcekjr.ac.in,8872936483
2601100281,Saroj Khuntia,Male,Electrical Engineering,EE,1st Year,2026-2030,2026,2601100281@gcekjr.ac.in,8744129459
2601100282,Bhagyashree Biswal,Female,Electrical Engineering,EE,1st Year,2026-2030,2026,2601100282@gcekjr.ac.in,6672458225
2601100283,Ipsit Kar,Male,Electrical Engineering,EE,1st Year,2026-2030,2026,2601100283@gcekjr.ac.in,8807800262
2601100284,Sagar Subudhi,Male,Electrical Engineering,EE,1st Year,2026-2030,2026,2601100284@gcekjr.ac.in,9451538806
2601100285,Lalatendu Maharana,Male,Electrical Engineering,EE,1st Year,2026-2030,2026,2601100285@gcekjr.ac.in,7979098243
2601100286,Ankit Acharya,Male,Electrical Engineering,EE,1st Year,2026-2030,2026,2601100286@gcekjr.ac.in,6770780471
2601100287,Debendra Mishra,Male,Electrical Engineering,EE,1st Year,2026-2030,2026,2601100287@gcekjr.ac.in,9048466712
2601100288,Ankit Palei,Male,Electrical Engineering,EE,1st Year,2026-2030,2026,2601100288@gcekjr.ac.in,8917381783
2601100289,Manisha Jena,Female,Electrical Engineering,EE,1st Year,2026-2030,2026,2601100289@gcekjr.ac.in,8907541499
2601100290,Monalisa Sahu,Female,Electrical Engineering,EE,1st Year,2026-2030,2026,2601100290@gcekjr.ac.in,6437700056
2601100291,Pradyumna Pradhan,Male,Electrical Engineering,EE,1st Year,2026-2030,2026,2601100291@gcekjr.ac.in,8671802410
2601100292,Gyana Naik,Male,Electrical Engineering,EE,1st Year,2026-2030,2026,2601100292@gcekjr.ac.in,7413843709
2601100293,Hemant Dalai,Male,Electrical Engineering,EE,1st Year,2026-2030,2026,2601100293@gcekjr.ac.in,9410784928
2601100294,Lipsa Mishra,Female,Electrical Engineering,EE,1st Year,2026-2030,2026,2601100294@gcekjr.ac.in,7423120685
2601100295,Pradyumna Nayak,Male,Electrical Engineering,EE,1st Year,2026-2030,2026,2601100295@gcekjr.ac.in,7811812388
2601100296,Saroj Mallick,Male,Electrical Engineering,EE,1st Year,2026-2030,2026,2601100296@gcekjr.ac.in,8778838027
2601100297,Abhishek Pati,Male,Electrical Engineering,EE,1st Year,2026-2030,2026,2601100297@gcekjr.ac.in,9115490870
2601100298,Om Acharya,Male,Electrical Engineering,EE,1st Year,2026-2030,2026,2601100298@gcekjr.ac.in,7002677429
2601100299,Gaurav Khuntia,Male,Electrical Engineering,EE,1st Year,2026-2030,2026,2601100299@gcekjr.ac.in,6706803281
2601100300,Manas Giri,Male,Electrical Engineering,EE,1st Year,2026-2030,2026,2601100300@gcekjr.ac.in,9092292487
2601100301,Alina Nayak,Female,Electrical Engineering,EE,1st Year,2026-2030,2026,2601100301@gcekjr.ac.in,9961559167
2601100302,Trilochan Kar,Male,Electrical Engineering,EE,1st Year,2026-2030,2026,2601100302@gcekjr.ac.in,9304022464
2601100303,Jagannath Behera,Male,Electrical Engineering,EE,1st Year,2026-2030,2026,2601100303@gcekjr.ac.in,8612781808
2601100304,Lokanath Biswal,Male,Electrical Engineering,EE,1st Year,2026-2030,2026,2601100304@gcekjr.ac.in,9734643565
2601100305,Ipsit Pati,Male,Electrical Engineering,EE,1st Year,2026-2030,2026,2601100305@gcekjr.ac.in,8985981107
2601100306,Sasmita Samal,Female,Electrical Engineering,EE,1st Year,2026-2030,2026,2601100306@gcekjr.ac.in,9754721841
2601100307,Trilochan Samal,Male,Electrical Engineering,EE,1st Year,2026-2030,2026,2601100307@gcekjr.ac.in,8366854927
2601100308,Vivekananda Nayak,Male,Electrical Engineering,EE,1st Year,2026-2030,2026,2601100308@gcekjr.ac.in,9950535006
2601100309,Swagatika Sahoo,Female,Electrical Engineering,EE,1st Year,2026-2030,2026,2601100309@gcekjr.ac.in,9223487458
2601100310,Utkarsh Acharya,Male,Electrical Engineering,EE,1st Year,2026-2030,2026,2601100310@gcekjr.ac.in,9913526601
2601100311,Pragyan Mohanty,Female,Electrical Engineering,EE,1st Year,2026-2030,2026,2601100311@gcekjr.ac.in,9382081321
2601100312,Pradyumna Bhoi,Male,Electrical Engineering,EE,1st Year,2026-2030,2026,2601100312@gcekjr.ac.in,7745299391
2601100313,Utkarsh Rout,Male,Electrical Engineering,EE,1st Year,2026-2030,2026,2601100313@gcekjr.ac.in,9738102881
2601100314,Nabin Maharana,Male,Electrical Engineering,EE,1st Year,2026-2030,2026,2601100314@gcekjr.ac.in,9974846763
2601100315,Harapriya Mohanty,Female,Electrical Engineering,EE,1st Year,2026-2030,2026,2601100315@gcekjr.ac.in,7308804911
2601100316,Mantu Khuntia,Male,Electrical Engineering,EE,1st Year,2026-2030,2026,2601100316@gcekjr.ac.in,7334690283
2601100317,Gyana Jena,Male,Electrical Engineering,EE,1st Year,2026-2030,2026,2601100317@gcekjr.ac.in,7541230373
2601100318,Debasis Giri,Male,Electrical Engineering,EE,1st Year,2026-2030,2026,2601100318@gcekjr.ac.in,8375177157
2601100319,Ankita Dalai,Female,Electrical Engineering,EE,1st Year,2026-2030,2026,2601100319@gcekjr.ac.in,9188671187
2601100320,Lopamudra Mallick,Female,Electrical Engineering,EE,1st Year,2026-2030,2026,2601100320@gcekjr.ac.in,9486302096
2601100321,Lipsa Mishra,Female,Electrical Engineering,EE,1st Year,2026-2030,2026,2601100321@gcekjr.ac.in,8820328253
2601100322,Kanchan Naik,Female,Electrical Engineering,EE,1st Year,2026-2030,2026,2601100322@gcekjr.ac.in,8540060160
2601100323,Elina Hota,Female,Electrical Engineering,EE,1st Year,2026-2030,2026,2601100323@gcekjr.ac.in,7314003989
2601100324,Hemalata Nayak,Female,Electrical Engineering,EE,1st Year,2026-2030,2026,2601100324@gcekjr.ac.in,7092524286
2601100325,Pradyumna Jena,Male,Electrical Engineering,EE,1st Year,2026-2030,2026,2601100325@gcekjr.ac.in,7873746418
2601100326,Itish Nayak,Male,Electrical Engineering,EE,1st Year,2026-2030,2026,2601100326@gcekjr.ac.in,6264024670
2601100327,Bikash Majhi,Male,Electrical Engineering,EE,1st Year,2026-2030,2026,2601100327@gcekjr.ac.in,7640130755
2601100328,Rashmita Nayak,Female,Electrical Engineering,EE,1st Year,2026-2030,2026,2601100328@gcekjr.ac.in,6738273752
2601100329,Jitendra Mohanty,Male,Electrical Engineering,EE,1st Year,2026-2030,2026,2601100329@gcekjr.ac.in,6073938673
2601100330,Deepak Nayak,Male,Electrical Engineering,EE,1st Year,2026-2030,2026,2601100330@gcekjr.ac.in,7620497438
2601100331,Himanshu Nayak,Male,Electrical Engineering,EE,1st Year,2026-2030,2026,2601100331@gcekjr.ac.in,9944312779
2601100332,Debjani Muduli,Female,Electrical Engineering,EE,1st Year,2026-2030,2026,2601100332@gcekjr.ac.in,9941844545
2601100333,Abhishek Dash,Male,Electrical Engineering,EE,1st Year,2026-2030,2026,2601100333@gcekjr.ac.in,7758001822
2601100334,Tapan Biswal,Male,Electrical Engineering,EE,1st Year,2026-2030,2026,2601100334@gcekjr.ac.in,7341768148
2601100335,Vandana Hota,Female,Electrical Engineering,EE,1st Year,2026-2030,2026,2601100335@gcekjr.ac.in,7764176544
2601100336,Vikram Dey,Male,Electrical Engineering,EE,1st Year,2026-2030,2026,2601100336@gcekjr.ac.in,7129371195
2601100337,Sasmita Jagadev,Female,Electrical Engineering,EE,1st Year,2026-2030,2026,2601100337@gcekjr.ac.in,6346679984
2601100338,Amit Khuntia,Male,Electrical Engineering,EE,1st Year,2026-2030,2026,2601100338@gcekjr.ac.in,9429166484
2601100339,Biswajit Senapati,Male,Electrical Engineering,EE,1st Year,2026-2030,2026,2601100339@gcekjr.ac.in,7337430893
2601100340,Saroj Routray,Male,Electrical Engineering,EE,1st Year,2026-2030,2026,2601100340@gcekjr.ac.in,6931938163
2601100341,Chinmayee Acharya,Female,Electrical Engineering,EE,1st Year,2026-2030,2026,2601100341@gcekjr.ac.in,7207861419
2601100342,Niranjan Pradhan,Male,Electrical Engineering,EE,1st Year,2026-2030,2026,2601100342@gcekjr.ac.in,8868983368
2601100343,Jagannath Muduli,Male,Electrical Engineering,EE,1st Year,2026-2030,2026,2601100343@gcekjr.ac.in,7935758504
2601100344,Jagannath Panda,Male,Electrical Engineering,EE,1st Year,2026-2030,2026,2601100344@gcekjr.ac.in,8382347780
2601100345,Gitanjali Mallick,Female,Electrical Engineering,EE,1st Year,2026-2030,2026,2601100345@gcekjr.ac.in,7966815327
2601100346,Lopamudra Majhi,Female,Electrical Engineering,EE,1st Year,2026-2030,2026,2601100346@gcekjr.ac.in,8755025851
2601100347,Bijayalaxmi Sethi,Female,Electrical Engineering,EE,1st Year,2026-2030,2026,2601100347@gcekjr.ac.in,8013822034
2601100348,Himanshu Rout,Male,Electrical Engineering,EE,1st Year,2026-2030,2026,2601100348@gcekjr.ac.in,8666928206
2601100349,Rashmita Samal,Female,Electrical Engineering,EE,1st Year,2026-2030,2026,2601100349@gcekjr.ac.in,7066558037
2601100350,Niranjan Naik,Male,Electrical Engineering,EE,1st Year,2026-2030,2026,2601100350@gcekjr.ac.in,6706194737
2601100351,Om Sahu,Male,Electrical Engineering,EE,1st Year,2026-2030,2026,2601100351@gcekjr.ac.in,7063503669
2601100352,Swagatika Maharana,Female,Electrical Engineering,EE,1st Year,2026-2030,2026,2601100352@gcekjr.ac.in,9707480258
2601100353,Eshan Kar,Male,Electrical Engineering,EE,1st Year,2026-2030,2026,2601100353@gcekjr.ac.in,9210600745
2601100354,Chandan Kar,Male,Electrical Engineering,EE,1st Year,2026-2030,2026,2601100354@gcekjr.ac.in,7268650942
2601100355,Tapan Tripathy,Male,Electrical Engineering,EE,1st Year,2026-2030,2026,2601100355@gcekjr.ac.in,9108405499
2601100356,Kanchan Palei,Female,Electrical Engineering,EE,1st Year,2026-2030,2026,2601100356@gcekjr.ac.in,9135834940
2601100357,Kanchan Swain,Female,Electrical Engineering,EE,1st Year,2026-2030,2026,2601100357@gcekjr.ac.in,7283782388
2601100358,Ashutosh Naik,Male,Electrical Engineering,EE,1st Year,2026-2030,2026,2601100358@gcekjr.ac.in,6123969244
2601100359,Eshan Senapati,Male,Electrical Engineering,EE,1st Year,2026-2030,2026,2601100359@gcekjr.ac.in,7426351870
2601100360,Pragyan Jagadev,Female,Electrical Engineering,EE,1st Year,2026-2030,2026,2601100360@gcekjr.ac.in,9297626412
2601100361,Nibedita Nayak,Female,Electrical Engineering,EE,1st Year,2026-2030,2026,2601100361@gcekjr.ac.in,6188667447
2601100362,Ipsit Maharana,Male,Electrical Engineering,EE,1st Year,2026-2030,2026,2601100362@gcekjr.ac.in,9457710017
2601100363,Nabin Subudhi,Male,Electrical Engineering,EE,1st Year,2026-2030,2026,2601100363@gcekjr.ac.in,7274923902
2601100364,Girish Subudhi,Male,Electrical Engineering,EE,1st Year,2026-2030,2026,2601100364@gcekjr.ac.in,9390119844
2601100365,Rajashree Mohanty,Female,Electrical Engineering,EE,1st Year,2026-2030,2026,2601100365@gcekjr.ac.in,8509711130
2601100366,Hemant Behera,Male,Electrical Engineering,EE,1st Year,2026-2030,2026,2601100366@gcekjr.ac.in,7618243201
2601100367,Biswajit Nayak,Male,Electrical Engineering,EE,1st Year,2026-2030,2026,2601100367@gcekjr.ac.in,8481107139
2601100368,Upasana Khuntia,Female,Electrical Engineering,EE,1st Year,2026-2030,2026,2601100368@gcekjr.ac.in,6212442021
2601100369,Kajal Muduli,Female,Electrical Engineering,EE,1st Year,2026-2030,2026,2601100369@gcekjr.ac.in,6525400679
2601100370,Himanshu Dash,Male,Electrical Engineering,EE,1st Year,2026-2030,2026,2601100370@gcekjr.ac.in,6060384187
2601100371,Chinmayee Mohanty,Female,Electrical Engineering,EE,1st Year,2026-2030,2026,2601100371@gcekjr.ac.in,9813230820
2601100372,Bikash Panda,Male,Electrical Engineering,EE,1st Year,2026-2030,2026,2601100372@gcekjr.ac.in,6035001052
2601100373,Gitanjali Khuntia,Female,Electrical Engineering,EE,1st Year,2026-2030,2026,2601100373@gcekjr.ac.in,8549365859
2601100374,Debendra Tripathy,Male,Electrical Engineering,EE,1st Year,2026-2030,2026,2601100374@gcekjr.ac.in,8227783560
2601100375,Jagannath Sahu,Male,Electrical Engineering,EE,1st Year,2026-2030,2026,2601100375@gcekjr.ac.in,8879922268
2601100376,Om Prava Jagadev,Female,Electrical Engineering,EE,1st Year,2026-2030,2026,2601100376@gcekjr.ac.in,7806884099
2601100377,Trilochan Sahu,Male,Electrical Engineering,EE,1st Year,2026-2030,2026,2601100377@gcekjr.ac.in,9854679707
2601100378,Trilochan Acharya,Male,Electrical Engineering,EE,1st Year,2026-2030,2026,2601100378@gcekjr.ac.in,7883366525
2601100379,Trilochan Palei,Male,Electrical Engineering,EE,1st Year,2026-2030,2026,2601100379@gcekjr.ac.in,7198517712
2601100380,Eshan Sahoo,Male,Electrical Engineering,EE,1st Year,2026-2030,2026,2601100380@gcekjr.ac.in,6571461266
2601100381,Usharani Pati,Female,Electrical Engineering,EE,1st Year,2026-2030,2026,2601100381@gcekjr.ac.in,6906142518
2601100382,Bibhu Jagadev,Male,Electrical Engineering,EE,1st Year,2026-2030,2026,2601100382@gcekjr.ac.in,8524953310
2601100383,Jitendra Hota,Male,Electrical Engineering,EE,1st Year,2026-2030,2026,2601100383@gcekjr.ac.in,9602029761
2601100384,Himanshu Mallick,Male,Electrical Engineering,EE,1st Year,2026-2030,2026,2601100384@gcekjr.ac.in,9736187529
2601100385,Kanchan Barik,Female,Electrical Engineering,EE,1st Year,2026-2030,2026,2601100385@gcekjr.ac.in,9012813615
2601100386,Ashutosh Acharya,Male,Electrical Engineering,EE,1st Year,2026-2030,2026,2601100386@gcekjr.ac.in,7462402956
2601100387,Kanchan Pati,Female,Electrical Engineering,EE,1st Year,2026-2030,2026,2601100387@gcekjr.ac.in,7280136607
2601100388,Kajal Senapati,Female,Electrical Engineering,EE,1st Year,2026-2030,2026,2601100388@gcekjr.ac.in,8659915169
2601100389,Ujjwal Pati,Male,Electrical Engineering,EE,1st Year,2026-2030,2026,2601100389@gcekjr.ac.in,9256733809
2601100390,Vivekananda Muduli,Male,Electrical Engineering,EE,1st Year,2026-2030,2026,2601100390@gcekjr.ac.in,6265944031
2601100391,Gitanjali Nayak,Female,Electrical Engineering,EE,1st Year,2026-2030,2026,2601100391@gcekjr.ac.in,7571701079
2601100392,Chinmayee Dash,Female,Electrical Engineering,EE,1st Year,2026-2030,2026,2601100392@gcekjr.ac.in,8491045042
2601100393,Dibyajyoti Parida,Male,Electrical Engineering,EE,1st Year,2026-2030,2026,2601100393@gcekjr.ac.in,7017461695
2601100394,Lokanath Sethi,Male,Electrical Engineering,EE,1st Year,2026-2030,2026,2601100394@gcekjr.ac.in,8794234670
2601100395,Jitendra Behera,Male,Electrical Engineering,EE,1st Year,2026-2030,2026,2601100395@gcekjr.ac.in,8972993878
2601100396,Ankit Tripathy,Male,Electrical Engineering,EE,1st Year,2026-2030,2026,2601100396@gcekjr.ac.in,8754304643
2601100397,Jitendra Samal,Male,Electrical Engineering,EE,1st Year,2026-2030,2026,2601100397@gcekjr.ac.in,6678332609
2601100398,Trilochan Giri,Male,Electrical Engineering,EE,1st Year,2026-2030,2026,2601100398@gcekjr.ac.in,9619726245
2601100399,Jyotiranjan Dash,Male,Electrical Engineering,EE,1st Year,2026-2030,2026,2601100399@gcekjr.ac.in,8347680145
2601100400,Himanshu Naik,Male,Electrical Engineering,EE,1st Year,2026-2030,2026,2601100400@gcekjr.ac.in,8400751575
2601100401,Om Parida,Male,Electrical Engineering,EE,1st Year,2026-2030,2026,2601100401@gcekjr.ac.in,9095973248
2601100402,Vandana Routray,Female,Electrical Engineering,EE,1st Year,2026-2030,2026,2601100402@gcekjr.ac.in,7963429432
2601100403,Sagar Patnaik,Male,Electrical Engineering,EE,1st Year,2026-2030,2026,2601100403@gcekjr.ac.in,8741471765
2601100404,Gyana Bhoi,Male,Electrical Engineering,EE,1st Year,2026-2030,2026,2601100404@gcekjr.ac.in,7727701141
2601100405,Lokanath Dey,Male,Electrical Engineering,EE,1st Year,2026-2030,2026,2601100405@gcekjr.ac.in,7276249171
2601100406,Bhagyashree Sahu,Female,Electrical Engineering,EE,1st Year,2026-2030,2026,2601100406@gcekjr.ac.in,7239849932
2601100407,Subham Rout,Male,Electrical Engineering,EE,1st Year,2026-2030,2026,2601100407@gcekjr.ac.in,9863518976
2601100408,Bibhu Sethi,Male,Electrical Engineering,EE,1st Year,2026-2030,2026,2601100408@gcekjr.ac.in,6881156582
2601100409,Niranjan Dash,Male,Electrical Engineering,EE,1st Year,2026-2030,2026,2601100409@gcekjr.ac.in,7675779922
2601100410,Madhusmita Tripathy,Female,Electrical Engineering,EE,1st Year,2026-2030,2026,2601100410@gcekjr.ac.in,9846898081
2601100411,Manas Sahu,Male,Electrical Engineering,EE,1st Year,2026-2030,2026,2601100411@gcekjr.ac.in,8675297772
2601100412,Elina Jena,Female,Electrical Engineering,EE,1st Year,2026-2030,2026,2601100412@gcekjr.ac.in,8916196931
2601100413,Vivekananda Mishra,Male,Electrical Engineering,EE,1st Year,2026-2030,2026,2601100413@gcekjr.ac.in,8067412910
2601100414,Pradyumna Mohanty,Male,Electrical Engineering,EE,1st Year,2026-2030,2026,2601100414@gcekjr.ac.in,7979140805
2601100415,Chandan Tripathy,Male,Electrical Engineering,EE,1st Year,2026-2030,2026,2601100415@gcekjr.ac.in,9057684482
2601100416,Itishree Dash,Female,Electrical Engineering,EE,1st Year,2026-2030,2026,2601100416@gcekjr.ac.in,7208563107
2601100417,Trupti Khuntia,Female,Electrical Engineering,EE,1st Year,2026-2030,2026,2601100417@gcekjr.ac.in,9234290513
2601100418,Kartik Jagadev,Male,Electrical Engineering,EE,1st Year,2026-2030,2026,2601100418@gcekjr.ac.in,9336439562
2601100419,Saroj Pradhan,Male,Electrical Engineering,EE,1st Year,2026-2030,2026,2601100419@gcekjr.ac.in,7145645818
2601100420,Nandini Nayak,Female,Electrical Engineering,EE,1st Year,2026-2030,2026,2601100420@gcekjr.ac.in,6520619014
2601100421,Jyotsna Giri,Female,Electrical Engineering,EE,1st Year,2026-2030,2026,2601100421@gcekjr.ac.in,7766110459
2601100422,Biswajit Pati,Male,Electrical Engineering,EE,1st Year,2026-2030,2026,2601100422@gcekjr.ac.in,6318866362
2601100423,Debasmita Sahu,Female,Electrical Engineering,EE,1st Year,2026-2030,2026,2601100423@gcekjr.ac.in,6583995084
2601100424,Vandana Dey,Female,Electrical Engineering,EE,1st Year,2026-2030,2026,2601100424@gcekjr.ac.in,8888127400
2601100425,Om Acharya,Male,Electrical Engineering,EE,1st Year,2026-2030,2026,2601100425@gcekjr.ac.in,6506853827
2601100426,Nandini Barik,Female,Electrical Engineering,EE,1st Year,2026-2030,2026,2601100426@gcekjr.ac.in,9761231131
2601100427,Debendra Rout,Male,Electrical Engineering,EE,1st Year,2026-2030,2026,2601100427@gcekjr.ac.in,9917684976
2601100428,Tanmayee Nayak,Female,Electrical Engineering,EE,1st Year,2026-2030,2026,2601100428@gcekjr.ac.in,8480021123
2601100429,Upasana Swain,Female,Electrical Engineering,EE,1st Year,2026-2030,2026,2601100429@gcekjr.ac.in,6177276404
2601100430,Pratap Barik,Male,Electrical Engineering,EE,1st Year,2026-2030,2026,2601100430@gcekjr.ac.in,6490703145
2601100431,Debjani Acharya,Female,Electrical Engineering,EE,1st Year,2026-2030,2026,2601100431@gcekjr.ac.in,6018417988
2601100432,Jitendra Maharana,Male,Electrical Engineering,EE,1st Year,2026-2030,2026,2601100432@gcekjr.ac.in,6401588622
2601100433,Nabin Barik,Male,Electrical Engineering,EE,1st Year,2026-2030,2026,2601100433@gcekjr.ac.in,6269275255
2601100434,Himanshu Swain,Male,Electrical Engineering,EE,1st Year,2026-2030,2026,2601100434@gcekjr.ac.in,9657917844
2601100435,Nabin Biswal,Male,Electrical Engineering,EE,1st Year,2026-2030,2026,2601100435@gcekjr.ac.in,9803001761
2601100436,Pragyan Dey,Female,Electrical Engineering,EE,1st Year,2026-2030,2026,2601100436@gcekjr.ac.in,7847114778
2601100437,Kanchan Acharya,Female,Electrical Engineering,EE,1st Year,2026-2030,2026,2601100437@gcekjr.ac.in,9406364543
2601100438,Bhagyashree Routray,Female,Electrical Engineering,EE,1st Year,2026-2030,2026,2601100438@gcekjr.ac.in,6313612101
2601100439,Kartik Routray,Male,Electrical Engineering,EE,1st Year,2026-2030,2026,2601100439@gcekjr.ac.in,6791498359
2601100440,Debendra Samal,Male,Electrical Engineering,EE,1st Year,2026-2030,2026,2601100440@gcekjr.ac.in,7637738333
2601100441,Utkarsh Rout,Male,Electrical Engineering,EE,1st Year,2026-2030,2026,2601100441@gcekjr.ac.in,6627626083
2601100442,Rashmita Dalai,Female,Electrical Engineering,EE,1st Year,2026-2030,2026,2601100442@gcekjr.ac.in,8889410688
2601100443,Esha Pradhan,Female,Electrical Engineering,EE,1st Year,2026-2030,2026,2601100443@gcekjr.ac.in,6042056385
2601100444,Sarita Majhi,Female,Electrical Engineering,EE,1st Year,2026-2030,2026,2601100444@gcekjr.ac.in,8005267758
2601100445,Vandana Behera,Female,Electrical Engineering,EE,1st Year,2026-2030,2026,2601100445@gcekjr.ac.in,8581709624
2601100446,Eshan Barik,Male,Electrical Engineering,EE,1st Year,2026-2030,2026,2601100446@gcekjr.ac.in,6088067591
2601100447,Bibhu Giri,Male,Electrical Engineering,EE,1st Year,2026-2030,2026,2601100447@gcekjr.ac.in,8879582967
2601100448,Subham Jagadev,Male,Electrical Engineering,EE,1st Year,2026-2030,2026,2601100448@gcekjr.ac.in,9065959934
2601100449,Monalisa Maharana,Female,Electrical Engineering,EE,1st Year,2026-2030,2026,2601100449@gcekjr.ac.in,8535356991
2601100450,Abhishek Mohanty,Male,Electrical Engineering,EE,1st Year,2026-2030,2026,2601100450@gcekjr.ac.in,6572562899
2601100451,Vandana Panda,Female,Electrical Engineering,EE,1st Year,2026-2030,2026,2601100451@gcekjr.ac.in,8433050451
2601100452,Lalatendu Tripathy,Male,Electrical Engineering,EE,1st Year,2026-2030,2026,2601100452@gcekjr.ac.in,7554000909
2601100453,Nibedita Parida,Female,Electrical Engineering,EE,1st Year,2026-2030,2026,2601100453@gcekjr.ac.in,9297126915
2601100454,Esha Sahoo,Female,Electrical Engineering,EE,1st Year,2026-2030,2026,2601100454@gcekjr.ac.in,6133607194
2601100455,Harapriya Subudhi,Female,Electrical Engineering,EE,1st Year,2026-2030,2026,2601100455@gcekjr.ac.in,9768470191
2601100456,Debendra Jagadev,Male,Electrical Engineering,EE,1st Year,2026-2030,2026,2601100456@gcekjr.ac.in,8136100574
2601100457,Ipsit Parida,Male,Electrical Engineering,EE,1st Year,2026-2030,2026,2601100457@gcekjr.ac.in,8998942618
2601100458,Saroj Sahoo,Male,Electrical Engineering,EE,1st Year,2026-2030,2026,2601100458@gcekjr.ac.in,8145196592
2601100459,Chinmay Hota,Male,Electrical Engineering,EE,1st Year,2026-2030,2026,2601100459@gcekjr.ac.in,6215496148
2601100460,Kedar Dash,Male,Electrical Engineering,EE,1st Year,2026-2030,2026,2601100460@gcekjr.ac.in,8120178765
2601100461,Rajashree Swain,Female,Electrical Engineering,EE,1st Year,2026-2030,2026,2601100461@gcekjr.ac.in,7115035243
2601100462,Ujjwal Maharana,Male,Electrical Engineering,EE,1st Year,2026-2030,2026,2601100462@gcekjr.ac.in,7755110848
2601100463,Subham Mallick,Male,Electrical Engineering,EE,1st Year,2026-2030,2026,2601100463@gcekjr.ac.in,9368597410
2601100464,Bijayalaxmi Mohanty,Female,Electrical Engineering,EE,1st Year,2026-2030,2026,2601100464@gcekjr.ac.in,9076154717
2601100465,Eshan Majhi,Male,Electrical Engineering,EE,1st Year,2026-2030,2026,2601100465@gcekjr.ac.in,8630995477
2601100466,Eshan Naik,Male,Electrical Engineering,EE,1st Year,2026-2030,2026,2601100466@gcekjr.ac.in,9164723907
2601100467,Rohit Samal,Male,Electrical Engineering,EE,1st Year,2026-2030,2026,2601100467@gcekjr.ac.in,9681410791
2601100468,Sagar Naik,Male,Electrical Engineering,EE,1st Year,2026-2030,2026,2601100468@gcekjr.ac.in,8193580472
2601100469,Debjani Mallick,Female,Electrical Engineering,EE,1st Year,2026-2030,2026,2601100469@gcekjr.ac.in,6748399121
2601100470,Lokanath Maharana,Male,Electrical Engineering,EE,1st Year,2026-2030,2026,2601100470@gcekjr.ac.in,9313927215
2601100471,Ankit Barik,Male,Electrical Engineering,EE,1st Year,2026-2030,2026,2601100471@gcekjr.ac.in,8363541418
2601100472,Rohit Mohanty,Male,Electrical Engineering,EE,1st Year,2026-2030,2026,2601100472@gcekjr.ac.in,9400141789
2601100473,Deepak Das,Male,Electrical Engineering,EE,1st Year,2026-2030,2026,2601100473@gcekjr.ac.in,8980271739
2601100474,Lalatendu Swain,Male,Electrical Engineering,EE,1st Year,2026-2030,2026,2601100474@gcekjr.ac.in,9373363454
2601100475,Sasmita Biswal,Female,Electrical Engineering,EE,1st Year,2026-2030,2026,2601100475@gcekjr.ac.in,6071198684
2601100476,Yash Khuntia,Male,Electrical Engineering,EE,1st Year,2026-2030,2026,2601100476@gcekjr.ac.in,7184889347
2601100477,Trilochan Majhi,Male,Electrical Engineering,EE,1st Year,2026-2030,2026,2601100477@gcekjr.ac.in,9610634019
2601100478,Himanshu Kar,Male,Electrical Engineering,EE,1st Year,2026-2030,2026,2601100478@gcekjr.ac.in,7332496990
2601100479,Rakesh Kar,Male,Electrical Engineering,EE,1st Year,2026-2030,2026,2601100479@gcekjr.ac.in,9208365584
2601100480,Bijayalaxmi Acharya,Female,Electrical Engineering,EE,1st Year,2026-2030,2026,2601100480@gcekjr.ac.in,8302885149
2601100481,Madhusmita Sethi,Female,Electrical Engineering,EE,1st Year,2026-2030,2026,2601100481@gcekjr.ac.in,9187307856
2601100482,Gayatri Mishra,Female,Electrical Engineering,EE,1st Year,2026-2030,2026,2601100482@gcekjr.ac.in,6507031161
2601100483,Kajal Jena,Female,Electrical Engineering,EE,1st Year,2026-2030,2026,2601100483@gcekjr.ac.in,7277955205
2601100484,Kajal Mallick,Female,Electrical Engineering,EE,1st Year,2026-2030,2026,2601100484@gcekjr.ac.in,6135135783
2601100485,Abhishek Dash,Male,Electrical Engineering,EE,1st Year,2026-2030,2026,2601100485@gcekjr.ac.in,7758308411
2601100486,Ankit Nayak,Male,Electrical Engineering,EE,1st Year,2026-2030,2026,2601100486@gcekjr.ac.in,7471911643
2601100487,Om Sethi,Male,Electrical Engineering,EE,1st Year,2026-2030,2026,2601100487@gcekjr.ac.in,7059146877
2601100488,Debendra Maharana,Male,Electrical Engineering,EE,1st Year,2026-2030,2026,2601100488@gcekjr.ac.in,9055688449
2601100489,Debasmita Jagadev,Female,Electrical Engineering,EE,1st Year,2026-2030,2026,2601100489@gcekjr.ac.in,9350734602
2601100490,Ipsita Acharya,Female,Electrical Engineering,EE,1st Year,2026-2030,2026,2601100490@gcekjr.ac.in,8677093428
2601100491,Rohit Sahoo,Male,Electrical Engineering,EE,1st Year,2026-2030,2026,2601100491@gcekjr.ac.in,8004176616
2601100492,Vivekananda Pradhan,Male,Electrical Engineering,EE,1st Year,2026-2030,2026,2601100492@gcekjr.ac.in,6782957702
2601100493,Rajesh Khuntia,Male,Electrical Engineering,EE,1st Year,2026-2030,2026,2601100493@gcekjr.ac.in,6556263138
2601100494,Alina Sethi,Female,Electrical Engineering,EE,1st Year,2026-2030,2026,2601100494@gcekjr.ac.in,6839962843
2601100495,Rajesh Hota,Male,Electrical Engineering,EE,1st Year,2026-2030,2026,2601100495@gcekjr.ac.in,9852374653
2601100496,Kajal Mohanty,Female,Electrical Engineering,EE,1st Year,2026-2030,2026,2601100496@gcekjr.ac.in,9519562012
2601100497,Jyotsna Tripathy,Female,Electrical Engineering,EE,1st Year,2026-2030,2026,2601100497@gcekjr.ac.in,6590615976
2601100498,Lipsa Routray,Female,Electrical Engineering,EE,1st Year,2026-2030,2026,2601100498@gcekjr.ac.in,8383327732
2601100499,Elina Muduli,Female,Electrical Engineering,EE,1st Year,2026-2030,2026,2601100499@gcekjr.ac.in,8735283043
2601100500,Subham Palei,Male,Electrical Engineering,EE,1st Year,2026-2030,2026,2601100500@gcekjr.ac.in,7941903838
2601100501,Hemalata Palei,Female,Mining Engineering,MIN,1st Year,2026-2030,2026,2601100501@gcekjr.ac.in,9692248862
2601100502,Namrata Parida,Female,Mining Engineering,MIN,1st Year,2026-2030,2026,2601100502@gcekjr.ac.in,8729399363
2601100503,Pratyusha Subudhi,Female,Mining Engineering,MIN,1st Year,2026-2030,2026,2601100503@gcekjr.ac.in,7256060576
2601100504,Harekrushna Jena,Male,Mining Engineering,MIN,1st Year,2026-2030,2026,2601100504@gcekjr.ac.in,7252112447
2601100505,Priyanka Swain,Female,Mining Engineering,MIN,1st Year,2026-2030,2026,2601100505@gcekjr.ac.in,8442673791
2601100506,Jitendra Giri,Male,Mining Engineering,MIN,1st Year,2026-2030,2026,2601100506@gcekjr.ac.in,7787913103
2601100507,Bijayalaxmi Naik,Female,Mining Engineering,MIN,1st Year,2026-2030,2026,2601100507@gcekjr.ac.in,6693115170
2601100508,Chinmayee Routray,Female,Mining Engineering,MIN,1st Year,2026-2030,2026,2601100508@gcekjr.ac.in,6805573961
2601100509,Jyotsna Sahu,Female,Mining Engineering,MIN,1st Year,2026-2030,2026,2601100509@gcekjr.ac.in,7947695851
2601100510,Yash Barik,Male,Mining Engineering,MIN,1st Year,2026-2030,2026,2601100510@gcekjr.ac.in,7961761076
2601100511,Tapaswini Mallick,Female,Mining Engineering,MIN,1st Year,2026-2030,2026,2601100511@gcekjr.ac.in,8689848126
2601100512,Madhusmita Giri,Female,Mining Engineering,MIN,1st Year,2026-2030,2026,2601100512@gcekjr.ac.in,7181276875
2601100513,Yashaswini Mohanty,Female,Mining Engineering,MIN,1st Year,2026-2030,2026,2601100513@gcekjr.ac.in,6692835298
2601100514,Nabin Das,Male,Mining Engineering,MIN,1st Year,2026-2030,2026,2601100514@gcekjr.ac.in,9841050430
2601100515,Rashmita Dey,Female,Mining Engineering,MIN,1st Year,2026-2030,2026,2601100515@gcekjr.ac.in,7740214062
2601100516,Tapaswini Dash,Female,Mining Engineering,MIN,1st Year,2026-2030,2026,2601100516@gcekjr.ac.in,9912110661
2601100517,Gayatri Khuntia,Female,Mining Engineering,MIN,1st Year,2026-2030,2026,2601100517@gcekjr.ac.in,9966327959
2601100518,Debjani Patnaik,Female,Mining Engineering,MIN,1st Year,2026-2030,2026,2601100518@gcekjr.ac.in,8268220025
2601100519,Dibyajyoti Das,Male,Mining Engineering,MIN,1st Year,2026-2030,2026,2601100519@gcekjr.ac.in,8263677651
2601100520,Kedar Dalai,Male,Mining Engineering,MIN,1st Year,2026-2030,2026,2601100520@gcekjr.ac.in,6045481838
2601100521,Chandan Biswal,Male,Mining Engineering,MIN,1st Year,2026-2030,2026,2601100521@gcekjr.ac.in,6451684559
2601100522,Chinmayee Behera,Female,Mining Engineering,MIN,1st Year,2026-2030,2026,2601100522@gcekjr.ac.in,9731707093
2601100523,Sushmita Khuntia,Female,Mining Engineering,MIN,1st Year,2026-2030,2026,2601100523@gcekjr.ac.in,8654664273
2601100524,Deepak Dalai,Male,Mining Engineering,MIN,1st Year,2026-2030,2026,2601100524@gcekjr.ac.in,6610455522
2601100525,Lalatendu Panda,Male,Mining Engineering,MIN,1st Year,2026-2030,2026,2601100525@gcekjr.ac.in,6698166522
2601100526,Debasis Nayak,Male,Mining Engineering,MIN,1st Year,2026-2030,2026,2601100526@gcekjr.ac.in,8534402131
2601100527,Himanshu Sahu,Male,Mining Engineering,MIN,1st Year,2026-2030,2026,2601100527@gcekjr.ac.in,9402022205
2601100528,Pradyumna Dey,Male,Mining Engineering,MIN,1st Year,2026-2030,2026,2601100528@gcekjr.ac.in,8384339275
2601100529,Upasana Sethi,Female,Mining Engineering,MIN,1st Year,2026-2030,2026,2601100529@gcekjr.ac.in,9590051011
2601100530,Utkarsh Das,Male,Mining Engineering,MIN,1st Year,2026-2030,2026,2601100530@gcekjr.ac.in,9204928486
2601100531,Rohit Parida,Male,Mining Engineering,MIN,1st Year,2026-2030,2026,2601100531@gcekjr.ac.in,6800169014
2601100532,Tanmayee Maharana,Female,Mining Engineering,MIN,1st Year,2026-2030,2026,2601100532@gcekjr.ac.in,9239015394
2601100533,Yash Naik,Male,Mining Engineering,MIN,1st Year,2026-2030,2026,2601100533@gcekjr.ac.in,6792982640
2601100534,Pragyan Jena,Female,Mining Engineering,MIN,1st Year,2026-2030,2026,2601100534@gcekjr.ac.in,8165868554
2601100535,Rajesh Patnaik,Male,Mining Engineering,MIN,1st Year,2026-2030,2026,2601100535@gcekjr.ac.in,6941932812
2601100536,Subham Hota,Male,Mining Engineering,MIN,1st Year,2026-2030,2026,2601100536@gcekjr.ac.in,6807862662
2601100537,Nibedita Acharya,Female,Mining Engineering,MIN,1st Year,2026-2030,2026,2601100537@gcekjr.ac.in,9781113966
2601100538,Bijayalaxmi Sahu,Female,Mining Engineering,MIN,1st Year,2026-2030,2026,2601100538@gcekjr.ac.in,6548201949
2601100539,Pratyusha Das,Female,Mining Engineering,MIN,1st Year,2026-2030,2026,2601100539@gcekjr.ac.in,9100888823
2601100540,Swagatika Biswal,Female,Mining Engineering,MIN,1st Year,2026-2030,2026,2601100540@gcekjr.ac.in,6878179310
2601100541,Dibyajyoti Patnaik,Male,Mining Engineering,MIN,1st Year,2026-2030,2026,2601100541@gcekjr.ac.in,6360408530
2601100542,Jagannath Patnaik,Male,Mining Engineering,MIN,1st Year,2026-2030,2026,2601100542@gcekjr.ac.in,7237696641
2601100543,Kanchan Maharana,Female,Mining Engineering,MIN,1st Year,2026-2030,2026,2601100543@gcekjr.ac.in,6876319188
2601100544,Pragyan Dey,Female,Mining Engineering,MIN,1st Year,2026-2030,2026,2601100544@gcekjr.ac.in,8073511749
2601100545,Bikash Dey,Male,Mining Engineering,MIN,1st Year,2026-2030,2026,2601100545@gcekjr.ac.in,6885156273
2601100546,Pratyusha Parida,Female,Mining Engineering,MIN,1st Year,2026-2030,2026,2601100546@gcekjr.ac.in,7840202914
2601100547,Sarita Sahoo,Female,Mining Engineering,MIN,1st Year,2026-2030,2026,2601100547@gcekjr.ac.in,9669816952
2601100548,Gaurav Barik,Male,Mining Engineering,MIN,1st Year,2026-2030,2026,2601100548@gcekjr.ac.in,9048866409
2601100549,Pradyumna Naik,Male,Mining Engineering,MIN,1st Year,2026-2030,2026,2601100549@gcekjr.ac.in,7573216102
2601100550,Jyotsna Panda,Female,Mining Engineering,MIN,1st Year,2026-2030,2026,2601100550@gcekjr.ac.in,9383474724
2601100551,Subham Hota,Male,Mining Engineering,MIN,1st Year,2026-2030,2026,2601100551@gcekjr.ac.in,8532325170
2601100552,Utkarsh Jena,Male,Mining Engineering,MIN,1st Year,2026-2030,2026,2601100552@gcekjr.ac.in,8074560669
2601100553,Kajal Pati,Female,Mining Engineering,MIN,1st Year,2026-2030,2026,2601100553@gcekjr.ac.in,9565332424
2601100554,Kanchan Bhoi,Female,Mining Engineering,MIN,1st Year,2026-2030,2026,2601100554@gcekjr.ac.in,7017037823
2601100555,Bibhu Nayak,Male,Mining Engineering,MIN,1st Year,2026-2030,2026,2601100555@gcekjr.ac.in,9303424547
2601100556,Biswajit Tripathy,Male,Mining Engineering,MIN,1st Year,2026-2030,2026,2601100556@gcekjr.ac.in,6760730324
2601100557,Himanshu Barik,Male,Mining Engineering,MIN,1st Year,2026-2030,2026,2601100557@gcekjr.ac.in,8200671906
2601100558,Om Prava Hota,Female,Mining Engineering,MIN,1st Year,2026-2030,2026,2601100558@gcekjr.ac.in,9669243254
2601100559,Girish Jena,Male,Mining Engineering,MIN,1st Year,2026-2030,2026,2601100559@gcekjr.ac.in,9519844665
2601100560,Kartik Swain,Male,Mining Engineering,MIN,1st Year,2026-2030,2026,2601100560@gcekjr.ac.in,9046042951
2601100561,Tapan Patnaik,Male,Mining Engineering,MIN,1st Year,2026-2030,2026,2601100561@gcekjr.ac.in,9569686906
2601100562,Jyotsna Tripathy,Female,Mining Engineering,MIN,1st Year,2026-2030,2026,2601100562@gcekjr.ac.in,7983836663
2601100563,Usharani Kar,Female,Mining Engineering,MIN,1st Year,2026-2030,2026,2601100563@gcekjr.ac.in,9685271219
2601100564,Rajesh Muduli,Male,Mining Engineering,MIN,1st Year,2026-2030,2026,2601100564@gcekjr.ac.in,6941239768
2601100565,Rakesh Patnaik,Male,Mining Engineering,MIN,1st Year,2026-2030,2026,2601100565@gcekjr.ac.in,9217071452
2601100566,Debasis Rout,Male,Mining Engineering,MIN,1st Year,2026-2030,2026,2601100566@gcekjr.ac.in,6353765559
2601100567,Debasis Naik,Male,Mining Engineering,MIN,1st Year,2026-2030,2026,2601100567@gcekjr.ac.in,6638143659
2601100568,Pragyan Behera,Female,Mining Engineering,MIN,1st Year,2026-2030,2026,2601100568@gcekjr.ac.in,6804888123
2601100569,Chandan Rout,Male,Mining Engineering,MIN,1st Year,2026-2030,2026,2601100569@gcekjr.ac.in,7456571469
2601100570,Lopamudra Jagadev,Female,Mining Engineering,MIN,1st Year,2026-2030,2026,2601100570@gcekjr.ac.in,9146348534
2601100571,Pratyusha Pati,Female,Mining Engineering,MIN,1st Year,2026-2030,2026,2601100571@gcekjr.ac.in,6392368926
2601100572,Bibhu Acharya,Male,Mining Engineering,MIN,1st Year,2026-2030,2026,2601100572@gcekjr.ac.in,8306959817
2601100573,Aryan Khuntia,Male,Mining Engineering,MIN,1st Year,2026-2030,2026,2601100573@gcekjr.ac.in,9733996382
2601100574,Usharani Sahoo,Female,Mining Engineering,MIN,1st Year,2026-2030,2026,2601100574@gcekjr.ac.in,8520119851
2601100575,Sarita Naik,Female,Mining Engineering,MIN,1st Year,2026-2030,2026,2601100575@gcekjr.ac.in,6937289420
2601100576,Lalatendu Senapati,Male,Mining Engineering,MIN,1st Year,2026-2030,2026,2601100576@gcekjr.ac.in,9159725995
2601100577,Ashutosh Dalai,Male,Mining Engineering,MIN,1st Year,2026-2030,2026,2601100577@gcekjr.ac.in,7065907940
2601100578,Alina Naik,Female,Mining Engineering,MIN,1st Year,2026-2030,2026,2601100578@gcekjr.ac.in,6127235878
2601100579,Manas Sahoo,Male,Mining Engineering,MIN,1st Year,2026-2030,2026,2601100579@gcekjr.ac.in,9466456866
2601100580,Sagar Maharana,Male,Mining Engineering,MIN,1st Year,2026-2030,2026,2601100580@gcekjr.ac.in,9976251306
2601100581,Subham Sahu,Male,Mining Engineering,MIN,1st Year,2026-2030,2026,2601100581@gcekjr.ac.in,9987212657
2601100582,Lipsa Jena,Female,Mining Engineering,MIN,1st Year,2026-2030,2026,2601100582@gcekjr.ac.in,6341942322
2601100583,Ashutosh Bhoi,Male,Mining Engineering,MIN,1st Year,2026-2030,2026,2601100583@gcekjr.ac.in,9205538053
2601100584,Himanshu Naik,Male,Mining Engineering,MIN,1st Year,2026-2030,2026,2601100584@gcekjr.ac.in,9547252742
2601100585,Deepak Acharya,Male,Mining Engineering,MIN,1st Year,2026-2030,2026,2601100585@gcekjr.ac.in,7323973891
2601100586,Subham Bhoi,Male,Mining Engineering,MIN,1st Year,2026-2030,2026,2601100586@gcekjr.ac.in,6365314089
2601100587,Barsha Behera,Female,Mining Engineering,MIN,1st Year,2026-2030,2026,2601100587@gcekjr.ac.in,6557810010
2601100588,Niranjan Swain,Male,Mining Engineering,MIN,1st Year,2026-2030,2026,2601100588@gcekjr.ac.in,8853262154
2601100589,Ipsit Senapati,Male,Mining Engineering,MIN,1st Year,2026-2030,2026,2601100589@gcekjr.ac.in,7378810579
2601100590,Gyana Rout,Male,Mining Engineering,MIN,1st Year,2026-2030,2026,2601100590@gcekjr.ac.in,9824691922
2601100591,Rajashree Kar,Female,Mining Engineering,MIN,1st Year,2026-2030,2026,2601100591@gcekjr.ac.in,9904820594
2601100592,Gayatri Khuntia,Female,Mining Engineering,MIN,1st Year,2026-2030,2026,2601100592@gcekjr.ac.in,6913019160
2601100593,Gaurav Jena,Male,Mining Engineering,MIN,1st Year,2026-2030,2026,2601100593@gcekjr.ac.in,8295202775
2601100594,Ipsita Naik,Female,Mining Engineering,MIN,1st Year,2026-2030,2026,2601100594@gcekjr.ac.in,9102024352
2601100595,Ipsita Patnaik,Female,Mining Engineering,MIN,1st Year,2026-2030,2026,2601100595@gcekjr.ac.in,9801739015
2601100596,Gitanjali Hota,Female,Mining Engineering,MIN,1st Year,2026-2030,2026,2601100596@gcekjr.ac.in,8180364132
2601100597,Bibhu Maharana,Male,Mining Engineering,MIN,1st Year,2026-2030,2026,2601100597@gcekjr.ac.in,7108175815
2601100598,Bibhu Patnaik,Male,Mining Engineering,MIN,1st Year,2026-2030,2026,2601100598@gcekjr.ac.in,9492921630
2601100599,Upasana Pradhan,Female,Mining Engineering,MIN,1st Year,2026-2030,2026,2601100599@gcekjr.ac.in,7050347215
2601100600,Ankita Naik,Female,Mining Engineering,MIN,1st Year,2026-2030,2026,2601100600@gcekjr.ac.in,7189375422
2601100601,Pradyumna Majhi,Male,Mining Engineering,MIN,1st Year,2026-2030,2026,2601100601@gcekjr.ac.in,8311617128
2601100602,Ipsita Jagadev,Female,Mining Engineering,MIN,1st Year,2026-2030,2026,2601100602@gcekjr.ac.in,7833484398
2601100603,Debasmita Majhi,Female,Mining Engineering,MIN,1st Year,2026-2030,2026,2601100603@gcekjr.ac.in,6916764143
2601100604,Rajesh Acharya,Male,Mining Engineering,MIN,1st Year,2026-2030,2026,2601100604@gcekjr.ac.in,8768756810
2601100605,Om Rout,Male,Mining Engineering,MIN,1st Year,2026-2030,2026,2601100605@gcekjr.ac.in,9084182144
2601100606,Tapan Senapati,Male,Mining Engineering,MIN,1st Year,2026-2030,2026,2601100606@gcekjr.ac.in,8081080302
2601100607,Lokanath Mishra,Male,Mining Engineering,MIN,1st Year,2026-2030,2026,2601100607@gcekjr.ac.in,6279619327
2601100608,Eshan Pradhan,Male,Mining Engineering,MIN,1st Year,2026-2030,2026,2601100608@gcekjr.ac.in,6804231172
2601100609,Ankita Muduli,Female,Mining Engineering,MIN,1st Year,2026-2030,2026,2601100609@gcekjr.ac.in,9543757190
2601100610,Debendra Mohanty,Male,Mining Engineering,MIN,1st Year,2026-2030,2026,2601100610@gcekjr.ac.in,7113625735
2601100611,Deepak Nayak,Male,Mining Engineering,MIN,1st Year,2026-2030,2026,2601100611@gcekjr.ac.in,6391434032
2601100612,Sushmita Rout,Female,Mining Engineering,MIN,1st Year,2026-2030,2026,2601100612@gcekjr.ac.in,6947599143
2601100613,Lalatendu Giri,Male,Mining Engineering,MIN,1st Year,2026-2030,2026,2601100613@gcekjr.ac.in,8451874718
2601100614,Jyotiranjan Mallick,Male,Mining Engineering,MIN,1st Year,2026-2030,2026,2601100614@gcekjr.ac.in,7276915762
2601100615,Ujjwal Tripathy,Male,Mining Engineering,MIN,1st Year,2026-2030,2026,2601100615@gcekjr.ac.in,7805152853
2601100616,Gayatri Sahoo,Female,Mining Engineering,MIN,1st Year,2026-2030,2026,2601100616@gcekjr.ac.in,6199618664
2601100617,Jyotsna Muduli,Female,Mining Engineering,MIN,1st Year,2026-2030,2026,2601100617@gcekjr.ac.in,7234611324
2601100618,Yashaswini Majhi,Female,Mining Engineering,MIN,1st Year,2026-2030,2026,2601100618@gcekjr.ac.in,8143898185
2601100619,Gaurav Dey,Male,Mining Engineering,MIN,1st Year,2026-2030,2026,2601100619@gcekjr.ac.in,9500946819
2601100620,Om Senapati,Male,Mining Engineering,MIN,1st Year,2026-2030,2026,2601100620@gcekjr.ac.in,8818641845
2601100621,Sagar Senapati,Male,Mining Engineering,MIN,1st Year,2026-2030,2026,2601100621@gcekjr.ac.in,6212765673
2601100622,Yash Biswal,Male,Mining Engineering,MIN,1st Year,2026-2030,2026,2601100622@gcekjr.ac.in,6138682623
2601100623,Mantu Parida,Male,Mining Engineering,MIN,1st Year,2026-2030,2026,2601100623@gcekjr.ac.in,6069112677
2601100624,Chandan Panda,Male,Mining Engineering,MIN,1st Year,2026-2030,2026,2601100624@gcekjr.ac.in,9176652569
2601100625,Sushmita Palei,Female,Mining Engineering,MIN,1st Year,2026-2030,2026,2601100625@gcekjr.ac.in,8257097629
2601100626,Himanshu Majhi,Male,Mining Engineering,MIN,1st Year,2026-2030,2026,2601100626@gcekjr.ac.in,8541328572
2601100627,Jitendra Giri,Male,Mining Engineering,MIN,1st Year,2026-2030,2026,2601100627@gcekjr.ac.in,9493076692
2601100628,Lalatendu Mohanty,Male,Mining Engineering,MIN,1st Year,2026-2030,2026,2601100628@gcekjr.ac.in,6711377808
2601100629,Utkarsh Senapati,Male,Mining Engineering,MIN,1st Year,2026-2030,2026,2601100629@gcekjr.ac.in,8405421361
2601100630,Ipsit Muduli,Male,Mining Engineering,MIN,1st Year,2026-2030,2026,2601100630@gcekjr.ac.in,7818795193
2601100631,Ankit Routray,Male,Mining Engineering,MIN,1st Year,2026-2030,2026,2601100631@gcekjr.ac.in,7833193344
2601100632,Alina Dalai,Female,Mining Engineering,MIN,1st Year,2026-2030,2026,2601100632@gcekjr.ac.in,8044791684
2601100633,Ankit Routray,Male,Mining Engineering,MIN,1st Year,2026-2030,2026,2601100633@gcekjr.ac.in,7712196093
2601100634,Sushmita Jena,Female,Mining Engineering,MIN,1st Year,2026-2030,2026,2601100634@gcekjr.ac.in,6138126405
2601100635,Jagruti Khuntia,Female,Mining Engineering,MIN,1st Year,2026-2030,2026,2601100635@gcekjr.ac.in,7858781564
2601100636,Saroj Subudhi,Male,Mining Engineering,MIN,1st Year,2026-2030,2026,2601100636@gcekjr.ac.in,8326762114
2601100637,Usharani Hota,Female,Mining Engineering,MIN,1st Year,2026-2030,2026,2601100637@gcekjr.ac.in,8007117967
2601100638,Jyotsna Jagadev,Female,Mining Engineering,MIN,1st Year,2026-2030,2026,2601100638@gcekjr.ac.in,7896402195
2601100639,Harapriya Maharana,Female,Mining Engineering,MIN,1st Year,2026-2030,2026,2601100639@gcekjr.ac.in,6502302798
2601100640,Gitanjali Sahoo,Female,Mining Engineering,MIN,1st Year,2026-2030,2026,2601100640@gcekjr.ac.in,9927824364
2601100641,Biswajit Nayak,Male,Mining Engineering,MIN,1st Year,2026-2030,2026,2601100641@gcekjr.ac.in,9567668777
2601100642,Trupti Samal,Female,Mining Engineering,MIN,1st Year,2026-2030,2026,2601100642@gcekjr.ac.in,9507826653
2601100643,Chandan Giri,Male,Mining Engineering,MIN,1st Year,2026-2030,2026,2601100643@gcekjr.ac.in,8954830445
2601100644,Nandini Swain,Female,Mining Engineering,MIN,1st Year,2026-2030,2026,2601100644@gcekjr.ac.in,9222473977
2601100645,Pradyumna Palei,Male,Mining Engineering,MIN,1st Year,2026-2030,2026,2601100645@gcekjr.ac.in,9104334025
2601100646,Chinmay Mallick,Male,Mining Engineering,MIN,1st Year,2026-2030,2026,2601100646@gcekjr.ac.in,6676475545
2601100647,Monalisa Giri,Female,Mining Engineering,MIN,1st Year,2026-2030,2026,2601100647@gcekjr.ac.in,7578358401
2601100648,Eshan Mishra,Male,Mining Engineering,MIN,1st Year,2026-2030,2026,2601100648@gcekjr.ac.in,8945578541
2601100649,Madhusmita Biswal,Female,Mining Engineering,MIN,1st Year,2026-2030,2026,2601100649@gcekjr.ac.in,6093323099
2601100650,Manisha Dash,Female,Mining Engineering,MIN,1st Year,2026-2030,2026,2601100650@gcekjr.ac.in,8734155750
2601100651,Himanshu Tripathy,Male,Mining Engineering,MIN,1st Year,2026-2030,2026,2601100651@gcekjr.ac.in,9308935929
2601100652,Saroj Mallick,Male,Mining Engineering,MIN,1st Year,2026-2030,2026,2601100652@gcekjr.ac.in,7807180730
2601100653,Debendra Senapati,Male,Mining Engineering,MIN,1st Year,2026-2030,2026,2601100653@gcekjr.ac.in,7569209445
2601100654,Om Rout,Male,Mining Engineering,MIN,1st Year,2026-2030,2026,2601100654@gcekjr.ac.in,8198237714
2601100655,Pragyan Dey,Female,Mining Engineering,MIN,1st Year,2026-2030,2026,2601100655@gcekjr.ac.in,9204868169
2601100656,Lalatendu Giri,Male,Mining Engineering,MIN,1st Year,2026-2030,2026,2601100656@gcekjr.ac.in,7863665730
2601100657,Usharani Mallick,Female,Mining Engineering,MIN,1st Year,2026-2030,2026,2601100657@gcekjr.ac.in,8996969018
2601100658,Subham Nayak,Male,Mining Engineering,MIN,1st Year,2026-2030,2026,2601100658@gcekjr.ac.in,6536029621
2601100659,Om Prava Majhi,Female,Mining Engineering,MIN,1st Year,2026-2030,2026,2601100659@gcekjr.ac.in,7260866581
2601100660,Vivekananda Nayak,Male,Mining Engineering,MIN,1st Year,2026-2030,2026,2601100660@gcekjr.ac.in,6197198182
2601100661,Aryan Behera,Male,Mining Engineering,MIN,1st Year,2026-2030,2026,2601100661@gcekjr.ac.in,6384995051
2601100662,Ipsit Samal,Male,Mining Engineering,MIN,1st Year,2026-2030,2026,2601100662@gcekjr.ac.in,8157900758
2601100663,Deepak Patnaik,Male,Mining Engineering,MIN,1st Year,2026-2030,2026,2601100663@gcekjr.ac.in,9074045052
2601100664,Abhishek Sahoo,Male,Mining Engineering,MIN,1st Year,2026-2030,2026,2601100664@gcekjr.ac.in,8777857967
2601100665,Tapaswini Biswal,Female,Mining Engineering,MIN,1st Year,2026-2030,2026,2601100665@gcekjr.ac.in,6330473555
2601100666,Trilochan Sahoo,Male,Mining Engineering,MIN,1st Year,2026-2030,2026,2601100666@gcekjr.ac.in,9002179750
2601100667,Nandini Rout,Female,Mining Engineering,MIN,1st Year,2026-2030,2026,2601100667@gcekjr.ac.in,7205250991
2601100668,Priyanka Dash,Female,Mining Engineering,MIN,1st Year,2026-2030,2026,2601100668@gcekjr.ac.in,8774845875
2601100669,Pradyumna Biswal,Male,Mining Engineering,MIN,1st Year,2026-2030,2026,2601100669@gcekjr.ac.in,7683865387
2601100670,Snigdha Giri,Female,Mining Engineering,MIN,1st Year,2026-2030,2026,2601100670@gcekjr.ac.in,7253029566
2601100671,Bijayalaxmi Pradhan,Female,Mining Engineering,MIN,1st Year,2026-2030,2026,2601100671@gcekjr.ac.in,8686320480
2601100672,Rakesh Palei,Male,Mining Engineering,MIN,1st Year,2026-2030,2026,2601100672@gcekjr.ac.in,6135611066
2601100673,Trilochan Naik,Male,Mining Engineering,MIN,1st Year,2026-2030,2026,2601100673@gcekjr.ac.in,8558090960
2601100674,Debasmita Mishra,Female,Mining Engineering,MIN,1st Year,2026-2030,2026,2601100674@gcekjr.ac.in,6518074411
2601100675,Vivekananda Tripathy,Male,Mining Engineering,MIN,1st Year,2026-2030,2026,2601100675@gcekjr.ac.in,8799520814
2601100676,Usharani Rout,Female,Mining Engineering,MIN,1st Year,2026-2030,2026,2601100676@gcekjr.ac.in,6755982846
2601100677,Mantu Barik,Male,Mining Engineering,MIN,1st Year,2026-2030,2026,2601100677@gcekjr.ac.in,9620194606
2601100678,Rohit Dash,Male,Mining Engineering,MIN,1st Year,2026-2030,2026,2601100678@gcekjr.ac.in,9362781874
2601100679,Om Subudhi,Male,Mining Engineering,MIN,1st Year,2026-2030,2026,2601100679@gcekjr.ac.in,7761131865
2601100680,Hemalata Tripathy,Female,Mining Engineering,MIN,1st Year,2026-2030,2026,2601100680@gcekjr.ac.in,8251122589
2601100681,Subham Palei,Male,Mining Engineering,MIN,1st Year,2026-2030,2026,2601100681@gcekjr.ac.in,6406775909
2601100682,Om Prava Dey,Female,Mining Engineering,MIN,1st Year,2026-2030,2026,2601100682@gcekjr.ac.in,9454569346
2601100683,Girish Mallick,Male,Mining Engineering,MIN,1st Year,2026-2030,2026,2601100683@gcekjr.ac.in,8021547525
2601100684,Vivekananda Giri,Male,Mining Engineering,MIN,1st Year,2026-2030,2026,2601100684@gcekjr.ac.in,7520509875
2601100685,Pradyumna Bhoi,Male,Mining Engineering,MIN,1st Year,2026-2030,2026,2601100685@gcekjr.ac.in,9090663168
2601100686,Ipsita Acharya,Female,Mining Engineering,MIN,1st Year,2026-2030,2026,2601100686@gcekjr.ac.in,8581288959
2601100687,Hemant Subudhi,Male,Mining Engineering,MIN,1st Year,2026-2030,2026,2601100687@gcekjr.ac.in,9866106115
2601100688,Amit Muduli,Male,Mining Engineering,MIN,1st Year,2026-2030,2026,2601100688@gcekjr.ac.in,9707353281
2601100689,Chinmay Majhi,Male,Mining Engineering,MIN,1st Year,2026-2030,2026,2601100689@gcekjr.ac.in,6697546894
2601100690,Eshan Biswal,Male,Mining Engineering,MIN,1st Year,2026-2030,2026,2601100690@gcekjr.ac.in,9093352147
2601100691,Vandana Routray,Female,Mining Engineering,MIN,1st Year,2026-2030,2026,2601100691@gcekjr.ac.in,9034938658
2601100692,Jyotsna Swain,Female,Mining Engineering,MIN,1st Year,2026-2030,2026,2601100692@gcekjr.ac.in,9609638855
2601100693,Vivekananda Senapati,Male,Mining Engineering,MIN,1st Year,2026-2030,2026,2601100693@gcekjr.ac.in,6884641013
2601100694,Ipsita Nayak,Female,Mining Engineering,MIN,1st Year,2026-2030,2026,2601100694@gcekjr.ac.in,8218549331
2601100695,Gitanjali Barik,Female,Mining Engineering,MIN,1st Year,2026-2030,2026,2601100695@gcekjr.ac.in,6663294318
2601100696,Itishree Senapati,Female,Mining Engineering,MIN,1st Year,2026-2030,2026,2601100696@gcekjr.ac.in,9325109782
2601100697,Aryan Tripathy,Male,Mining Engineering,MIN,1st Year,2026-2030,2026,2601100697@gcekjr.ac.in,8102401989
2601100698,Jyotiranjan Sahu,Male,Mining Engineering,MIN,1st Year,2026-2030,2026,2601100698@gcekjr.ac.in,9025023192
2601100699,Ipsita Acharya,Female,Mining Engineering,MIN,1st Year,2026-2030,2026,2601100699@gcekjr.ac.in,6202132302
2601100700,Utkarsh Dash,Male,Mining Engineering,MIN,1st Year,2026-2030,2026,2601100700@gcekjr.ac.in,9065491948
2601100701,Kartik Sahoo,Male,Mining Engineering,MIN,1st Year,2026-2030,2026,2601100701@gcekjr.ac.in,9718000770
2601100702,Yashaswini Jagadev,Female,Mining Engineering,MIN,1st Year,2026-2030,2026,2601100702@gcekjr.ac.in,7393007049
2601100703,Barsha Dey,Female,Mining Engineering,MIN,1st Year,2026-2030,2026,2601100703@gcekjr.ac.in,6907295890
2601100704,Girish Dash,Male,Mining Engineering,MIN,1st Year,2026-2030,2026,2601100704@gcekjr.ac.in,8728576331
2601100705,Saroj Acharya,Male,Mining Engineering,MIN,1st Year,2026-2030,2026,2601100705@gcekjr.ac.in,7150335258
2601100706,Gayatri Das,Female,Mining Engineering,MIN,1st Year,2026-2030,2026,2601100706@gcekjr.ac.in,6109086816
2601100707,Chinmay Tripathy,Male,Mining Engineering,MIN,1st Year,2026-2030,2026,2601100707@gcekjr.ac.in,9660791957
2601100708,Kedar Rout,Male,Mining Engineering,MIN,1st Year,2026-2030,2026,2601100708@gcekjr.ac.in,9196788720
2601100709,Manisha Pati,Female,Mining Engineering,MIN,1st Year,2026-2030,2026,2601100709@gcekjr.ac.in,8546932911
2601100710,Saroj Mallick,Male,Mining Engineering,MIN,1st Year,2026-2030,2026,2601100710@gcekjr.ac.in,8357843602
2601100711,Bhagyashree Sethi,Female,Mining Engineering,MIN,1st Year,2026-2030,2026,2601100711@gcekjr.ac.in,7082729278
2601100712,Nabin Nayak,Male,Mining Engineering,MIN,1st Year,2026-2030,2026,2601100712@gcekjr.ac.in,9538296387
2601100713,Girish Pati,Male,Mining Engineering,MIN,1st Year,2026-2030,2026,2601100713@gcekjr.ac.in,7691043170
2601100714,Biswajit Behera,Male,Mining Engineering,MIN,1st Year,2026-2030,2026,2601100714@gcekjr.ac.in,9175021646
2601100715,Nabin Subudhi,Male,Mining Engineering,MIN,1st Year,2026-2030,2026,2601100715@gcekjr.ac.in,8528464794
2601100716,Bikash Maharana,Male,Mining Engineering,MIN,1st Year,2026-2030,2026,2601100716@gcekjr.ac.in,6876584867
2601100717,Swagatika Mallick,Female,Mining Engineering,MIN,1st Year,2026-2030,2026,2601100717@gcekjr.ac.in,6011456765
2601100718,Vikram Sahoo,Male,Mining Engineering,MIN,1st Year,2026-2030,2026,2601100718@gcekjr.ac.in,8756757221
2601100719,Gyana Dalai,Male,Mining Engineering,MIN,1st Year,2026-2030,2026,2601100719@gcekjr.ac.in,9200367675
2601100720,Harekrushna Senapati,Male,Mining Engineering,MIN,1st Year,2026-2030,2026,2601100720@gcekjr.ac.in,7733150837
2601100721,Rashmita Sahoo,Female,Mining Engineering,MIN,1st Year,2026-2030,2026,2601100721@gcekjr.ac.in,9559077771
2601100722,Amit Samal,Male,Mining Engineering,MIN,1st Year,2026-2030,2026,2601100722@gcekjr.ac.in,8825181432
2601100723,Nabin Acharya,Male,Mining Engineering,MIN,1st Year,2026-2030,2026,2601100723@gcekjr.ac.in,8083255965
2601100724,Deepak Subudhi,Male,Mining Engineering,MIN,1st Year,2026-2030,2026,2601100724@gcekjr.ac.in,6108086356
2601100725,Biswajit Muduli,Male,Mining Engineering,MIN,1st Year,2026-2030,2026,2601100725@gcekjr.ac.in,8524913202
2601100726,Niranjan Tripathy,Male,Mining Engineering,MIN,1st Year,2026-2030,2026,2601100726@gcekjr.ac.in,6602543572
2601100727,Harekrushna Das,Male,Mining Engineering,MIN,1st Year,2026-2030,2026,2601100727@gcekjr.ac.in,9751310774
2601100728,Sagar Majhi,Male,Mining Engineering,MIN,1st Year,2026-2030,2026,2601100728@gcekjr.ac.in,9223736789
2601100729,Rashmita Swain,Female,Mining Engineering,MIN,1st Year,2026-2030,2026,2601100729@gcekjr.ac.in,9699570582
2601100730,Hemant Patnaik,Male,Mining Engineering,MIN,1st Year,2026-2030,2026,2601100730@gcekjr.ac.in,8863817335
2601100731,Gyana Muduli,Male,Mining Engineering,MIN,1st Year,2026-2030,2026,2601100731@gcekjr.ac.in,7969463751
2601100732,Jagannath Das,Male,Mining Engineering,MIN,1st Year,2026-2030,2026,2601100732@gcekjr.ac.in,8994951226
2601100733,Biswajit Dash,Male,Mining Engineering,MIN,1st Year,2026-2030,2026,2601100733@gcekjr.ac.in,9957951561
2601100734,Vikram Sethi,Male,Mining Engineering,MIN,1st Year,2026-2030,2026,2601100734@gcekjr.ac.in,6077434297
2601100735,Ankita Maharana,Female,Mining Engineering,MIN,1st Year,2026-2030,2026,2601100735@gcekjr.ac.in,9596491579
2601100736,Ujjwal Khuntia,Male,Mining Engineering,MIN,1st Year,2026-2030,2026,2601100736@gcekjr.ac.in,8593882887
2601100737,Esha Mohanty,Female,Mining Engineering,MIN,1st Year,2026-2030,2026,2601100737@gcekjr.ac.in,6159229150
2601100738,Kajal Dey,Female,Mining Engineering,MIN,1st Year,2026-2030,2026,2601100738@gcekjr.ac.in,6287314386
2601100739,Upasana Barik,Female,Mining Engineering,MIN,1st Year,2026-2030,2026,2601100739@gcekjr.ac.in,9172334664
2601100740,Utkarsh Naik,Male,Mining Engineering,MIN,1st Year,2026-2030,2026,2601100740@gcekjr.ac.in,9240585480
2601100741,Abhishek Samal,Male,Mining Engineering,MIN,1st Year,2026-2030,2026,2601100741@gcekjr.ac.in,9278050522
2601100742,Madhusmita Pradhan,Female,Mining Engineering,MIN,1st Year,2026-2030,2026,2601100742@gcekjr.ac.in,6676029459
2601100743,Gitanjali Palei,Female,Mining Engineering,MIN,1st Year,2026-2030,2026,2601100743@gcekjr.ac.in,8326657838
2601100744,Saroj Senapati,Male,Mining Engineering,MIN,1st Year,2026-2030,2026,2601100744@gcekjr.ac.in,8939274912
2601100745,Trilochan Das,Male,Mining Engineering,MIN,1st Year,2026-2030,2026,2601100745@gcekjr.ac.in,9309202609
2601100746,Yashaswini Palei,Female,Mining Engineering,MIN,1st Year,2026-2030,2026,2601100746@gcekjr.ac.in,7932580130
2601100747,Deepak Tripathy,Male,Mining Engineering,MIN,1st Year,2026-2030,2026,2601100747@gcekjr.ac.in,6431393466
2601100748,Deepak Mishra,Male,Mining Engineering,MIN,1st Year,2026-2030,2026,2601100748@gcekjr.ac.in,6354583412
2601100749,Aryan Subudhi,Male,Mining Engineering,MIN,1st Year,2026-2030,2026,2601100749@gcekjr.ac.in,8408210496
2601100750,Bikash Kar,Male,Mining Engineering,MIN,1st Year,2026-2030,2026,2601100750@gcekjr.ac.in,8833332173
2601100751,Jyotsna Pati,Female,Mineral Engineering,MEX,1st Year,2026-2030,2026,2601100751@gcekjr.ac.in,6966633221
2601100752,Niranjan Khuntia,Male,Mineral Engineering,MEX,1st Year,2026-2030,2026,2601100752@gcekjr.ac.in,7616455616
2601100753,Ujjwal Das,Male,Mineral Engineering,MEX,1st Year,2026-2030,2026,2601100753@gcekjr.ac.in,7902078534
2601100754,Deepak Parida,Male,Mineral Engineering,MEX,1st Year,2026-2030,2026,2601100754@gcekjr.ac.in,8032223637
2601100755,Tapaswini Patnaik,Female,Mineral Engineering,MEX,1st Year,2026-2030,2026,2601100755@gcekjr.ac.in,8358276616
2601100756,Rohit Bhoi,Male,Mineral Engineering,MEX,1st Year,2026-2030,2026,2601100756@gcekjr.ac.in,6446956772
2601100757,Priyanka Biswal,Female,Mineral Engineering,MEX,1st Year,2026-2030,2026,2601100757@gcekjr.ac.in,9657493092
2601100758,Biswajit Parida,Male,Mineral Engineering,MEX,1st Year,2026-2030,2026,2601100758@gcekjr.ac.in,9352969232
2601100759,Tapan Dash,Male,Mineral Engineering,MEX,1st Year,2026-2030,2026,2601100759@gcekjr.ac.in,7561511737
2601100760,Tapaswini Sethi,Female,Mineral Engineering,MEX,1st Year,2026-2030,2026,2601100760@gcekjr.ac.in,9008963948
2601100761,Debjani Hota,Female,Mineral Engineering,MEX,1st Year,2026-2030,2026,2601100761@gcekjr.ac.in,7772932666
2601100762,Lalatendu Giri,Male,Mineral Engineering,MEX,1st Year,2026-2030,2026,2601100762@gcekjr.ac.in,6251119384
2601100763,Usharani Swain,Female,Mineral Engineering,MEX,1st Year,2026-2030,2026,2601100763@gcekjr.ac.in,9911187893
2601100764,Bijayalaxmi Senapati,Female,Mineral Engineering,MEX,1st Year,2026-2030,2026,2601100764@gcekjr.ac.in,9350824572
2601100765,Nibedita Nayak,Female,Mineral Engineering,MEX,1st Year,2026-2030,2026,2601100765@gcekjr.ac.in,8057048637
2601100766,Rakesh Muduli,Male,Mineral Engineering,MEX,1st Year,2026-2030,2026,2601100766@gcekjr.ac.in,9577390636
2601100767,Alina Sethi,Female,Mineral Engineering,MEX,1st Year,2026-2030,2026,2601100767@gcekjr.ac.in,8812717396
2601100768,Pratyusha Pradhan,Female,Mineral Engineering,MEX,1st Year,2026-2030,2026,2601100768@gcekjr.ac.in,9060242533
2601100769,Lopamudra Panda,Female,Mineral Engineering,MEX,1st Year,2026-2030,2026,2601100769@gcekjr.ac.in,6401958808
2601100770,Abhishek Routray,Male,Mineral Engineering,MEX,1st Year,2026-2030,2026,2601100770@gcekjr.ac.in,7127338748
2601100771,Ipsita Behera,Female,Mineral Engineering,MEX,1st Year,2026-2030,2026,2601100771@gcekjr.ac.in,7262421905
2601100772,Kedar Biswal,Male,Mineral Engineering,MEX,1st Year,2026-2030,2026,2601100772@gcekjr.ac.in,8823462930
2601100773,Vikram Pati,Male,Mineral Engineering,MEX,1st Year,2026-2030,2026,2601100773@gcekjr.ac.in,8530870001
2601100774,Tapan Mohanty,Male,Mineral Engineering,MEX,1st Year,2026-2030,2026,2601100774@gcekjr.ac.in,7756966629
2601100775,Jagruti Giri,Female,Mineral Engineering,MEX,1st Year,2026-2030,2026,2601100775@gcekjr.ac.in,7443183150
2601100776,Amit Dash,Male,Mineral Engineering,MEX,1st Year,2026-2030,2026,2601100776@gcekjr.ac.in,6794048550
2601100777,Debjani Maharana,Female,Mineral Engineering,MEX,1st Year,2026-2030,2026,2601100777@gcekjr.ac.in,9331810906
2601100778,Harapriya Subudhi,Female,Mineral Engineering,MEX,1st Year,2026-2030,2026,2601100778@gcekjr.ac.in,9617633867
2601100779,Trilochan Majhi,Male,Mineral Engineering,MEX,1st Year,2026-2030,2026,2601100779@gcekjr.ac.in,8688386337
2601100780,Bibhu Kar,Male,Mineral Engineering,MEX,1st Year,2026-2030,2026,2601100780@gcekjr.ac.in,9113819296
2601100781,Lopamudra Muduli,Female,Mineral Engineering,MEX,1st Year,2026-2030,2026,2601100781@gcekjr.ac.in,8061997918
2601100782,Yashaswini Palei,Female,Mineral Engineering,MEX,1st Year,2026-2030,2026,2601100782@gcekjr.ac.in,7719392051
2601100783,Harekrushna Barik,Male,Mineral Engineering,MEX,1st Year,2026-2030,2026,2601100783@gcekjr.ac.in,9662896435
2601100784,Elina Jagadev,Female,Mineral Engineering,MEX,1st Year,2026-2030,2026,2601100784@gcekjr.ac.in,7549616501
2601100785,Kedar Bhoi,Male,Mineral Engineering,MEX,1st Year,2026-2030,2026,2601100785@gcekjr.ac.in,9656681644
2601100786,Himanshu Parida,Male,Mineral Engineering,MEX,1st Year,2026-2030,2026,2601100786@gcekjr.ac.in,9427020995
2601100787,Vandana Das,Female,Mineral Engineering,MEX,1st Year,2026-2030,2026,2601100787@gcekjr.ac.in,9421607762
2601100788,Ankit Parida,Male,Mineral Engineering,MEX,1st Year,2026-2030,2026,2601100788@gcekjr.ac.in,9508096417
2601100789,Sarita Pradhan,Female,Mineral Engineering,MEX,1st Year,2026-2030,2026,2601100789@gcekjr.ac.in,6582364693
2601100790,Rakesh Sethi,Male,Mineral Engineering,MEX,1st Year,2026-2030,2026,2601100790@gcekjr.ac.in,6949176383
2601100791,Gaurav Dash,Male,Mineral Engineering,MEX,1st Year,2026-2030,2026,2601100791@gcekjr.ac.in,7047701481
2601100792,Ankita Samal,Female,Mineral Engineering,MEX,1st Year,2026-2030,2026,2601100792@gcekjr.ac.in,8930865626
2601100793,Bikash Dey,Male,Mineral Engineering,MEX,1st Year,2026-2030,2026,2601100793@gcekjr.ac.in,9355505503
2601100794,Chinmay Kar,Male,Mineral Engineering,MEX,1st Year,2026-2030,2026,2601100794@gcekjr.ac.in,8813013088
2601100795,Gayatri Mishra,Female,Mineral Engineering,MEX,1st Year,2026-2030,2026,2601100795@gcekjr.ac.in,8093085021
2601100796,Bikash Acharya,Male,Mineral Engineering,MEX,1st Year,2026-2030,2026,2601100796@gcekjr.ac.in,7922414722
2601100797,Utkarsh Jagadev,Male,Mineral Engineering,MEX,1st Year,2026-2030,2026,2601100797@gcekjr.ac.in,7809099342
2601100798,Gyana Mohanty,Male,Mineral Engineering,MEX,1st Year,2026-2030,2026,2601100798@gcekjr.ac.in,7837274737
2601100799,Bikash Senapati,Male,Mineral Engineering,MEX,1st Year,2026-2030,2026,2601100799@gcekjr.ac.in,8705204647
2601100800,Ankit Acharya,Male,Mineral Engineering,MEX,1st Year,2026-2030,2026,2601100800@gcekjr.ac.in,9886553244
2601100801,Vandana Pati,Female,Mineral Engineering,MEX,1st Year,2026-2030,2026,2601100801@gcekjr.ac.in,7391417219
2601100802,Pratap Jagadev,Male,Mineral Engineering,MEX,1st Year,2026-2030,2026,2601100802@gcekjr.ac.in,9399091636
2601100803,Om Prava Jena,Female,Mineral Engineering,MEX,1st Year,2026-2030,2026,2601100803@gcekjr.ac.in,6799499173
2601100804,Hemant Dash,Male,Mineral Engineering,MEX,1st Year,2026-2030,2026,2601100804@gcekjr.ac.in,9934457692
2601100805,Mantu Jena,Male,Mineral Engineering,MEX,1st Year,2026-2030,2026,2601100805@gcekjr.ac.in,9121283649
2601100806,Manisha Samal,Female,Mineral Engineering,MEX,1st Year,2026-2030,2026,2601100806@gcekjr.ac.in,7955483163
2601100807,Harekrushna Palei,Male,Mineral Engineering,MEX,1st Year,2026-2030,2026,2601100807@gcekjr.ac.in,8758226006
2601100808,Bhagyashree Majhi,Female,Mineral Engineering,MEX,1st Year,2026-2030,2026,2601100808@gcekjr.ac.in,6523381959
2601100809,Subham Parida,Male,Mineral Engineering,MEX,1st Year,2026-2030,2026,2601100809@gcekjr.ac.in,9474383280
2601100810,Rashmita Dash,Female,Mineral Engineering,MEX,1st Year,2026-2030,2026,2601100810@gcekjr.ac.in,6923045256
2601100811,Sagar Dalai,Male,Mineral Engineering,MEX,1st Year,2026-2030,2026,2601100811@gcekjr.ac.in,6136282600
2601100812,Subham Dalai,Male,Mineral Engineering,MEX,1st Year,2026-2030,2026,2601100812@gcekjr.ac.in,8916680096
2601100813,Esha Mohanty,Female,Mineral Engineering,MEX,1st Year,2026-2030,2026,2601100813@gcekjr.ac.in,7114816185
2601100814,Itishree Naik,Female,Mineral Engineering,MEX,1st Year,2026-2030,2026,2601100814@gcekjr.ac.in,8168628000
2601100815,Chandan Swain,Male,Mineral Engineering,MEX,1st Year,2026-2030,2026,2601100815@gcekjr.ac.in,8792224213
2601100816,Debasmita Tripathy,Female,Mineral Engineering,MEX,1st Year,2026-2030,2026,2601100816@gcekjr.ac.in,6545063762
2601100817,Sagar Samal,Male,Mineral Engineering,MEX,1st Year,2026-2030,2026,2601100817@gcekjr.ac.in,6925935614
2601100818,Himanshu Sethi,Male,Mineral Engineering,MEX,1st Year,2026-2030,2026,2601100818@gcekjr.ac.in,6344491195
2601100819,Om Sahoo,Male,Mineral Engineering,MEX,1st Year,2026-2030,2026,2601100819@gcekjr.ac.in,7913364448
2601100820,Debasis Pati,Male,Mineral Engineering,MEX,1st Year,2026-2030,2026,2601100820@gcekjr.ac.in,6057895686
2601100821,Jyotsna Pati,Female,Mineral Engineering,MEX,1st Year,2026-2030,2026,2601100821@gcekjr.ac.in,9494720745
2601100822,Rajashree Tripathy,Female,Mineral Engineering,MEX,1st Year,2026-2030,2026,2601100822@gcekjr.ac.in,7868286750
2601100823,Vandana Naik,Female,Mineral Engineering,MEX,1st Year,2026-2030,2026,2601100823@gcekjr.ac.in,8914378559
2601100824,Lalatendu Panda,Male,Mineral Engineering,MEX,1st Year,2026-2030,2026,2601100824@gcekjr.ac.in,8589449711
2601100825,Kartik Pradhan,Male,Mineral Engineering,MEX,1st Year,2026-2030,2026,2601100825@gcekjr.ac.in,8878389050
2601100826,Yashaswini Maharana,Female,Mineral Engineering,MEX,1st Year,2026-2030,2026,2601100826@gcekjr.ac.in,7079121702
2601100827,Tapan Dey,Male,Mineral Engineering,MEX,1st Year,2026-2030,2026,2601100827@gcekjr.ac.in,8001928914
2601100828,Ujjwal Behera,Male,Mineral Engineering,MEX,1st Year,2026-2030,2026,2601100828@gcekjr.ac.in,9190241676
2601100829,Eshan Routray,Male,Mineral Engineering,MEX,1st Year,2026-2030,2026,2601100829@gcekjr.ac.in,7941674809
2601100830,Pratap Swain,Male,Mineral Engineering,MEX,1st Year,2026-2030,2026,2601100830@gcekjr.ac.in,8675507221
2601100831,Lopamudra Acharya,Female,Mineral Engineering,MEX,1st Year,2026-2030,2026,2601100831@gcekjr.ac.in,6368088713
2601100832,Debjani Dash,Female,Mineral Engineering,MEX,1st Year,2026-2030,2026,2601100832@gcekjr.ac.in,9575259324
2601100833,Deepak Acharya,Male,Mineral Engineering,MEX,1st Year,2026-2030,2026,2601100833@gcekjr.ac.in,8658176915
2601100834,Girish Subudhi,Male,Mineral Engineering,MEX,1st Year,2026-2030,2026,2601100834@gcekjr.ac.in,7460923827
2601100835,Ipsita Mohanty,Female,Mineral Engineering,MEX,1st Year,2026-2030,2026,2601100835@gcekjr.ac.in,6591373012
2601100836,Yashaswini Panda,Female,Mineral Engineering,MEX,1st Year,2026-2030,2026,2601100836@gcekjr.ac.in,9030187544
2601100837,Rajesh Mallick,Male,Mineral Engineering,MEX,1st Year,2026-2030,2026,2601100837@gcekjr.ac.in,7193180474
2601100838,Nibedita Senapati,Female,Mineral Engineering,MEX,1st Year,2026-2030,2026,2601100838@gcekjr.ac.in,8101821595
2601100839,Mantu Das,Male,Mineral Engineering,MEX,1st Year,2026-2030,2026,2601100839@gcekjr.ac.in,8318230405
2601100840,Nibedita Giri,Female,Mineral Engineering,MEX,1st Year,2026-2030,2026,2601100840@gcekjr.ac.in,7819687567
2601100841,Chinmay Mallick,Male,Mineral Engineering,MEX,1st Year,2026-2030,2026,2601100841@gcekjr.ac.in,6342798289
2601100842,Harekrushna Routray,Male,Mineral Engineering,MEX,1st Year,2026-2030,2026,2601100842@gcekjr.ac.in,6469740543
2601100843,Chandan Routray,Male,Mineral Engineering,MEX,1st Year,2026-2030,2026,2601100843@gcekjr.ac.in,9844588892
2601100844,Jitendra Sahu,Male,Mineral Engineering,MEX,1st Year,2026-2030,2026,2601100844@gcekjr.ac.in,8802329032
2601100845,Harapriya Muduli,Female,Mineral Engineering,MEX,1st Year,2026-2030,2026,2601100845@gcekjr.ac.in,9787354122
2601100846,Bibhu Jena,Male,Mineral Engineering,MEX,1st Year,2026-2030,2026,2601100846@gcekjr.ac.in,9756832640
2601100847,Pratap Acharya,Male,Mineral Engineering,MEX,1st Year,2026-2030,2026,2601100847@gcekjr.ac.in,7733017750
2601100848,Namrata Parida,Female,Mineral Engineering,MEX,1st Year,2026-2030,2026,2601100848@gcekjr.ac.in,8337592381
2601100849,Elina Patnaik,Female,Mineral Engineering,MEX,1st Year,2026-2030,2026,2601100849@gcekjr.ac.in,6565273880
2601100850,Biswajit Panda,Male,Mineral Engineering,MEX,1st Year,2026-2030,2026,2601100850@gcekjr.ac.in,9501378859
2601100851,Anita Panda,Female,Mineral Engineering,MEX,1st Year,2026-2030,2026,2601100851@gcekjr.ac.in,6884785673
2601100852,Utkarsh Kar,Male,Mineral Engineering,MEX,1st Year,2026-2030,2026,2601100852@gcekjr.ac.in,9705547858
2601100853,Monalisa Naik,Female,Mineral Engineering,MEX,1st Year,2026-2030,2026,2601100853@gcekjr.ac.in,9495555353
2601100854,Namrata Pradhan,Female,Mineral Engineering,MEX,1st Year,2026-2030,2026,2601100854@gcekjr.ac.in,8230541403
2601100855,Debasmita Sahoo,Female,Mineral Engineering,MEX,1st Year,2026-2030,2026,2601100855@gcekjr.ac.in,6229188365
2601100856,Jagannath Samal,Male,Mineral Engineering,MEX,1st Year,2026-2030,2026,2601100856@gcekjr.ac.in,9752297106
2601100857,Ipsit Mallick,Male,Mineral Engineering,MEX,1st Year,2026-2030,2026,2601100857@gcekjr.ac.in,7693807333
2601100858,Om Prava Majhi,Female,Mineral Engineering,MEX,1st Year,2026-2030,2026,2601100858@gcekjr.ac.in,7462958861
2601100859,Himanshu Muduli,Male,Mineral Engineering,MEX,1st Year,2026-2030,2026,2601100859@gcekjr.ac.in,6541163966
2601100860,Deepak Jagadev,Male,Mineral Engineering,MEX,1st Year,2026-2030,2026,2601100860@gcekjr.ac.in,7170432238
2601100861,Alina Pradhan,Female,Mineral Engineering,MEX,1st Year,2026-2030,2026,2601100861@gcekjr.ac.in,6798447108
2601100862,Anita Samal,Female,Mineral Engineering,MEX,1st Year,2026-2030,2026,2601100862@gcekjr.ac.in,9312845233
2601100863,Kartik Pradhan,Male,Mineral Engineering,MEX,1st Year,2026-2030,2026,2601100863@gcekjr.ac.in,6838601412
2601100864,Abhishek Routray,Male,Mineral Engineering,MEX,1st Year,2026-2030,2026,2601100864@gcekjr.ac.in,8778733073
2601100865,Rajashree Sethi,Female,Mineral Engineering,MEX,1st Year,2026-2030,2026,2601100865@gcekjr.ac.in,9531175370
2601100866,Om Prava Pradhan,Female,Mineral Engineering,MEX,1st Year,2026-2030,2026,2601100866@gcekjr.ac.in,7615916342
2601100867,Amit Hota,Male,Mineral Engineering,MEX,1st Year,2026-2030,2026,2601100867@gcekjr.ac.in,9294157742
2601100868,Tanmayee Mohanty,Female,Mineral Engineering,MEX,1st Year,2026-2030,2026,2601100868@gcekjr.ac.in,6667100159
2601100869,Harapriya Routray,Female,Mineral Engineering,MEX,1st Year,2026-2030,2026,2601100869@gcekjr.ac.in,7919147495
2601100870,Chinmay Parida,Male,Mineral Engineering,MEX,1st Year,2026-2030,2026,2601100870@gcekjr.ac.in,6911260859
2601100871,Hemalata Majhi,Female,Mineral Engineering,MEX,1st Year,2026-2030,2026,2601100871@gcekjr.ac.in,6325517812
2601100872,Yashaswini Sahoo,Female,Mineral Engineering,MEX,1st Year,2026-2030,2026,2601100872@gcekjr.ac.in,6348781949
2601100873,Esha Biswal,Female,Mineral Engineering,MEX,1st Year,2026-2030,2026,2601100873@gcekjr.ac.in,9152310183
2601100874,Sasmita Patnaik,Female,Mineral Engineering,MEX,1st Year,2026-2030,2026,2601100874@gcekjr.ac.in,6538593741
2601100875,Elina Routray,Female,Mineral Engineering,MEX,1st Year,2026-2030,2026,2601100875@gcekjr.ac.in,9415758982
2601100876,Chandrika Das,Female,Mineral Engineering,MEX,1st Year,2026-2030,2026,2601100876@gcekjr.ac.in,8871217919
2601100877,Yashaswini Samal,Female,Mineral Engineering,MEX,1st Year,2026-2030,2026,2601100877@gcekjr.ac.in,8263281364
2601100878,Eshan Senapati,Male,Mineral Engineering,MEX,1st Year,2026-2030,2026,2601100878@gcekjr.ac.in,6427690781
2601100879,Lokanath Mohanty,Male,Mineral Engineering,MEX,1st Year,2026-2030,2026,2601100879@gcekjr.ac.in,9943464690
2601100880,Debasis Palei,Male,Mineral Engineering,MEX,1st Year,2026-2030,2026,2601100880@gcekjr.ac.in,9230337250
2601100881,Ashutosh Panda,Male,Mineral Engineering,MEX,1st Year,2026-2030,2026,2601100881@gcekjr.ac.in,6767566000
2601100882,Aryan Das,Male,Mineral Engineering,MEX,1st Year,2026-2030,2026,2601100882@gcekjr.ac.in,8517627910
2601100883,Mantu Mishra,Male,Mineral Engineering,MEX,1st Year,2026-2030,2026,2601100883@gcekjr.ac.in,8063760825
2601100884,Girish Acharya,Male,Mineral Engineering,MEX,1st Year,2026-2030,2026,2601100884@gcekjr.ac.in,7066518841
2601100885,Debasis Sethi,Male,Mineral Engineering,MEX,1st Year,2026-2030,2026,2601100885@gcekjr.ac.in,6880789442
2601100886,Snigdha Majhi,Female,Mineral Engineering,MEX,1st Year,2026-2030,2026,2601100886@gcekjr.ac.in,8677379116
2601100887,Tanmayee Jena,Female,Mineral Engineering,MEX,1st Year,2026-2030,2026,2601100887@gcekjr.ac.in,9936361662
2601100888,Yashaswini Dalai,Female,Mineral Engineering,MEX,1st Year,2026-2030,2026,2601100888@gcekjr.ac.in,9882946086
2601100889,Biswajit Biswal,Male,Mineral Engineering,MEX,1st Year,2026-2030,2026,2601100889@gcekjr.ac.in,6835919601
2601100890,Kedar Naik,Male,Mineral Engineering,MEX,1st Year,2026-2030,2026,2601100890@gcekjr.ac.in,7252337956
2601100891,Bhagyashree Mallick,Female,Mineral Engineering,MEX,1st Year,2026-2030,2026,2601100891@gcekjr.ac.in,7029350200
2601100892,Pratyusha Das,Female,Mineral Engineering,MEX,1st Year,2026-2030,2026,2601100892@gcekjr.ac.in,9293565565
2601100893,Debasis Sahu,Male,Mineral Engineering,MEX,1st Year,2026-2030,2026,2601100893@gcekjr.ac.in,8215800463
2601100894,Nandini Biswal,Female,Mineral Engineering,MEX,1st Year,2026-2030,2026,2601100894@gcekjr.ac.in,8276238770
2601100895,Utkarsh Giri,Male,Mineral Engineering,MEX,1st Year,2026-2030,2026,2601100895@gcekjr.ac.in,7764336275
2601100896,Manas Pradhan,Male,Mineral Engineering,MEX,1st Year,2026-2030,2026,2601100896@gcekjr.ac.in,9859462111
2601100897,Kartik Hota,Male,Mineral Engineering,MEX,1st Year,2026-2030,2026,2601100897@gcekjr.ac.in,9690391573
2601100898,Eshan Das,Male,Mineral Engineering,MEX,1st Year,2026-2030,2026,2601100898@gcekjr.ac.in,8241656254
2601100899,Upasana Dey,Female,Mineral Engineering,MEX,1st Year,2026-2030,2026,2601100899@gcekjr.ac.in,8570131937
2601100900,Itish Samal,Male,Mineral Engineering,MEX,1st Year,2026-2030,2026,2601100900@gcekjr.ac.in,7999632055
2601100901,Namrata Tripathy,Female,Mineral Engineering,MEX,1st Year,2026-2030,2026,2601100901@gcekjr.ac.in,9102427316
2601100902,Niranjan Bhoi,Male,Mineral Engineering,MEX,1st Year,2026-2030,2026,2601100902@gcekjr.ac.in,7826124351
2601100903,Abhishek Behera,Male,Mineral Engineering,MEX,1st Year,2026-2030,2026,2601100903@gcekjr.ac.in,9481885752
2601100904,Pratap Jagadev,Male,Mineral Engineering,MEX,1st Year,2026-2030,2026,2601100904@gcekjr.ac.in,7337402502
2601100905,Usharani Barik,Female,Mineral Engineering,MEX,1st Year,2026-2030,2026,2601100905@gcekjr.ac.in,8223886530
2601100906,Amit Khuntia,Male,Mineral Engineering,MEX,1st Year,2026-2030,2026,2601100906@gcekjr.ac.in,8898178274
2601100907,Usharani Majhi,Female,Mineral Engineering,MEX,1st Year,2026-2030,2026,2601100907@gcekjr.ac.in,6373608816
2601100908,Hemant Bhoi,Male,Mineral Engineering,MEX,1st Year,2026-2030,2026,2601100908@gcekjr.ac.in,7182508897
2601100909,Sagar Biswal,Male,Mineral Engineering,MEX,1st Year,2026-2030,2026,2601100909@gcekjr.ac.in,8322774838
2601100910,Sushmita Palei,Female,Mineral Engineering,MEX,1st Year,2026-2030,2026,2601100910@gcekjr.ac.in,7620588230
2601100911,Nibedita Dey,Female,Mineral Engineering,MEX,1st Year,2026-2030,2026,2601100911@gcekjr.ac.in,9097988750
2601100912,Itishree Behera,Female,Mineral Engineering,MEX,1st Year,2026-2030,2026,2601100912@gcekjr.ac.in,8257009361
2601100913,Ujjwal Jagadev,Male,Mineral Engineering,MEX,1st Year,2026-2030,2026,2601100913@gcekjr.ac.in,6295143034
2601100914,Rajashree Senapati,Female,Mineral Engineering,MEX,1st Year,2026-2030,2026,2601100914@gcekjr.ac.in,8640563744
2601100915,Itish Naik,Male,Mineral Engineering,MEX,1st Year,2026-2030,2026,2601100915@gcekjr.ac.in,7488030956
2601100916,Bibhu Dalai,Male,Mineral Engineering,MEX,1st Year,2026-2030,2026,2601100916@gcekjr.ac.in,9089152599
2601100917,Deepak Muduli,Male,Mineral Engineering,MEX,1st Year,2026-2030,2026,2601100917@gcekjr.ac.in,6890976290
2601100918,Chinmay Pati,Male,Mineral Engineering,MEX,1st Year,2026-2030,2026,2601100918@gcekjr.ac.in,7118167238
2601100919,Ipsit Tripathy,Male,Mineral Engineering,MEX,1st Year,2026-2030,2026,2601100919@gcekjr.ac.in,9325687213
2601100920,Chinmayee Das,Female,Mineral Engineering,MEX,1st Year,2026-2030,2026,2601100920@gcekjr.ac.in,8081667266
2601100921,Debendra Sahu,Male,Mineral Engineering,MEX,1st Year,2026-2030,2026,2601100921@gcekjr.ac.in,9085757406
2601100922,Mantu Behera,Male,Mineral Engineering,MEX,1st Year,2026-2030,2026,2601100922@gcekjr.ac.in,8673495626
2601100923,Upasana Acharya,Female,Mineral Engineering,MEX,1st Year,2026-2030,2026,2601100923@gcekjr.ac.in,9297297662
2601100924,Debasis Naik,Male,Mineral Engineering,MEX,1st Year,2026-2030,2026,2601100924@gcekjr.ac.in,6000242745
2601100925,Tapan Hota,Male,Mineral Engineering,MEX,1st Year,2026-2030,2026,2601100925@gcekjr.ac.in,8208793654
2601100926,Jagannath Dash,Male,Mineral Engineering,MEX,1st Year,2026-2030,2026,2601100926@gcekjr.ac.in,9396892358
2601100927,Kanchan Palei,Female,Mineral Engineering,MEX,1st Year,2026-2030,2026,2601100927@gcekjr.ac.in,9467121572
2601100928,Vandana Mishra,Female,Mineral Engineering,MEX,1st Year,2026-2030,2026,2601100928@gcekjr.ac.in,8207880574
2601100929,Hemant Naik,Male,Mineral Engineering,MEX,1st Year,2026-2030,2026,2601100929@gcekjr.ac.in,7819421278
2601100930,Gaurav Naik,Male,Mineral Engineering,MEX,1st Year,2026-2030,2026,2601100930@gcekjr.ac.in,8586150915
2601100931,Kedar Bhoi,Male,Mineral Engineering,MEX,1st Year,2026-2030,2026,2601100931@gcekjr.ac.in,6900108375
2601100932,Namrata Maharana,Female,Mineral Engineering,MEX,1st Year,2026-2030,2026,2601100932@gcekjr.ac.in,6080688632
2601100933,Rohit Jena,Male,Mineral Engineering,MEX,1st Year,2026-2030,2026,2601100933@gcekjr.ac.in,7511229865
2601100934,Dibyajyoti Routray,Male,Mineral Engineering,MEX,1st Year,2026-2030,2026,2601100934@gcekjr.ac.in,8777031729
2601100935,Chinmayee Routray,Female,Mineral Engineering,MEX,1st Year,2026-2030,2026,2601100935@gcekjr.ac.in,8486680296
2601100936,Vivekananda Routray,Male,Mineral Engineering,MEX,1st Year,2026-2030,2026,2601100936@gcekjr.ac.in,8185816283
2601100937,Niranjan Naik,Male,Mineral Engineering,MEX,1st Year,2026-2030,2026,2601100937@gcekjr.ac.in,6888479891
2601100938,Harapriya Barik,Female,Mineral Engineering,MEX,1st Year,2026-2030,2026,2601100938@gcekjr.ac.in,8152691075
2601100939,Harapriya Parida,Female,Mineral Engineering,MEX,1st Year,2026-2030,2026,2601100939@gcekjr.ac.in,7848485688
2601100940,Elina Sahu,Female,Mineral Engineering,MEX,1st Year,2026-2030,2026,2601100940@gcekjr.ac.in,6510793392
2601100941,Bibhu Barik,Male,Mineral Engineering,MEX,1st Year,2026-2030,2026,2601100941@gcekjr.ac.in,8523614838
2601100942,Jagannath Subudhi,Male,Mineral Engineering,MEX,1st Year,2026-2030,2026,2601100942@gcekjr.ac.in,8134215696
2601100943,Abhishek Mishra,Male,Mineral Engineering,MEX,1st Year,2026-2030,2026,2601100943@gcekjr.ac.in,8043199678
2601100944,Dibyajyoti Tripathy,Male,Mineral Engineering,MEX,1st Year,2026-2030,2026,2601100944@gcekjr.ac.in,6825940572
2601100945,Eshan Majhi,Male,Mineral Engineering,MEX,1st Year,2026-2030,2026,2601100945@gcekjr.ac.in,7628835289
2601100946,Saroj Pradhan,Male,Mineral Engineering,MEX,1st Year,2026-2030,2026,2601100946@gcekjr.ac.in,6368411478
2601100947,Debasis Sethi,Male,Mineral Engineering,MEX,1st Year,2026-2030,2026,2601100947@gcekjr.ac.in,7898156233
2601100948,Chinmayee Barik,Female,Mineral Engineering,MEX,1st Year,2026-2030,2026,2601100948@gcekjr.ac.in,9638632359
2601100949,Debjani Maharana,Female,Mineral Engineering,MEX,1st Year,2026-2030,2026,2601100949@gcekjr.ac.in,9442345486
2601100950,Anita Routray,Female,Mineral Engineering,MEX,1st Year,2026-2030,2026,2601100950@gcekjr.ac.in,9655281880
2601100951,Kartik Dalai,Male,Mineral Engineering,MEX,1st Year,2026-2030,2026,2601100951@gcekjr.ac.in,6180348891
2601100952,Rakesh Jagadev,Male,Mineral Engineering,MEX,1st Year,2026-2030,2026,2601100952@gcekjr.ac.in,7747155435
2601100953,Bhagyashree Tripathy,Female,Mineral Engineering,MEX,1st Year,2026-2030,2026,2601100953@gcekjr.ac.in,6027347336
2601100954,Vivekananda Behera,Male,Mineral Engineering,MEX,1st Year,2026-2030,2026,2601100954@gcekjr.ac.in,8775544698
2601100955,Himanshu Mohanty,Male,Mineral Engineering,MEX,1st Year,2026-2030,2026,2601100955@gcekjr.ac.in,6842675371
2601100956,Ashutosh Rout,Male,Mineral Engineering,MEX,1st Year,2026-2030,2026,2601100956@gcekjr.ac.in,8028697074
2601100957,Gyana Sahu,Male,Mineral Engineering,MEX,1st Year,2026-2030,2026,2601100957@gcekjr.ac.in,8846596561
2601100958,Dibyajyoti Sethi,Male,Mineral Engineering,MEX,1st Year,2026-2030,2026,2601100958@gcekjr.ac.in,6449189029
2601100959,Harapriya Patnaik,Female,Mineral Engineering,MEX,1st Year,2026-2030,2026,2601100959@gcekjr.ac.in,7089323892
2601100960,Ipsit Sethi,Male,Mineral Engineering,MEX,1st Year,2026-2030,2026,2601100960@gcekjr.ac.in,8489405403
2601100961,Lalatendu Mohanty,Male,Mineral Engineering,MEX,1st Year,2026-2030,2026,2601100961@gcekjr.ac.in,7068321438
2601100962,Tapaswini Subudhi,Female,Mineral Engineering,MEX,1st Year,2026-2030,2026,2601100962@gcekjr.ac.in,8245468782
2601100963,Jagruti Dey,Female,Mineral Engineering,MEX,1st Year,2026-2030,2026,2601100963@gcekjr.ac.in,9143175853
2601100964,Gaurav Sahu,Male,Mineral Engineering,MEX,1st Year,2026-2030,2026,2601100964@gcekjr.ac.in,8549941346
2601100965,Tapan Muduli,Male,Mineral Engineering,MEX,1st Year,2026-2030,2026,2601100965@gcekjr.ac.in,6245070889
2601100966,Biswajit Das,Male,Mineral Engineering,MEX,1st Year,2026-2030,2026,2601100966@gcekjr.ac.in,7311409091
2601100967,Abhishek Barik,Male,Mineral Engineering,MEX,1st Year,2026-2030,2026,2601100967@gcekjr.ac.in,7203898304
2601100968,Om Prava Sahoo,Female,Mineral Engineering,MEX,1st Year,2026-2030,2026,2601100968@gcekjr.ac.in,9870000200
2601100969,Itishree Sethi,Female,Mineral Engineering,MEX,1st Year,2026-2030,2026,2601100969@gcekjr.ac.in,9122635339
2601100970,Ashutosh Parida,Male,Mineral Engineering,MEX,1st Year,2026-2030,2026,2601100970@gcekjr.ac.in,7729173370
2601100971,Girish Giri,Male,Mineral Engineering,MEX,1st Year,2026-2030,2026,2601100971@gcekjr.ac.in,7391809119
2601100972,Harekrushna Muduli,Male,Mineral Engineering,MEX,1st Year,2026-2030,2026,2601100972@gcekjr.ac.in,9256501483
2601100973,Chandrika Panda,Female,Mineral Engineering,MEX,1st Year,2026-2030,2026,2601100973@gcekjr.ac.in,7254427541
2601100974,Ujjwal Panda,Male,Mineral Engineering,MEX,1st Year,2026-2030,2026,2601100974@gcekjr.ac.in,7947718364
2601100975,Lalatendu Parida,Male,Mineral Engineering,MEX,1st Year,2026-2030,2026,2601100975@gcekjr.ac.in,8106927256
2601100976,Utkarsh Das,Male,Mineral Engineering,MEX,1st Year,2026-2030,2026,2601100976@gcekjr.ac.in,8101257536
2601100977,Utkarsh Biswal,Male,Mineral Engineering,MEX,1st Year,2026-2030,2026,2601100977@gcekjr.ac.in,8741349021
2601100978,Chinmay Hota,Male,Mineral Engineering,MEX,1st Year,2026-2030,2026,2601100978@gcekjr.ac.in,6066402178
2601100979,Nabin Mishra,Male,Mineral Engineering,MEX,1st Year,2026-2030,2026,2601100979@gcekjr.ac.in,7102260647
2601100980,Rajesh Kar,Male,Mineral Engineering,MEX,1st Year,2026-2030,2026,2601100980@gcekjr.ac.in,7078254740
2601100981,Kajal Parida,Female,Mineral Engineering,MEX,1st Year,2026-2030,2026,2601100981@gcekjr.ac.in,6840220737
2601100982,Om Prava Bhoi,Female,Mineral Engineering,MEX,1st Year,2026-2030,2026,2601100982@gcekjr.ac.in,8390953559
2601100983,Abhishek Kar,Male,Mineral Engineering,MEX,1st Year,2026-2030,2026,2601100983@gcekjr.ac.in,9142189298
2601100984,Abhishek Pradhan,Male,Mineral Engineering,MEX,1st Year,2026-2030,2026,2601100984@gcekjr.ac.in,7294266780
2601100985,Alina Mallick,Female,Mineral Engineering,MEX,1st Year,2026-2030,2026,2601100985@gcekjr.ac.in,7063537614
2601100986,Himanshu Dey,Male,Mineral Engineering,MEX,1st Year,2026-2030,2026,2601100986@gcekjr.ac.in,7683652017
2601100987,Chinmayee Patnaik,Female,Mineral Engineering,MEX,1st Year,2026-2030,2026,2601100987@gcekjr.ac.in,9413378442
2601100988,Manas Subudhi,Male,Mineral Engineering,MEX,1st Year,2026-2030,2026,2601100988@gcekjr.ac.in,8469288496
2601100989,Tapan Pradhan,Male,Mineral Engineering,MEX,1st Year,2026-2030,2026,2601100989@gcekjr.ac.in,9303637658
2601100990,Anita Acharya,Female,Mineral Engineering,MEX,1st Year,2026-2030,2026,2601100990@gcekjr.ac.in,9466526610
2601100991,Chinmay Pati,Male,Mineral Engineering,MEX,1st Year,2026-2030,2026,2601100991@gcekjr.ac.in,9225441841
2601100992,Om Naik,Male,Mineral Engineering,MEX,1st Year,2026-2030,2026,2601100992@gcekjr.ac.in,6928529274
2601100993,Itish Rout,Male,Mineral Engineering,MEX,1st Year,2026-2030,2026,2601100993@gcekjr.ac.in,7555918612
2601100994,Vandana Muduli,Female,Mineral Engineering,MEX,1st Year,2026-2030,2026,2601100994@gcekjr.ac.in,9606091979
2601100995,Chandrika Khuntia,Female,Mineral Engineering,MEX,1st Year,2026-2030,2026,2601100995@gcekjr.ac.in,9335220264
2601100996,Mantu Pati,Male,Mineral Engineering,MEX,1st Year,2026-2030,2026,2601100996@gcekjr.ac.in,7993636443
2601100997,Hemalata Dalai,Female,Mineral Engineering,MEX,1st Year,2026-2030,2026,2601100997@gcekjr.ac.in,6643174713
2601100998,Ankita Panda,Female,Mineral Engineering,MEX,1st Year,2026-2030,2026,2601100998@gcekjr.ac.in,6606578315
2601100999,Jitendra Pati,Male,Mineral Engineering,MEX,1st Year,2026-2030,2026,2601100999@gcekjr.ac.in,9943693328
2601101000,Nabin Routray,Male,Mineral Engineering,MEX,1st Year,2026-2030,2026,2601101000@gcekjr.ac.in,6346995799
2601101001,Bijayalaxmi Samal,Female,Mechanical Engineering,ME,1st Year,2026-2030,2026,2601101001@gcekjr.ac.in,7944962290
2601101002,Debasmita Kar,Female,Mechanical Engineering,ME,1st Year,2026-2030,2026,2601101002@gcekjr.ac.in,7949519272
2601101003,Eshan Parida,Male,Mechanical Engineering,ME,1st Year,2026-2030,2026,2601101003@gcekjr.ac.in,8364255625
2601101004,Pragyan Maharana,Female,Mechanical Engineering,ME,1st Year,2026-2030,2026,2601101004@gcekjr.ac.in,8351515898
2601101005,Nandini Barik,Female,Mechanical Engineering,ME,1st Year,2026-2030,2026,2601101005@gcekjr.ac.in,9942020617
2601101006,Subham Bhoi,Male,Mechanical Engineering,ME,1st Year,2026-2030,2026,2601101006@gcekjr.ac.in,8907364064
2601101007,Nandini Samal,Female,Mechanical Engineering,ME,1st Year,2026-2030,2026,2601101007@gcekjr.ac.in,7057835017
2601101008,Rajashree Swain,Female,Mechanical Engineering,ME,1st Year,2026-2030,2026,2601101008@gcekjr.ac.in,7385624844
2601101009,Biswajit Rout,Male,Mechanical Engineering,ME,1st Year,2026-2030,2026,2601101009@gcekjr.ac.in,6357434081
2601101010,Yashaswini Nayak,Female,Mechanical Engineering,ME,1st Year,2026-2030,2026,2601101010@gcekjr.ac.in,8325960476
2601101011,Biswajit Biswal,Male,Mechanical Engineering,ME,1st Year,2026-2030,2026,2601101011@gcekjr.ac.in,6631232061
2601101012,Manas Hota,Male,Mechanical Engineering,ME,1st Year,2026-2030,2026,2601101012@gcekjr.ac.in,7607936981
2601101013,Sarita Hota,Female,Mechanical Engineering,ME,1st Year,2026-2030,2026,2601101013@gcekjr.ac.in,9452216143
2601101014,Snigdha Jagadev,Female,Mechanical Engineering,ME,1st Year,2026-2030,2026,2601101014@gcekjr.ac.in,6689549169
2601101015,Lokanath Pati,Male,Mechanical Engineering,ME,1st Year,2026-2030,2026,2601101015@gcekjr.ac.in,8207812251
2601101016,Madhusmita Palei,Female,Mechanical Engineering,ME,1st Year,2026-2030,2026,2601101016@gcekjr.ac.in,9942366466
2601101017,Chandrika Jagadev,Female,Mechanical Engineering,ME,1st Year,2026-2030,2026,2601101017@gcekjr.ac.in,8061384624
2601101018,Ujjwal Jagadev,Male,Mechanical Engineering,ME,1st Year,2026-2030,2026,2601101018@gcekjr.ac.in,9876733611
2601101019,Bijayalaxmi Senapati,Female,Mechanical Engineering,ME,1st Year,2026-2030,2026,2601101019@gcekjr.ac.in,6883078837
2601101020,Nabin Kar,Male,Mechanical Engineering,ME,1st Year,2026-2030,2026,2601101020@gcekjr.ac.in,8301943725
2601101021,Tanmayee Sahu,Female,Mechanical Engineering,ME,1st Year,2026-2030,2026,2601101021@gcekjr.ac.in,8881718502
2601101022,Sagar Acharya,Male,Mechanical Engineering,ME,1st Year,2026-2030,2026,2601101022@gcekjr.ac.in,8257323693
2601101023,Gaurav Routray,Male,Mechanical Engineering,ME,1st Year,2026-2030,2026,2601101023@gcekjr.ac.in,8319657412
2601101024,Itish Pradhan,Male,Mechanical Engineering,ME,1st Year,2026-2030,2026,2601101024@gcekjr.ac.in,6139126245
2601101025,Rajesh Sahoo,Male,Mechanical Engineering,ME,1st Year,2026-2030,2026,2601101025@gcekjr.ac.in,7475121776
2601101026,Yashaswini Mohanty,Female,Mechanical Engineering,ME,1st Year,2026-2030,2026,2601101026@gcekjr.ac.in,8708597921
2601101027,Vivekananda Samal,Male,Mechanical Engineering,ME,1st Year,2026-2030,2026,2601101027@gcekjr.ac.in,7540527895
2601101028,Debasis Dalai,Male,Mechanical Engineering,ME,1st Year,2026-2030,2026,2601101028@gcekjr.ac.in,7445881907
2601101029,Trilochan Jena,Male,Mechanical Engineering,ME,1st Year,2026-2030,2026,2601101029@gcekjr.ac.in,6832518389
2601101030,Ashutosh Jagadev,Male,Mechanical Engineering,ME,1st Year,2026-2030,2026,2601101030@gcekjr.ac.in,6541050676
2601101031,Deepak Panda,Male,Mechanical Engineering,ME,1st Year,2026-2030,2026,2601101031@gcekjr.ac.in,8534958675
2601101032,Namrata Senapati,Female,Mechanical Engineering,ME,1st Year,2026-2030,2026,2601101032@gcekjr.ac.in,6350804477
2601101033,Niranjan Pati,Male,Mechanical Engineering,ME,1st Year,2026-2030,2026,2601101033@gcekjr.ac.in,7255038206
2601101034,Om Pradhan,Male,Mechanical Engineering,ME,1st Year,2026-2030,2026,2601101034@gcekjr.ac.in,6996835214
2601101035,Jagannath Mallick,Male,Mechanical Engineering,ME,1st Year,2026-2030,2026,2601101035@gcekjr.ac.in,6530464508
2601101036,Ujjwal Majhi,Male,Mechanical Engineering,ME,1st Year,2026-2030,2026,2601101036@gcekjr.ac.in,7109309763
2601101037,Anita Patnaik,Female,Mechanical Engineering,ME,1st Year,2026-2030,2026,2601101037@gcekjr.ac.in,7715542870
2601101038,Himanshu Giri,Male,Mechanical Engineering,ME,1st Year,2026-2030,2026,2601101038@gcekjr.ac.in,8442906676
2601101039,Saroj Hota,Male,Mechanical Engineering,ME,1st Year,2026-2030,2026,2601101039@gcekjr.ac.in,6922627981
2601101040,Usharani Sahu,Female,Mechanical Engineering,ME,1st Year,2026-2030,2026,2601101040@gcekjr.ac.in,9930840707
2601101041,Aryan Maharana,Male,Mechanical Engineering,ME,1st Year,2026-2030,2026,2601101041@gcekjr.ac.in,6031734195
2601101042,Bhagyashree Tripathy,Female,Mechanical Engineering,ME,1st Year,2026-2030,2026,2601101042@gcekjr.ac.in,7247573093
2601101043,Madhusmita Swain,Female,Mechanical Engineering,ME,1st Year,2026-2030,2026,2601101043@gcekjr.ac.in,9379968933
2601101044,Debendra Sahoo,Male,Mechanical Engineering,ME,1st Year,2026-2030,2026,2601101044@gcekjr.ac.in,9826865993
2601101045,Bhagyashree Maharana,Female,Mechanical Engineering,ME,1st Year,2026-2030,2026,2601101045@gcekjr.ac.in,7852253547
2601101046,Kanchan Samal,Female,Mechanical Engineering,ME,1st Year,2026-2030,2026,2601101046@gcekjr.ac.in,9188689624
2601101047,Rajesh Dash,Male,Mechanical Engineering,ME,1st Year,2026-2030,2026,2601101047@gcekjr.ac.in,8969135628
2601101048,Ujjwal Maharana,Male,Mechanical Engineering,ME,1st Year,2026-2030,2026,2601101048@gcekjr.ac.in,8550855732
2601101049,Mantu Senapati,Male,Mechanical Engineering,ME,1st Year,2026-2030,2026,2601101049@gcekjr.ac.in,6477947438
2601101050,Abhishek Dash,Male,Mechanical Engineering,ME,1st Year,2026-2030,2026,2601101050@gcekjr.ac.in,7715434262
2601101051,Amit Sahoo,Male,Mechanical Engineering,ME,1st Year,2026-2030,2026,2601101051@gcekjr.ac.in,7666828133
2601101052,Sagar Giri,Male,Mechanical Engineering,ME,1st Year,2026-2030,2026,2601101052@gcekjr.ac.in,8335029141
2601101053,Jitendra Pati,Male,Mechanical Engineering,ME,1st Year,2026-2030,2026,2601101053@gcekjr.ac.in,7551777473
2601101054,Sushmita Subudhi,Female,Mechanical Engineering,ME,1st Year,2026-2030,2026,2601101054@gcekjr.ac.in,7450717551
2601101055,Bhagyashree Sahu,Female,Mechanical Engineering,ME,1st Year,2026-2030,2026,2601101055@gcekjr.ac.in,9335206935
2601101056,Nandini Swain,Female,Mechanical Engineering,ME,1st Year,2026-2030,2026,2601101056@gcekjr.ac.in,6334886260
2601101057,Chinmay Muduli,Male,Mechanical Engineering,ME,1st Year,2026-2030,2026,2601101057@gcekjr.ac.in,6032912871
2601101058,Jitendra Sahoo,Male,Mechanical Engineering,ME,1st Year,2026-2030,2026,2601101058@gcekjr.ac.in,8931041042
2601101059,Namrata Sahoo,Female,Mechanical Engineering,ME,1st Year,2026-2030,2026,2601101059@gcekjr.ac.in,7487235779
2601101060,Gyana Naik,Male,Mechanical Engineering,ME,1st Year,2026-2030,2026,2601101060@gcekjr.ac.in,8861989259
2601101061,Om Prava Khuntia,Female,Mechanical Engineering,ME,1st Year,2026-2030,2026,2601101061@gcekjr.ac.in,6486272383
2601101062,Tapaswini Khuntia,Female,Mechanical Engineering,ME,1st Year,2026-2030,2026,2601101062@gcekjr.ac.in,7159555266
2601101063,Niranjan Behera,Male,Mechanical Engineering,ME,1st Year,2026-2030,2026,2601101063@gcekjr.ac.in,9648588152
2601101064,Debasmita Acharya,Female,Mechanical Engineering,ME,1st Year,2026-2030,2026,2601101064@gcekjr.ac.in,6280197241
2601101065,Lopamudra Giri,Female,Mechanical Engineering,ME,1st Year,2026-2030,2026,2601101065@gcekjr.ac.in,7435980910
2601101066,Niranjan Biswal,Male,Mechanical Engineering,ME,1st Year,2026-2030,2026,2601101066@gcekjr.ac.in,7876783208
2601101067,Chinmayee Sahu,Female,Mechanical Engineering,ME,1st Year,2026-2030,2026,2601101067@gcekjr.ac.in,8565759595
2601101068,Rajesh Tripathy,Male,Mechanical Engineering,ME,1st Year,2026-2030,2026,2601101068@gcekjr.ac.in,7454550924
2601101069,Sasmita Panda,Female,Mechanical Engineering,ME,1st Year,2026-2030,2026,2601101069@gcekjr.ac.in,9531098002
2601101070,Kedar Behera,Male,Mechanical Engineering,ME,1st Year,2026-2030,2026,2601101070@gcekjr.ac.in,8227262965
2601101071,Ankit Palei,Male,Mechanical Engineering,ME,1st Year,2026-2030,2026,2601101071@gcekjr.ac.in,8043477712
2601101072,Aryan Pati,Male,Mechanical Engineering,ME,1st Year,2026-2030,2026,2601101072@gcekjr.ac.in,7522574454
2601101073,Kajal Jena,Female,Mechanical Engineering,ME,1st Year,2026-2030,2026,2601101073@gcekjr.ac.in,6129028335
2601101074,Eshan Mallick,Male,Mechanical Engineering,ME,1st Year,2026-2030,2026,2601101074@gcekjr.ac.in,9855798223
2601101075,Ipsita Das,Female,Mechanical Engineering,ME,1st Year,2026-2030,2026,2601101075@gcekjr.ac.in,9456002599
2601101076,Snigdha Tripathy,Female,Mechanical Engineering,ME,1st Year,2026-2030,2026,2601101076@gcekjr.ac.in,7213826388
2601101077,Om Sahu,Male,Mechanical Engineering,ME,1st Year,2026-2030,2026,2601101077@gcekjr.ac.in,8596510373
2601101078,Namrata Muduli,Female,Mechanical Engineering,ME,1st Year,2026-2030,2026,2601101078@gcekjr.ac.in,7336583027
2601101079,Rakesh Naik,Male,Mechanical Engineering,ME,1st Year,2026-2030,2026,2601101079@gcekjr.ac.in,8633202723
2601101080,Pratap Palei,Male,Mechanical Engineering,ME,1st Year,2026-2030,2026,2601101080@gcekjr.ac.in,7645085107
2601101081,Gaurav Rout,Male,Mechanical Engineering,ME,1st Year,2026-2030,2026,2601101081@gcekjr.ac.in,9806032450
2601101082,Mantu Biswal,Male,Mechanical Engineering,ME,1st Year,2026-2030,2026,2601101082@gcekjr.ac.in,8857825422
2601101083,Chandan Dash,Male,Mechanical Engineering,ME,1st Year,2026-2030,2026,2601101083@gcekjr.ac.in,7198386193
2601101084,Dibyajyoti Biswal,Male,Mechanical Engineering,ME,1st Year,2026-2030,2026,2601101084@gcekjr.ac.in,6604918906
2601101085,Upasana Dash,Female,Mechanical Engineering,ME,1st Year,2026-2030,2026,2601101085@gcekjr.ac.in,7740097654
2601101086,Varsha Rout,Female,Mechanical Engineering,ME,1st Year,2026-2030,2026,2601101086@gcekjr.ac.in,8304928501
2601101087,Bibhu Panda,Male,Mechanical Engineering,ME,1st Year,2026-2030,2026,2601101087@gcekjr.ac.in,7851864799
2601101088,Yashaswini Patnaik,Female,Mechanical Engineering,ME,1st Year,2026-2030,2026,2601101088@gcekjr.ac.in,7340346125
2601101089,Ashutosh Mallick,Male,Mechanical Engineering,ME,1st Year,2026-2030,2026,2601101089@gcekjr.ac.in,7852058090
2601101090,Rohit Subudhi,Male,Mechanical Engineering,ME,1st Year,2026-2030,2026,2601101090@gcekjr.ac.in,9036141413
2601101091,Yash Dalai,Male,Mechanical Engineering,ME,1st Year,2026-2030,2026,2601101091@gcekjr.ac.in,6100739945
2601101092,Gyana Das,Male,Mechanical Engineering,ME,1st Year,2026-2030,2026,2601101092@gcekjr.ac.in,7875263633
2601101093,Jagruti Palei,Female,Mechanical Engineering,ME,1st Year,2026-2030,2026,2601101093@gcekjr.ac.in,8444905629
2601101094,Sushmita Tripathy,Female,Mechanical Engineering,ME,1st Year,2026-2030,2026,2601101094@gcekjr.ac.in,6845623142
2601101095,Snigdha Pati,Female,Mechanical Engineering,ME,1st Year,2026-2030,2026,2601101095@gcekjr.ac.in,7713218084
2601101096,Elina Mallick,Female,Mechanical Engineering,ME,1st Year,2026-2030,2026,2601101096@gcekjr.ac.in,9403146841
2601101097,Ujjwal Dash,Male,Mechanical Engineering,ME,1st Year,2026-2030,2026,2601101097@gcekjr.ac.in,7073925143
2601101098,Gaurav Swain,Male,Mechanical Engineering,ME,1st Year,2026-2030,2026,2601101098@gcekjr.ac.in,6217417135
2601101099,Himanshu Patnaik,Male,Mechanical Engineering,ME,1st Year,2026-2030,2026,2601101099@gcekjr.ac.in,6502154076
2601101100,Ashutosh Sahu,Male,Mechanical Engineering,ME,1st Year,2026-2030,2026,2601101100@gcekjr.ac.in,7453377210
2601101101,Debasis Mohanty,Male,Mechanical Engineering,ME,1st Year,2026-2030,2026,2601101101@gcekjr.ac.in,6879358560
2601101102,Biswajit Sethi,Male,Mechanical Engineering,ME,1st Year,2026-2030,2026,2601101102@gcekjr.ac.in,9476101294
2601101103,Sasmita Bhoi,Female,Mechanical Engineering,ME,1st Year,2026-2030,2026,2601101103@gcekjr.ac.in,8393971760
2601101104,Vikram Swain,Male,Mechanical Engineering,ME,1st Year,2026-2030,2026,2601101104@gcekjr.ac.in,9190294549
2601101105,Rashmita Palei,Female,Mechanical Engineering,ME,1st Year,2026-2030,2026,2601101105@gcekjr.ac.in,8309916228
2601101106,Vikram Khuntia,Male,Mechanical Engineering,ME,1st Year,2026-2030,2026,2601101106@gcekjr.ac.in,7997004489
2601101107,Trupti Sahu,Female,Mechanical Engineering,ME,1st Year,2026-2030,2026,2601101107@gcekjr.ac.in,6815511536
2601101108,Gyana Sahoo,Male,Mechanical Engineering,ME,1st Year,2026-2030,2026,2601101108@gcekjr.ac.in,7293189101
2601101109,Jagannath Palei,Male,Mechanical Engineering,ME,1st Year,2026-2030,2026,2601101109@gcekjr.ac.in,6123191703
2601101110,Harapriya Palei,Female,Mechanical Engineering,ME,1st Year,2026-2030,2026,2601101110@gcekjr.ac.in,8790959836
2601101111,Himanshu Sethi,Male,Mechanical Engineering,ME,1st Year,2026-2030,2026,2601101111@gcekjr.ac.in,8893129573
2601101112,Priyanka Barik,Female,Mechanical Engineering,ME,1st Year,2026-2030,2026,2601101112@gcekjr.ac.in,8318780052
2601101113,Rajesh Giri,Male,Mechanical Engineering,ME,1st Year,2026-2030,2026,2601101113@gcekjr.ac.in,8500194398
2601101114,Bikash Das,Male,Mechanical Engineering,ME,1st Year,2026-2030,2026,2601101114@gcekjr.ac.in,7216668014
2601101115,Gyana Parida,Male,Mechanical Engineering,ME,1st Year,2026-2030,2026,2601101115@gcekjr.ac.in,9921242396
2601101116,Yash Mishra,Male,Mechanical Engineering,ME,1st Year,2026-2030,2026,2601101116@gcekjr.ac.in,7824126268
2601101117,Yash Barik,Male,Mechanical Engineering,ME,1st Year,2026-2030,2026,2601101117@gcekjr.ac.in,9671918528
2601101118,Jyotsna Giri,Female,Mechanical Engineering,ME,1st Year,2026-2030,2026,2601101118@gcekjr.ac.in,7507331585
2601101119,Itishree Pradhan,Female,Mechanical Engineering,ME,1st Year,2026-2030,2026,2601101119@gcekjr.ac.in,7334324164
2601101120,Eshan Subudhi,Male,Mechanical Engineering,ME,1st Year,2026-2030,2026,2601101120@gcekjr.ac.in,9032969174
2601101121,Ankita Barik,Female,Mechanical Engineering,ME,1st Year,2026-2030,2026,2601101121@gcekjr.ac.in,9994432139
2601101122,Chandan Khuntia,Male,Mechanical Engineering,ME,1st Year,2026-2030,2026,2601101122@gcekjr.ac.in,7499046930
2601101123,Trilochan Dey,Male,Mechanical Engineering,ME,1st Year,2026-2030,2026,2601101123@gcekjr.ac.in,6441433028
2601101124,Bhagyashree Behera,Female,Mechanical Engineering,ME,1st Year,2026-2030,2026,2601101124@gcekjr.ac.in,8845206217
2601101125,Bibhu Behera,Male,Mechanical Engineering,ME,1st Year,2026-2030,2026,2601101125@gcekjr.ac.in,7135012807
2601101126,Debjani Dash,Female,Mechanical Engineering,ME,1st Year,2026-2030,2026,2601101126@gcekjr.ac.in,7843619046
2601101127,Upasana Nayak,Female,Mechanical Engineering,ME,1st Year,2026-2030,2026,2601101127@gcekjr.ac.in,7964033234
2601101128,Kartik Bhoi,Male,Mechanical Engineering,ME,1st Year,2026-2030,2026,2601101128@gcekjr.ac.in,8524894840
2601101129,Itishree Routray,Female,Mechanical Engineering,ME,1st Year,2026-2030,2026,2601101129@gcekjr.ac.in,9155023372
2601101130,Gayatri Subudhi,Female,Mechanical Engineering,ME,1st Year,2026-2030,2026,2601101130@gcekjr.ac.in,7927023145
2601101131,Yashaswini Hota,Female,Mechanical Engineering,ME,1st Year,2026-2030,2026,2601101131@gcekjr.ac.in,9485723056
2601101132,Trilochan Nayak,Male,Mechanical Engineering,ME,1st Year,2026-2030,2026,2601101132@gcekjr.ac.in,6048385747
2601101133,Nabin Das,Male,Mechanical Engineering,ME,1st Year,2026-2030,2026,2601101133@gcekjr.ac.in,9835703927
2601101134,Ankita Nayak,Female,Mechanical Engineering,ME,1st Year,2026-2030,2026,2601101134@gcekjr.ac.in,8935387325
2601101135,Harekrushna Rout,Male,Mechanical Engineering,ME,1st Year,2026-2030,2026,2601101135@gcekjr.ac.in,7691867982
2601101136,Kanchan Das,Female,Mechanical Engineering,ME,1st Year,2026-2030,2026,2601101136@gcekjr.ac.in,9306983037
2601101137,Sagar Samal,Male,Mechanical Engineering,ME,1st Year,2026-2030,2026,2601101137@gcekjr.ac.in,8268903497
2601101138,Biswajit Sahoo,Male,Mechanical Engineering,ME,1st Year,2026-2030,2026,2601101138@gcekjr.ac.in,7877585430
2601101139,Biswajit Panda,Male,Mechanical Engineering,ME,1st Year,2026-2030,2026,2601101139@gcekjr.ac.in,6772958220
2601101140,Subham Parida,Male,Mechanical Engineering,ME,1st Year,2026-2030,2026,2601101140@gcekjr.ac.in,8362903166
2601101141,Ipsit Behera,Male,Mechanical Engineering,ME,1st Year,2026-2030,2026,2601101141@gcekjr.ac.in,8629824746
2601101142,Subham Mallick,Male,Mechanical Engineering,ME,1st Year,2026-2030,2026,2601101142@gcekjr.ac.in,6460035608
2601101143,Sagar Patnaik,Male,Mechanical Engineering,ME,1st Year,2026-2030,2026,2601101143@gcekjr.ac.in,7404387401
2601101144,Rakesh Rout,Male,Mechanical Engineering,ME,1st Year,2026-2030,2026,2601101144@gcekjr.ac.in,8995804424
2601101145,Tapan Giri,Male,Mechanical Engineering,ME,1st Year,2026-2030,2026,2601101145@gcekjr.ac.in,8520040452
2601101146,Vikram Kar,Male,Mechanical Engineering,ME,1st Year,2026-2030,2026,2601101146@gcekjr.ac.in,6243836261
2601101147,Pratap Sethi,Male,Mechanical Engineering,ME,1st Year,2026-2030,2026,2601101147@gcekjr.ac.in,6490415097
2601101148,Deepak Swain,Male,Mechanical Engineering,ME,1st Year,2026-2030,2026,2601101148@gcekjr.ac.in,8542573181
2601101149,Girish Hota,Male,Mechanical Engineering,ME,1st Year,2026-2030,2026,2601101149@gcekjr.ac.in,8638554569
2601101150,Elina Sahoo,Female,Mechanical Engineering,ME,1st Year,2026-2030,2026,2601101150@gcekjr.ac.in,9149507153
2601101151,Manas Dalai,Male,Mechanical Engineering,ME,1st Year,2026-2030,2026,2601101151@gcekjr.ac.in,8204572638
2601101152,Biswajit Das,Male,Mechanical Engineering,ME,1st Year,2026-2030,2026,2601101152@gcekjr.ac.in,8020642456
2601101153,Manas Pradhan,Male,Mechanical Engineering,ME,1st Year,2026-2030,2026,2601101153@gcekjr.ac.in,9755562793
2601101154,Vikram Samal,Male,Mechanical Engineering,ME,1st Year,2026-2030,2026,2601101154@gcekjr.ac.in,7814236991
2601101155,Pratap Dey,Male,Mechanical Engineering,ME,1st Year,2026-2030,2026,2601101155@gcekjr.ac.in,8733199637
2601101156,Sasmita Mishra,Female,Mechanical Engineering,ME,1st Year,2026-2030,2026,2601101156@gcekjr.ac.in,7744257971
2601101157,Gaurav Sethi,Male,Mechanical Engineering,ME,1st Year,2026-2030,2026,2601101157@gcekjr.ac.in,8507299998
2601101158,Jagannath Dash,Male,Mechanical Engineering,ME,1st Year,2026-2030,2026,2601101158@gcekjr.ac.in,8615038389
2601101159,Nandini Kar,Female,Mechanical Engineering,ME,1st Year,2026-2030,2026,2601101159@gcekjr.ac.in,8580112203
2601101160,Yashaswini Maharana,Female,Mechanical Engineering,ME,1st Year,2026-2030,2026,2601101160@gcekjr.ac.in,6649545176
2601101161,Aryan Sethi,Male,Mechanical Engineering,ME,1st Year,2026-2030,2026,2601101161@gcekjr.ac.in,6977248858
2601101162,Upasana Barik,Female,Mechanical Engineering,ME,1st Year,2026-2030,2026,2601101162@gcekjr.ac.in,7386647470
2601101163,Biswajit Nayak,Male,Mechanical Engineering,ME,1st Year,2026-2030,2026,2601101163@gcekjr.ac.in,8597292955
2601101164,Debjani Rout,Female,Mechanical Engineering,ME,1st Year,2026-2030,2026,2601101164@gcekjr.ac.in,8301219874
2601101165,Chinmayee Jena,Female,Mechanical Engineering,ME,1st Year,2026-2030,2026,2601101165@gcekjr.ac.in,6444227982
2601101166,Rakesh Samal,Male,Mechanical Engineering,ME,1st Year,2026-2030,2026,2601101166@gcekjr.ac.in,8433260967
2601101167,Hemant Giri,Male,Mechanical Engineering,ME,1st Year,2026-2030,2026,2601101167@gcekjr.ac.in,7840745910
2601101168,Yashaswini Behera,Female,Mechanical Engineering,ME,1st Year,2026-2030,2026,2601101168@gcekjr.ac.in,9114800030
2601101169,Ankit Nayak,Male,Mechanical Engineering,ME,1st Year,2026-2030,2026,2601101169@gcekjr.ac.in,9381396017
2601101170,Rajesh Naik,Male,Mechanical Engineering,ME,1st Year,2026-2030,2026,2601101170@gcekjr.ac.in,7898326653
2601101171,Deepak Routray,Male,Mechanical Engineering,ME,1st Year,2026-2030,2026,2601101171@gcekjr.ac.in,6128194625
2601101172,Yash Dash,Male,Mechanical Engineering,ME,1st Year,2026-2030,2026,2601101172@gcekjr.ac.in,8798182521
2601101173,Priyanka Dash,Female,Mechanical Engineering,ME,1st Year,2026-2030,2026,2601101173@gcekjr.ac.in,9011674167
2601101174,Hemant Khuntia,Male,Mechanical Engineering,ME,1st Year,2026-2030,2026,2601101174@gcekjr.ac.in,6377286517
2601101175,Jyotsna Swain,Female,Mechanical Engineering,ME,1st Year,2026-2030,2026,2601101175@gcekjr.ac.in,6989658002
2601101176,Lalatendu Routray,Male,Mechanical Engineering,ME,1st Year,2026-2030,2026,2601101176@gcekjr.ac.in,8576627378
2601101177,Biswajit Maharana,Male,Mechanical Engineering,ME,1st Year,2026-2030,2026,2601101177@gcekjr.ac.in,9752900023
2601101178,Vivekananda Nayak,Male,Mechanical Engineering,ME,1st Year,2026-2030,2026,2601101178@gcekjr.ac.in,8535523542
2601101179,Hemant Patnaik,Male,Mechanical Engineering,ME,1st Year,2026-2030,2026,2601101179@gcekjr.ac.in,9281367681
2601101180,Vandana Bhoi,Female,Mechanical Engineering,ME,1st Year,2026-2030,2026,2601101180@gcekjr.ac.in,8602920504
2601101181,Biswajit Subudhi,Male,Mechanical Engineering,ME,1st Year,2026-2030,2026,2601101181@gcekjr.ac.in,9970459325
2601101182,Rajesh Maharana,Male,Mechanical Engineering,ME,1st Year,2026-2030,2026,2601101182@gcekjr.ac.in,8789001237
2601101183,Hemalata Kar,Female,Mechanical Engineering,ME,1st Year,2026-2030,2026,2601101183@gcekjr.ac.in,9244396984
2601101184,Girish Subudhi,Male,Mechanical Engineering,ME,1st Year,2026-2030,2026,2601101184@gcekjr.ac.in,7052876787
2601101185,Esha Behera,Female,Mechanical Engineering,ME,1st Year,2026-2030,2026,2601101185@gcekjr.ac.in,7166816991
2601101186,Vikram Rout,Male,Mechanical Engineering,ME,1st Year,2026-2030,2026,2601101186@gcekjr.ac.in,7399465871
2601101187,Lokanath Subudhi,Male,Mechanical Engineering,ME,1st Year,2026-2030,2026,2601101187@gcekjr.ac.in,9740752379
2601101188,Jyotiranjan Subudhi,Male,Mechanical Engineering,ME,1st Year,2026-2030,2026,2601101188@gcekjr.ac.in,8174197839
2601101189,Itish Dalai,Male,Mechanical Engineering,ME,1st Year,2026-2030,2026,2601101189@gcekjr.ac.in,9501067879
2601101190,Upasana Jena,Female,Mechanical Engineering,ME,1st Year,2026-2030,2026,2601101190@gcekjr.ac.in,7342144833
2601101191,Ipsit Jena,Male,Mechanical Engineering,ME,1st Year,2026-2030,2026,2601101191@gcekjr.ac.in,8049725733
2601101192,Amit Parida,Male,Mechanical Engineering,ME,1st Year,2026-2030,2026,2601101192@gcekjr.ac.in,7120753229
2601101193,Tapaswini Panda,Female,Mechanical Engineering,ME,1st Year,2026-2030,2026,2601101193@gcekjr.ac.in,6806286706
2601101194,Vikram Tripathy,Male,Mechanical Engineering,ME,1st Year,2026-2030,2026,2601101194@gcekjr.ac.in,7791265721
2601101195,Pratyusha Sahoo,Female,Mechanical Engineering,ME,1st Year,2026-2030,2026,2601101195@gcekjr.ac.in,6752220229
2601101196,Rohit Senapati,Male,Mechanical Engineering,ME,1st Year,2026-2030,2026,2601101196@gcekjr.ac.in,9831872353
2601101197,Harekrushna Mallick,Male,Mechanical Engineering,ME,1st Year,2026-2030,2026,2601101197@gcekjr.ac.in,9317663210
2601101198,Sagar Behera,Male,Mechanical Engineering,ME,1st Year,2026-2030,2026,2601101198@gcekjr.ac.in,7977228282
2601101199,Pradyumna Maharana,Male,Mechanical Engineering,ME,1st Year,2026-2030,2026,2601101199@gcekjr.ac.in,6756803467
2601101200,Debasmita Biswal,Female,Mechanical Engineering,ME,1st Year,2026-2030,2026,2601101200@gcekjr.ac.in,7410724017
2601101201,Harapriya Majhi,Female,Mechanical Engineering,ME,1st Year,2026-2030,2026,2601101201@gcekjr.ac.in,9132799606
2601101202,Debendra Bhoi,Male,Mechanical Engineering,ME,1st Year,2026-2030,2026,2601101202@gcekjr.ac.in,6636954007
2601101203,Abhishek Pradhan,Male,Mechanical Engineering,ME,1st Year,2026-2030,2026,2601101203@gcekjr.ac.in,7640383652
2601101204,Dibyajyoti Acharya,Male,Mechanical Engineering,ME,1st Year,2026-2030,2026,2601101204@gcekjr.ac.in,8548498771
2601101205,Tapan Behera,Male,Mechanical Engineering,ME,1st Year,2026-2030,2026,2601101205@gcekjr.ac.in,6729332797
2601101206,Manisha Sethi,Female,Mechanical Engineering,ME,1st Year,2026-2030,2026,2601101206@gcekjr.ac.in,6500237076
2601101207,Pragyan Hota,Female,Mechanical Engineering,ME,1st Year,2026-2030,2026,2601101207@gcekjr.ac.in,6808615804
2601101208,Mantu Hota,Male,Mechanical Engineering,ME,1st Year,2026-2030,2026,2601101208@gcekjr.ac.in,8110169669
2601101209,Itish Mishra,Male,Mechanical Engineering,ME,1st Year,2026-2030,2026,2601101209@gcekjr.ac.in,6133123687
2601101210,Aryan Majhi,Male,Mechanical Engineering,ME,1st Year,2026-2030,2026,2601101210@gcekjr.ac.in,6859439951
2601101211,Harekrushna Pradhan,Male,Mechanical Engineering,ME,1st Year,2026-2030,2026,2601101211@gcekjr.ac.in,8677937821
2601101212,Abhishek Khuntia,Male,Mechanical Engineering,ME,1st Year,2026-2030,2026,2601101212@gcekjr.ac.in,8277440467
2601101213,Chandan Routray,Male,Mechanical Engineering,ME,1st Year,2026-2030,2026,2601101213@gcekjr.ac.in,8627062205
2601101214,Hemant Pati,Male,Mechanical Engineering,ME,1st Year,2026-2030,2026,2601101214@gcekjr.ac.in,8081049650
2601101215,Pradyumna Subudhi,Male,Mechanical Engineering,ME,1st Year,2026-2030,2026,2601101215@gcekjr.ac.in,9318863759
2601101216,Biswajit Biswal,Male,Mechanical Engineering,ME,1st Year,2026-2030,2026,2601101216@gcekjr.ac.in,9051144707
2601101217,Barsha Bhoi,Female,Mechanical Engineering,ME,1st Year,2026-2030,2026,2601101217@gcekjr.ac.in,9168369714
2601101218,Rajesh Dash,Male,Mechanical Engineering,ME,1st Year,2026-2030,2026,2601101218@gcekjr.ac.in,6614931659
2601101219,Barsha Biswal,Female,Mechanical Engineering,ME,1st Year,2026-2030,2026,2601101219@gcekjr.ac.in,7882899392
2601101220,Om Prava Dash,Female,Mechanical Engineering,ME,1st Year,2026-2030,2026,2601101220@gcekjr.ac.in,8062228594
2601101221,Dibyajyoti Dash,Male,Mechanical Engineering,ME,1st Year,2026-2030,2026,2601101221@gcekjr.ac.in,7897721062
2601101222,Alina Muduli,Female,Mechanical Engineering,ME,1st Year,2026-2030,2026,2601101222@gcekjr.ac.in,8416400712
2601101223,Girish Bhoi,Male,Mechanical Engineering,ME,1st Year,2026-2030,2026,2601101223@gcekjr.ac.in,6636060102
2601101224,Rohit Behera,Male,Mechanical Engineering,ME,1st Year,2026-2030,2026,2601101224@gcekjr.ac.in,9977216001
2601101225,Om Hota,Male,Mechanical Engineering,ME,1st Year,2026-2030,2026,2601101225@gcekjr.ac.in,6876000364
2601101226,Harekrushna Nayak,Male,Mechanical Engineering,ME,1st Year,2026-2030,2026,2601101226@gcekjr.ac.in,7224036951
2601101227,Debasmita Muduli,Female,Mechanical Engineering,ME,1st Year,2026-2030,2026,2601101227@gcekjr.ac.in,9610812155
2601101228,Biswajit Patnaik,Male,Mechanical Engineering,ME,1st Year,2026-2030,2026,2601101228@gcekjr.ac.in,6345923907
2601101229,Vivekananda Dalai,Male,Mechanical Engineering,ME,1st Year,2026-2030,2026,2601101229@gcekjr.ac.in,8782205015
2601101230,Pratap Behera,Male,Mechanical Engineering,ME,1st Year,2026-2030,2026,2601101230@gcekjr.ac.in,7598242668
2601101231,Yash Dey,Male,Mechanical Engineering,ME,1st Year,2026-2030,2026,2601101231@gcekjr.ac.in,8955435504
2601101232,Eshan Mohanty,Male,Mechanical Engineering,ME,1st Year,2026-2030,2026,2601101232@gcekjr.ac.in,6129920339
2601101233,Harapriya Tripathy,Female,Mechanical Engineering,ME,1st Year,2026-2030,2026,2601101233@gcekjr.ac.in,9960770770
2601101234,Rajesh Dalai,Male,Mechanical Engineering,ME,1st Year,2026-2030,2026,2601101234@gcekjr.ac.in,9643354307
2601101235,Lokanath Routray,Male,Mechanical Engineering,ME,1st Year,2026-2030,2026,2601101235@gcekjr.ac.in,7890766699
2601101236,Saroj Majhi,Male,Mechanical Engineering,ME,1st Year,2026-2030,2026,2601101236@gcekjr.ac.in,6877219941
2601101237,Bijayalaxmi Mohanty,Female,Mechanical Engineering,ME,1st Year,2026-2030,2026,2601101237@gcekjr.ac.in,9349166795
2601101238,Kanchan Patnaik,Female,Mechanical Engineering,ME,1st Year,2026-2030,2026,2601101238@gcekjr.ac.in,7210614013
2601101239,Eshan Giri,Male,Mechanical Engineering,ME,1st Year,2026-2030,2026,2601101239@gcekjr.ac.in,8828343562
2601101240,Swagatika Muduli,Female,Mechanical Engineering,ME,1st Year,2026-2030,2026,2601101240@gcekjr.ac.in,7634001306
2601101241,Bijayalaxmi Mohanty,Female,Mechanical Engineering,ME,1st Year,2026-2030,2026,2601101241@gcekjr.ac.in,8846429986
2601101242,Itish Dash,Male,Mechanical Engineering,ME,1st Year,2026-2030,2026,2601101242@gcekjr.ac.in,7048966177
2601101243,Lalatendu Sahu,Male,Mechanical Engineering,ME,1st Year,2026-2030,2026,2601101243@gcekjr.ac.in,9332985397
2601101244,Namrata Subudhi,Female,Mechanical Engineering,ME,1st Year,2026-2030,2026,2601101244@gcekjr.ac.in,8378923363
2601101245,Jyotsna Jena,Female,Mechanical Engineering,ME,1st Year,2026-2030,2026,2601101245@gcekjr.ac.in,8621194577
2601101246,Sasmita Bhoi,Female,Mechanical Engineering,ME,1st Year,2026-2030,2026,2601101246@gcekjr.ac.in,6841434860
2601101247,Lopamudra Routray,Female,Mechanical Engineering,ME,1st Year,2026-2030,2026,2601101247@gcekjr.ac.in,7864672860
2601101248,Gaurav Dash,Male,Mechanical Engineering,ME,1st Year,2026-2030,2026,2601101248@gcekjr.ac.in,6418629576
2601101249,Bikash Rout,Male,Mechanical Engineering,ME,1st Year,2026-2030,2026,2601101249@gcekjr.ac.in,6694908458
2601101250,Yash Pradhan,Male,Mechanical Engineering,ME,1st Year,2026-2030,2026,2601101250@gcekjr.ac.in,8832831910
2601101251,Yash Dey,Male,Civil Engineering,CE,1st Year,2026-2030,2026,2601101251@gcekjr.ac.in,7852155930
2601101252,Subham Parida,Male,Civil Engineering,CE,1st Year,2026-2030,2026,2601101252@gcekjr.ac.in,9952252033
2601101253,Dibyajyoti Maharana,Male,Civil Engineering,CE,1st Year,2026-2030,2026,2601101253@gcekjr.ac.in,8953023957
2601101254,Trupti Tripathy,Female,Civil Engineering,CE,1st Year,2026-2030,2026,2601101254@gcekjr.ac.in,9494414972
2601101255,Dibyajyoti Dash,Male,Civil Engineering,CE,1st Year,2026-2030,2026,2601101255@gcekjr.ac.in,8113191936
2601101256,Ashutosh Behera,Male,Civil Engineering,CE,1st Year,2026-2030,2026,2601101256@gcekjr.ac.in,8583089657
2601101257,Gitanjali Muduli,Female,Civil Engineering,CE,1st Year,2026-2030,2026,2601101257@gcekjr.ac.in,8861729545
2601101258,Amit Jena,Male,Civil Engineering,CE,1st Year,2026-2030,2026,2601101258@gcekjr.ac.in,6036313338
2601101259,Madhusmita Maharana,Female,Civil Engineering,CE,1st Year,2026-2030,2026,2601101259@gcekjr.ac.in,8950779639
2601101260,Chinmay Samal,Male,Civil Engineering,CE,1st Year,2026-2030,2026,2601101260@gcekjr.ac.in,6657905446
2601101261,Om Kar,Male,Civil Engineering,CE,1st Year,2026-2030,2026,2601101261@gcekjr.ac.in,6179321918
2601101262,Bhagyashree Samal,Female,Civil Engineering,CE,1st Year,2026-2030,2026,2601101262@gcekjr.ac.in,9451052208
2601101263,Hemalata Dash,Female,Civil Engineering,CE,1st Year,2026-2030,2026,2601101263@gcekjr.ac.in,7120699846
2601101264,Tanmayee Routray,Female,Civil Engineering,CE,1st Year,2026-2030,2026,2601101264@gcekjr.ac.in,7228209129
2601101265,Rashmita Subudhi,Female,Civil Engineering,CE,1st Year,2026-2030,2026,2601101265@gcekjr.ac.in,7057395800
2601101266,Harapriya Patnaik,Female,Civil Engineering,CE,1st Year,2026-2030,2026,2601101266@gcekjr.ac.in,9935261448
2601101267,Manisha Sahu,Female,Civil Engineering,CE,1st Year,2026-2030,2026,2601101267@gcekjr.ac.in,8863075314
2601101268,Anita Parida,Female,Civil Engineering,CE,1st Year,2026-2030,2026,2601101268@gcekjr.ac.in,6244501672
2601101269,Monalisa Hota,Female,Civil Engineering,CE,1st Year,2026-2030,2026,2601101269@gcekjr.ac.in,9925250707
2601101270,Madhusmita Behera,Female,Civil Engineering,CE,1st Year,2026-2030,2026,2601101270@gcekjr.ac.in,9713930414
2601101271,Elina Sahoo,Female,Civil Engineering,CE,1st Year,2026-2030,2026,2601101271@gcekjr.ac.in,6978916228
2601101272,Deepak Das,Male,Civil Engineering,CE,1st Year,2026-2030,2026,2601101272@gcekjr.ac.in,6877387456
2601101273,Ujjwal Subudhi,Male,Civil Engineering,CE,1st Year,2026-2030,2026,2601101273@gcekjr.ac.in,8645780260
2601101274,Itish Bhoi,Male,Civil Engineering,CE,1st Year,2026-2030,2026,2601101274@gcekjr.ac.in,8966042172
2601101275,Swagatika Bhoi,Female,Civil Engineering,CE,1st Year,2026-2030,2026,2601101275@gcekjr.ac.in,8034518007
2601101276,Dibyajyoti Jena,Male,Civil Engineering,CE,1st Year,2026-2030,2026,2601101276@gcekjr.ac.in,7913205775
2601101277,Kartik Nayak,Male,Civil Engineering,CE,1st Year,2026-2030,2026,2601101277@gcekjr.ac.in,7923047644
2601101278,Pratap Patnaik,Male,Civil Engineering,CE,1st Year,2026-2030,2026,2601101278@gcekjr.ac.in,9564040194
2601101279,Bikash Hota,Male,Civil Engineering,CE,1st Year,2026-2030,2026,2601101279@gcekjr.ac.in,6306410896
2601101280,Sasmita Subudhi,Female,Civil Engineering,CE,1st Year,2026-2030,2026,2601101280@gcekjr.ac.in,8945537142
2601101281,Vivekananda Giri,Male,Civil Engineering,CE,1st Year,2026-2030,2026,2601101281@gcekjr.ac.in,7132142786
2601101282,Hemalata Dey,Female,Civil Engineering,CE,1st Year,2026-2030,2026,2601101282@gcekjr.ac.in,7955407009
2601101283,Rohit Jena,Male,Civil Engineering,CE,1st Year,2026-2030,2026,2601101283@gcekjr.ac.in,9602509421
2601101284,Pragyan Mohanty,Female,Civil Engineering,CE,1st Year,2026-2030,2026,2601101284@gcekjr.ac.in,8298007868
2601101285,Pratyusha Sahu,Female,Civil Engineering,CE,1st Year,2026-2030,2026,2601101285@gcekjr.ac.in,9211348972
2601101286,Vandana Panda,Female,Civil Engineering,CE,1st Year,2026-2030,2026,2601101286@gcekjr.ac.in,7316315357
2601101287,Tanmayee Bhoi,Female,Civil Engineering,CE,1st Year,2026-2030,2026,2601101287@gcekjr.ac.in,9705021770
2601101288,Ipsit Dey,Male,Civil Engineering,CE,1st Year,2026-2030,2026,2601101288@gcekjr.ac.in,6085097641
2601101289,Eshan Samal,Male,Civil Engineering,CE,1st Year,2026-2030,2026,2601101289@gcekjr.ac.in,9410922468
2601101290,Jyotiranjan Sethi,Male,Civil Engineering,CE,1st Year,2026-2030,2026,2601101290@gcekjr.ac.in,7687871496
2601101291,Gitanjali Patnaik,Female,Civil Engineering,CE,1st Year,2026-2030,2026,2601101291@gcekjr.ac.in,9498743515
2601101292,Vikram Pradhan,Male,Civil Engineering,CE,1st Year,2026-2030,2026,2601101292@gcekjr.ac.in,7798789510
2601101293,Chinmay Mallick,Male,Civil Engineering,CE,1st Year,2026-2030,2026,2601101293@gcekjr.ac.in,8258166396
2601101294,Madhusmita Jagadev,Female,Civil Engineering,CE,1st Year,2026-2030,2026,2601101294@gcekjr.ac.in,6841988138
2601101295,Pragyan Mallick,Female,Civil Engineering,CE,1st Year,2026-2030,2026,2601101295@gcekjr.ac.in,9840685500
2601101296,Deepak Maharana,Male,Civil Engineering,CE,1st Year,2026-2030,2026,2601101296@gcekjr.ac.in,7853046197
2601101297,Itish Rout,Male,Civil Engineering,CE,1st Year,2026-2030,2026,2601101297@gcekjr.ac.in,9914576007
2601101298,Gaurav Mishra,Male,Civil Engineering,CE,1st Year,2026-2030,2026,2601101298@gcekjr.ac.in,9906601486
2601101299,Yash Kar,Male,Civil Engineering,CE,1st Year,2026-2030,2026,2601101299@gcekjr.ac.in,7930797471
2601101300,Rakesh Behera,Male,Civil Engineering,CE,1st Year,2026-2030,2026,2601101300@gcekjr.ac.in,6929562495
2601101301,Debendra Routray,Male,Civil Engineering,CE,1st Year,2026-2030,2026,2601101301@gcekjr.ac.in,6438968426
2601101302,Himanshu Sahoo,Male,Civil Engineering,CE,1st Year,2026-2030,2026,2601101302@gcekjr.ac.in,8160008874
2601101303,Sagar Dalai,Male,Civil Engineering,CE,1st Year,2026-2030,2026,2601101303@gcekjr.ac.in,7103770079
2601101304,Mantu Hota,Male,Civil Engineering,CE,1st Year,2026-2030,2026,2601101304@gcekjr.ac.in,9234326209
2601101305,Gayatri Maharana,Female,Civil Engineering,CE,1st Year,2026-2030,2026,2601101305@gcekjr.ac.in,6844273395
2601101306,Jagannath Samal,Male,Civil Engineering,CE,1st Year,2026-2030,2026,2601101306@gcekjr.ac.in,9025999891
2601101307,Girish Dash,Male,Civil Engineering,CE,1st Year,2026-2030,2026,2601101307@gcekjr.ac.in,6788895660
2601101308,Kanchan Kar,Female,Civil Engineering,CE,1st Year,2026-2030,2026,2601101308@gcekjr.ac.in,7774728471
2601101309,Trilochan Sethi,Male,Civil Engineering,CE,1st Year,2026-2030,2026,2601101309@gcekjr.ac.in,6511752884
2601101310,Nandini Tripathy,Female,Civil Engineering,CE,1st Year,2026-2030,2026,2601101310@gcekjr.ac.in,7853328822
2601101311,Yash Sethi,Male,Civil Engineering,CE,1st Year,2026-2030,2026,2601101311@gcekjr.ac.in,6157523780
2601101312,Pratap Jena,Male,Civil Engineering,CE,1st Year,2026-2030,2026,2601101312@gcekjr.ac.in,9878627467
2601101313,Madhusmita Nayak,Female,Civil Engineering,CE,1st Year,2026-2030,2026,2601101313@gcekjr.ac.in,7830764549
2601101314,Pragyan Routray,Female,Civil Engineering,CE,1st Year,2026-2030,2026,2601101314@gcekjr.ac.in,8104710114
2601101315,Varsha Hota,Female,Civil Engineering,CE,1st Year,2026-2030,2026,2601101315@gcekjr.ac.in,6215916460
2601101316,Manisha Khuntia,Female,Civil Engineering,CE,1st Year,2026-2030,2026,2601101316@gcekjr.ac.in,7311822448
2601101317,Trilochan Khuntia,Male,Civil Engineering,CE,1st Year,2026-2030,2026,2601101317@gcekjr.ac.in,9193512090
2601101318,Kanchan Patnaik,Female,Civil Engineering,CE,1st Year,2026-2030,2026,2601101318@gcekjr.ac.in,6989984428
2601101319,Vandana Kar,Female,Civil Engineering,CE,1st Year,2026-2030,2026,2601101319@gcekjr.ac.in,9913726290
2601101320,Sasmita Kar,Female,Civil Engineering,CE,1st Year,2026-2030,2026,2601101320@gcekjr.ac.in,7901012670
2601101321,Kartik Sethi,Male,Civil Engineering,CE,1st Year,2026-2030,2026,2601101321@gcekjr.ac.in,6033705842
2601101322,Jyotsna Nayak,Female,Civil Engineering,CE,1st Year,2026-2030,2026,2601101322@gcekjr.ac.in,7430617388
2601101323,Kanchan Sahoo,Female,Civil Engineering,CE,1st Year,2026-2030,2026,2601101323@gcekjr.ac.in,8824163817
2601101324,Kanchan Barik,Female,Civil Engineering,CE,1st Year,2026-2030,2026,2601101324@gcekjr.ac.in,7047333244
2601101325,Lopamudra Dalai,Female,Civil Engineering,CE,1st Year,2026-2030,2026,2601101325@gcekjr.ac.in,7742838888
2601101326,Harekrushna Majhi,Male,Civil Engineering,CE,1st Year,2026-2030,2026,2601101326@gcekjr.ac.in,9080771332
2601101327,Yash Bhoi,Male,Civil Engineering,CE,1st Year,2026-2030,2026,2601101327@gcekjr.ac.in,9573304538
2601101328,Gyana Giri,Male,Civil Engineering,CE,1st Year,2026-2030,2026,2601101328@gcekjr.ac.in,6281768199
2601101329,Debasis Parida,Male,Civil Engineering,CE,1st Year,2026-2030,2026,2601101329@gcekjr.ac.in,8650629157
2601101330,Utkarsh Barik,Male,Civil Engineering,CE,1st Year,2026-2030,2026,2601101330@gcekjr.ac.in,7082803750
2601101331,Eshan Kar,Male,Civil Engineering,CE,1st Year,2026-2030,2026,2601101331@gcekjr.ac.in,7112462680
2601101332,Dibyajyoti Nayak,Male,Civil Engineering,CE,1st Year,2026-2030,2026,2601101332@gcekjr.ac.in,7529398150
2601101333,Jitendra Nayak,Male,Civil Engineering,CE,1st Year,2026-2030,2026,2601101333@gcekjr.ac.in,7593775592
2601101334,Kartik Rout,Male,Civil Engineering,CE,1st Year,2026-2030,2026,2601101334@gcekjr.ac.in,6251504549
2601101335,Jagannath Jagadev,Male,Civil Engineering,CE,1st Year,2026-2030,2026,2601101335@gcekjr.ac.in,8877539184
2601101336,Utkarsh Dash,Male,Civil Engineering,CE,1st Year,2026-2030,2026,2601101336@gcekjr.ac.in,8504619333
2601101337,Kedar Senapati,Male,Civil Engineering,CE,1st Year,2026-2030,2026,2601101337@gcekjr.ac.in,8464427909
2601101338,Manisha Acharya,Female,Civil Engineering,CE,1st Year,2026-2030,2026,2601101338@gcekjr.ac.in,7852996474
2601101339,Pratap Mishra,Male,Civil Engineering,CE,1st Year,2026-2030,2026,2601101339@gcekjr.ac.in,6350473085
2601101340,Bijayalaxmi Biswal,Female,Civil Engineering,CE,1st Year,2026-2030,2026,2601101340@gcekjr.ac.in,8753064148
2601101341,Himanshu Panda,Male,Civil Engineering,CE,1st Year,2026-2030,2026,2601101341@gcekjr.ac.in,9349576674
2601101342,Bhagyashree Patnaik,Female,Civil Engineering,CE,1st Year,2026-2030,2026,2601101342@gcekjr.ac.in,8292414172
2601101343,Pratyusha Patnaik,Female,Civil Engineering,CE,1st Year,2026-2030,2026,2601101343@gcekjr.ac.in,7153192486
2601101344,Nibedita Mohanty,Female,Civil Engineering,CE,1st Year,2026-2030,2026,2601101344@gcekjr.ac.in,7279933251
2601101345,Varsha Pati,Female,Civil Engineering,CE,1st Year,2026-2030,2026,2601101345@gcekjr.ac.in,8830698078
2601101346,Gyana Palei,Male,Civil Engineering,CE,1st Year,2026-2030,2026,2601101346@gcekjr.ac.in,6481234888
2601101347,Debendra Sahu,Male,Civil Engineering,CE,1st Year,2026-2030,2026,2601101347@gcekjr.ac.in,7843116143
2601101348,Rashmita Acharya,Female,Civil Engineering,CE,1st Year,2026-2030,2026,2601101348@gcekjr.ac.in,6316179895
2601101349,Pratap Dey,Male,Civil Engineering,CE,1st Year,2026-2030,2026,2601101349@gcekjr.ac.in,8777281628
2601101350,Gitanjali Jena,Female,Civil Engineering,CE,1st Year,2026-2030,2026,2601101350@gcekjr.ac.in,7992466694
2601101351,Kajal Jena,Female,Civil Engineering,CE,1st Year,2026-2030,2026,2601101351@gcekjr.ac.in,8788310034
2601101352,Rajesh Subudhi,Male,Civil Engineering,CE,1st Year,2026-2030,2026,2601101352@gcekjr.ac.in,7133479496
2601101353,Gayatri Senapati,Female,Civil Engineering,CE,1st Year,2026-2030,2026,2601101353@gcekjr.ac.in,6481678122
2601101354,Deepak Bhoi,Male,Civil Engineering,CE,1st Year,2026-2030,2026,2601101354@gcekjr.ac.in,8273819486
2601101355,Anita Nayak,Female,Civil Engineering,CE,1st Year,2026-2030,2026,2601101355@gcekjr.ac.in,8205454196
2601101356,Mantu Rout,Male,Civil Engineering,CE,1st Year,2026-2030,2026,2601101356@gcekjr.ac.in,6892238147
2601101357,Manisha Rout,Female,Civil Engineering,CE,1st Year,2026-2030,2026,2601101357@gcekjr.ac.in,7034360935
2601101358,Subham Naik,Male,Civil Engineering,CE,1st Year,2026-2030,2026,2601101358@gcekjr.ac.in,6614360176
2601101359,Debasis Maharana,Male,Civil Engineering,CE,1st Year,2026-2030,2026,2601101359@gcekjr.ac.in,9726643950
2601101360,Niranjan Biswal,Male,Civil Engineering,CE,1st Year,2026-2030,2026,2601101360@gcekjr.ac.in,8314913569
2601101361,Manisha Bhoi,Female,Civil Engineering,CE,1st Year,2026-2030,2026,2601101361@gcekjr.ac.in,8177145052
2601101362,Utkarsh Kar,Male,Civil Engineering,CE,1st Year,2026-2030,2026,2601101362@gcekjr.ac.in,7026521772
2601101363,Bikash Panda,Male,Civil Engineering,CE,1st Year,2026-2030,2026,2601101363@gcekjr.ac.in,6851189268
2601101364,Om Prava Dash,Female,Civil Engineering,CE,1st Year,2026-2030,2026,2601101364@gcekjr.ac.in,9447844784
2601101365,Ashutosh Patnaik,Male,Civil Engineering,CE,1st Year,2026-2030,2026,2601101365@gcekjr.ac.in,6061662001
2601101366,Pratap Swain,Male,Civil Engineering,CE,1st Year,2026-2030,2026,2601101366@gcekjr.ac.in,8562893033
2601101367,Bikash Dey,Male,Civil Engineering,CE,1st Year,2026-2030,2026,2601101367@gcekjr.ac.in,6424380292
2601101368,Bikash Sahoo,Male,Civil Engineering,CE,1st Year,2026-2030,2026,2601101368@gcekjr.ac.in,9470804300
2601101369,Lipsa Mallick,Female,Civil Engineering,CE,1st Year,2026-2030,2026,2601101369@gcekjr.ac.in,7614763961
2601101370,Tapan Majhi,Male,Civil Engineering,CE,1st Year,2026-2030,2026,2601101370@gcekjr.ac.in,8202079000
2601101371,Vivekananda Dalai,Male,Civil Engineering,CE,1st Year,2026-2030,2026,2601101371@gcekjr.ac.in,8887000254
2601101372,Rajashree Biswal,Female,Civil Engineering,CE,1st Year,2026-2030,2026,2601101372@gcekjr.ac.in,8262714121
2601101373,Dibyajyoti Nayak,Male,Civil Engineering,CE,1st Year,2026-2030,2026,2601101373@gcekjr.ac.in,6814539897
2601101374,Lalatendu Mohanty,Male,Civil Engineering,CE,1st Year,2026-2030,2026,2601101374@gcekjr.ac.in,9187750610
2601101375,Himanshu Barik,Male,Civil Engineering,CE,1st Year,2026-2030,2026,2601101375@gcekjr.ac.in,9175492141
2601101376,Hemalata Nayak,Female,Civil Engineering,CE,1st Year,2026-2030,2026,2601101376@gcekjr.ac.in,7130389250
2601101377,Girish Pradhan,Male,Civil Engineering,CE,1st Year,2026-2030,2026,2601101377@gcekjr.ac.in,9435133632
2601101378,Debendra Dash,Male,Civil Engineering,CE,1st Year,2026-2030,2026,2601101378@gcekjr.ac.in,8302595054
2601101379,Alina Senapati,Female,Civil Engineering,CE,1st Year,2026-2030,2026,2601101379@gcekjr.ac.in,9911685674
2601101380,Usharani Jagadev,Female,Civil Engineering,CE,1st Year,2026-2030,2026,2601101380@gcekjr.ac.in,6840923347
2601101381,Trilochan Rout,Male,Civil Engineering,CE,1st Year,2026-2030,2026,2601101381@gcekjr.ac.in,8810685363
2601101382,Namrata Mishra,Female,Civil Engineering,CE,1st Year,2026-2030,2026,2601101382@gcekjr.ac.in,8718794458
2601101383,Manas Maharana,Male,Civil Engineering,CE,1st Year,2026-2030,2026,2601101383@gcekjr.ac.in,7819018036
2601101384,Ashutosh Das,Male,Civil Engineering,CE,1st Year,2026-2030,2026,2601101384@gcekjr.ac.in,8825216477
2601101385,Chinmayee Palei,Female,Civil Engineering,CE,1st Year,2026-2030,2026,2601101385@gcekjr.ac.in,7007166999
2601101386,Ankita Majhi,Female,Civil Engineering,CE,1st Year,2026-2030,2026,2601101386@gcekjr.ac.in,9591692719
2601101387,Manas Tripathy,Male,Civil Engineering,CE,1st Year,2026-2030,2026,2601101387@gcekjr.ac.in,9063551828
2601101388,Sarita Khuntia,Female,Civil Engineering,CE,1st Year,2026-2030,2026,2601101388@gcekjr.ac.in,7456117834
2601101389,Sasmita Kar,Female,Civil Engineering,CE,1st Year,2026-2030,2026,2601101389@gcekjr.ac.in,8855463457
2601101390,Deepak Acharya,Male,Civil Engineering,CE,1st Year,2026-2030,2026,2601101390@gcekjr.ac.in,9812959411
2601101391,Gyana Patnaik,Male,Civil Engineering,CE,1st Year,2026-2030,2026,2601101391@gcekjr.ac.in,6665606640
2601101392,Harekrushna Muduli,Male,Civil Engineering,CE,1st Year,2026-2030,2026,2601101392@gcekjr.ac.in,9764902987
2601101393,Chinmay Nayak,Male,Civil Engineering,CE,1st Year,2026-2030,2026,2601101393@gcekjr.ac.in,9913153497
2601101394,Sagar Mallick,Male,Civil Engineering,CE,1st Year,2026-2030,2026,2601101394@gcekjr.ac.in,9018380111
2601101395,Ipsit Palei,Male,Civil Engineering,CE,1st Year,2026-2030,2026,2601101395@gcekjr.ac.in,7077954799
2601101396,Kanchan Jagadev,Female,Civil Engineering,CE,1st Year,2026-2030,2026,2601101396@gcekjr.ac.in,8655575824
2601101397,Tapan Sahoo,Male,Civil Engineering,CE,1st Year,2026-2030,2026,2601101397@gcekjr.ac.in,9679353947
2601101398,Yash Majhi,Male,Civil Engineering,CE,1st Year,2026-2030,2026,2601101398@gcekjr.ac.in,9310681405
2601101399,Rakesh Bhoi,Male,Civil Engineering,CE,1st Year,2026-2030,2026,2601101399@gcekjr.ac.in,6445744066
2601101400,Sushmita Das,Female,Civil Engineering,CE,1st Year,2026-2030,2026,2601101400@gcekjr.ac.in,6331551166
2601101401,Ipsita Majhi,Female,Civil Engineering,CE,1st Year,2026-2030,2026,2601101401@gcekjr.ac.in,8849130373
2601101402,Elina Pradhan,Female,Civil Engineering,CE,1st Year,2026-2030,2026,2601101402@gcekjr.ac.in,6825046011
2601101403,Ipsita Nayak,Female,Civil Engineering,CE,1st Year,2026-2030,2026,2601101403@gcekjr.ac.in,6235320576
2601101404,Bikash Biswal,Male,Civil Engineering,CE,1st Year,2026-2030,2026,2601101404@gcekjr.ac.in,6362982854
2601101405,Lokanath Routray,Male,Civil Engineering,CE,1st Year,2026-2030,2026,2601101405@gcekjr.ac.in,6923139253
2601101406,Alina Giri,Female,Civil Engineering,CE,1st Year,2026-2030,2026,2601101406@gcekjr.ac.in,8371417517
2601101407,Manisha Jena,Female,Civil Engineering,CE,1st Year,2026-2030,2026,2601101407@gcekjr.ac.in,6947024926
2601101408,Amit Kar,Male,Civil Engineering,CE,1st Year,2026-2030,2026,2601101408@gcekjr.ac.in,8823829002
2601101409,Jyotiranjan Acharya,Male,Civil Engineering,CE,1st Year,2026-2030,2026,2601101409@gcekjr.ac.in,6337436583
2601101410,Utkarsh Routray,Male,Civil Engineering,CE,1st Year,2026-2030,2026,2601101410@gcekjr.ac.in,9213886223
2601101411,Debjani Pradhan,Female,Civil Engineering,CE,1st Year,2026-2030,2026,2601101411@gcekjr.ac.in,8304427207
2601101412,Girish Dey,Male,Civil Engineering,CE,1st Year,2026-2030,2026,2601101412@gcekjr.ac.in,7881697581
2601101413,Jyotsna Khuntia,Female,Civil Engineering,CE,1st Year,2026-2030,2026,2601101413@gcekjr.ac.in,6352815984
2601101414,Nandini Behera,Female,Civil Engineering,CE,1st Year,2026-2030,2026,2601101414@gcekjr.ac.in,9823156008
2601101415,Ipsit Mohanty,Male,Civil Engineering,CE,1st Year,2026-2030,2026,2601101415@gcekjr.ac.in,9529750704
2601101416,Jyotsna Patnaik,Female,Civil Engineering,CE,1st Year,2026-2030,2026,2601101416@gcekjr.ac.in,8601698503
2601101417,Itishree Barik,Female,Civil Engineering,CE,1st Year,2026-2030,2026,2601101417@gcekjr.ac.in,7227138907
2601101418,Varsha Kar,Female,Civil Engineering,CE,1st Year,2026-2030,2026,2601101418@gcekjr.ac.in,7723365629
2601101419,Esha Parida,Female,Civil Engineering,CE,1st Year,2026-2030,2026,2601101419@gcekjr.ac.in,7460086631
2601101420,Gitanjali Pradhan,Female,Civil Engineering,CE,1st Year,2026-2030,2026,2601101420@gcekjr.ac.in,6528139919
2601101421,Ipsita Palei,Female,Civil Engineering,CE,1st Year,2026-2030,2026,2601101421@gcekjr.ac.in,6834741563
2601101422,Eshan Sethi,Male,Civil Engineering,CE,1st Year,2026-2030,2026,2601101422@gcekjr.ac.in,9196237215
2601101423,Bikash Dey,Male,Civil Engineering,CE,1st Year,2026-2030,2026,2601101423@gcekjr.ac.in,8141540190
2601101424,Abhishek Swain,Male,Civil Engineering,CE,1st Year,2026-2030,2026,2601101424@gcekjr.ac.in,8500043695
2601101425,Nandini Pati,Female,Civil Engineering,CE,1st Year,2026-2030,2026,2601101425@gcekjr.ac.in,6776157538
2601101426,Vikram Bhoi,Male,Civil Engineering,CE,1st Year,2026-2030,2026,2601101426@gcekjr.ac.in,7958361251
2601101427,Rashmita Samal,Female,Civil Engineering,CE,1st Year,2026-2030,2026,2601101427@gcekjr.ac.in,8764882461
2601101428,Bhagyashree Dey,Female,Civil Engineering,CE,1st Year,2026-2030,2026,2601101428@gcekjr.ac.in,8037018189
2601101429,Vivekananda Pradhan,Male,Civil Engineering,CE,1st Year,2026-2030,2026,2601101429@gcekjr.ac.in,7234458759
2601101430,Chandan Sahu,Male,Civil Engineering,CE,1st Year,2026-2030,2026,2601101430@gcekjr.ac.in,6361401828
2601101431,Om Nayak,Male,Civil Engineering,CE,1st Year,2026-2030,2026,2601101431@gcekjr.ac.in,7762999383
2601101432,Elina Pati,Female,Civil Engineering,CE,1st Year,2026-2030,2026,2601101432@gcekjr.ac.in,6116442288
2601101433,Ankita Das,Female,Civil Engineering,CE,1st Year,2026-2030,2026,2601101433@gcekjr.ac.in,6632791811
2601101434,Rajashree Acharya,Female,Civil Engineering,CE,1st Year,2026-2030,2026,2601101434@gcekjr.ac.in,7616816742
2601101435,Saroj Rout,Male,Civil Engineering,CE,1st Year,2026-2030,2026,2601101435@gcekjr.ac.in,6382545100
2601101436,Nabin Senapati,Male,Civil Engineering,CE,1st Year,2026-2030,2026,2601101436@gcekjr.ac.in,6845002428
2601101437,Jitendra Jagadev,Male,Civil Engineering,CE,1st Year,2026-2030,2026,2601101437@gcekjr.ac.in,9113492186
2601101438,Deepak Dash,Male,Civil Engineering,CE,1st Year,2026-2030,2026,2601101438@gcekjr.ac.in,8375866589
2601101439,Lalatendu Routray,Male,Civil Engineering,CE,1st Year,2026-2030,2026,2601101439@gcekjr.ac.in,8510073197
2601101440,Debasis Majhi,Male,Civil Engineering,CE,1st Year,2026-2030,2026,2601101440@gcekjr.ac.in,8120514535
2601101441,Debendra Dalai,Male,Civil Engineering,CE,1st Year,2026-2030,2026,2601101441@gcekjr.ac.in,7035526224
2601101442,Kartik Kar,Male,Civil Engineering,CE,1st Year,2026-2030,2026,2601101442@gcekjr.ac.in,8173521193
2601101443,Mantu Sahoo,Male,Civil Engineering,CE,1st Year,2026-2030,2026,2601101443@gcekjr.ac.in,9276100194
2601101444,Rajashree Tripathy,Female,Civil Engineering,CE,1st Year,2026-2030,2026,2601101444@gcekjr.ac.in,7114534217
2601101445,Chinmay Majhi,Male,Civil Engineering,CE,1st Year,2026-2030,2026,2601101445@gcekjr.ac.in,8862901060
2601101446,Kajal Das,Female,Civil Engineering,CE,1st Year,2026-2030,2026,2601101446@gcekjr.ac.in,8744365344
2601101447,Deepak Pradhan,Male,Civil Engineering,CE,1st Year,2026-2030,2026,2601101447@gcekjr.ac.in,9396347692
2601101448,Debasmita Khuntia,Female,Civil Engineering,CE,1st Year,2026-2030,2026,2601101448@gcekjr.ac.in,7107701043
2601101449,Yash Dalai,Male,Civil Engineering,CE,1st Year,2026-2030,2026,2601101449@gcekjr.ac.in,8236414486
2601101450,Ipsit Subudhi,Male,Civil Engineering,CE,1st Year,2026-2030,2026,2601101450@gcekjr.ac.in,8142805531
2601101451,Priyanka Naik,Female,Civil Engineering,CE,1st Year,2026-2030,2026,2601101451@gcekjr.ac.in,7049627519
2601101452,Esha Barik,Female,Civil Engineering,CE,1st Year,2026-2030,2026,2601101452@gcekjr.ac.in,7733855185
2601101453,Elina Jagadev,Female,Civil Engineering,CE,1st Year,2026-2030,2026,2601101453@gcekjr.ac.in,7689359808
2601101454,Madhusmita Swain,Female,Civil Engineering,CE,1st Year,2026-2030,2026,2601101454@gcekjr.ac.in,6910941059
2601101455,Kartik Hota,Male,Civil Engineering,CE,1st Year,2026-2030,2026,2601101455@gcekjr.ac.in,8567326398
2601101456,Yash Barik,Male,Civil Engineering,CE,1st Year,2026-2030,2026,2601101456@gcekjr.ac.in,6669823311
2601101457,Monalisa Palei,Female,Civil Engineering,CE,1st Year,2026-2030,2026,2601101457@gcekjr.ac.in,8078558512
2601101458,Lopamudra Sahu,Female,Civil Engineering,CE,1st Year,2026-2030,2026,2601101458@gcekjr.ac.in,6208239763
2601101459,Harekrushna Acharya,Male,Civil Engineering,CE,1st Year,2026-2030,2026,2601101459@gcekjr.ac.in,7170614017
2601101460,Lokanath Dash,Male,Civil Engineering,CE,1st Year,2026-2030,2026,2601101460@gcekjr.ac.in,8387015368
2601101461,Eshan Mallick,Male,Civil Engineering,CE,1st Year,2026-2030,2026,2601101461@gcekjr.ac.in,7341067363
2601101462,Monalisa Patnaik,Female,Civil Engineering,CE,1st Year,2026-2030,2026,2601101462@gcekjr.ac.in,8537863687
2601101463,Eshan Mishra,Male,Civil Engineering,CE,1st Year,2026-2030,2026,2601101463@gcekjr.ac.in,9565988357
2601101464,Debendra Palei,Male,Civil Engineering,CE,1st Year,2026-2030,2026,2601101464@gcekjr.ac.in,8958246356
2601101465,Manisha Senapati,Female,Civil Engineering,CE,1st Year,2026-2030,2026,2601101465@gcekjr.ac.in,8749381550
2601101466,Om Rout,Male,Civil Engineering,CE,1st Year,2026-2030,2026,2601101466@gcekjr.ac.in,7865272712
2601101467,Manisha Routray,Female,Civil Engineering,CE,1st Year,2026-2030,2026,2601101467@gcekjr.ac.in,6131730475
2601101468,Om Bhoi,Male,Civil Engineering,CE,1st Year,2026-2030,2026,2601101468@gcekjr.ac.in,6902176141
2601101469,Jyotiranjan Tripathy,Male,Civil Engineering,CE,1st Year,2026-2030,2026,2601101469@gcekjr.ac.in,6966745949
2601101470,Tanmayee Majhi,Female,Civil Engineering,CE,1st Year,2026-2030,2026,2601101470@gcekjr.ac.in,8279981651
2601101471,Harekrushna Routray,Male,Civil Engineering,CE,1st Year,2026-2030,2026,2601101471@gcekjr.ac.in,8428260762
2601101472,Gaurav Giri,Male,Civil Engineering,CE,1st Year,2026-2030,2026,2601101472@gcekjr.ac.in,8923764933
2601101473,Himanshu Sethi,Male,Civil Engineering,CE,1st Year,2026-2030,2026,2601101473@gcekjr.ac.in,8899457398
2601101474,Ankita Mallick,Female,Civil Engineering,CE,1st Year,2026-2030,2026,2601101474@gcekjr.ac.in,6502282065
2601101475,Kedar Giri,Male,Civil Engineering,CE,1st Year,2026-2030,2026,2601101475@gcekjr.ac.in,7773424349
2601101476,Deepak Bhoi,Male,Civil Engineering,CE,1st Year,2026-2030,2026,2601101476@gcekjr.ac.in,7435233965
2601101477,Amit Sahu,Male,Civil Engineering,CE,1st Year,2026-2030,2026,2601101477@gcekjr.ac.in,9732149561
2601101478,Yashaswini Subudhi,Female,Civil Engineering,CE,1st Year,2026-2030,2026,2601101478@gcekjr.ac.in,6612897721
2601101479,Bikash Barik,Male,Civil Engineering,CE,1st Year,2026-2030,2026,2601101479@gcekjr.ac.in,8316733520
2601101480,Yash Mishra,Male,Civil Engineering,CE,1st Year,2026-2030,2026,2601101480@gcekjr.ac.in,6771661195
2601101481,Pratap Hota,Male,Civil Engineering,CE,1st Year,2026-2030,2026,2601101481@gcekjr.ac.in,8566219138
2601101482,Ankit Khuntia,Male,Civil Engineering,CE,1st Year,2026-2030,2026,2601101482@gcekjr.ac.in,6740467145
2601101483,Vikram Sahu,Male,Civil Engineering,CE,1st Year,2026-2030,2026,2601101483@gcekjr.ac.in,8785084829
2601101484,Lipsa Muduli,Female,Civil Engineering,CE,1st Year,2026-2030,2026,2601101484@gcekjr.ac.in,9916807172
2601101485,Upasana Hota,Female,Civil Engineering,CE,1st Year,2026-2030,2026,2601101485@gcekjr.ac.in,9803160691
2601101486,Ankit Pati,Male,Civil Engineering,CE,1st Year,2026-2030,2026,2601101486@gcekjr.ac.in,9415899183
2601101487,Pratyusha Muduli,Female,Civil Engineering,CE,1st Year,2026-2030,2026,2601101487@gcekjr.ac.in,6160654128
2601101488,Om Prava Nayak,Female,Civil Engineering,CE,1st Year,2026-2030,2026,2601101488@gcekjr.ac.in,7202341707
2601101489,Itish Jena,Male,Civil Engineering,CE,1st Year,2026-2030,2026,2601101489@gcekjr.ac.in,7079651840
2601101490,Aryan Rout,Male,Civil Engineering,CE,1st Year,2026-2030,2026,2601101490@gcekjr.ac.in,9296494255
2601101491,Harapriya Swain,Female,Civil Engineering,CE,1st Year,2026-2030,2026,2601101491@gcekjr.ac.in,8593349822
2601101492,Rajesh Senapati,Male,Civil Engineering,CE,1st Year,2026-2030,2026,2601101492@gcekjr.ac.in,7585471694
2601101493,Ankita Pradhan,Female,Civil Engineering,CE,1st Year,2026-2030,2026,2601101493@gcekjr.ac.in,9045833899
2601101494,Manas Samal,Male,Civil Engineering,CE,1st Year,2026-2030,2026,2601101494@gcekjr.ac.in,8875309333
2601101495,Bikash Dalai,Male,Civil Engineering,CE,1st Year,2026-2030,2026,2601101495@gcekjr.ac.in,7464521478
2601101496,Biswajit Barik,Male,Civil Engineering,CE,1st Year,2026-2030,2026,2601101496@gcekjr.ac.in,8900371894
2601101497,Rajashree Parida,Female,Civil Engineering,CE,1st Year,2026-2030,2026,2601101497@gcekjr.ac.in,8236228570
2601101498,Tapaswini Hota,Female,Civil Engineering,CE,1st Year,2026-2030,2026,2601101498@gcekjr.ac.in,8287010709
2601101499,Upasana Pradhan,Female,Civil Engineering,CE,1st Year,2026-2030,2026,2601101499@gcekjr.ac.in,9909238198
2601101500,Biswajit Mallick,Male,Civil Engineering,CE,1st Year,2026-2030,2026,2601101500@gcekjr.ac.in,7743427935
